0.2547	0.9275	2.8096	3.8005	3.0427	3.1845	5.7819	7.2363	5.2596	7.1148	8.8241	9.7020	9.1753	11.1674	12.7592	12.7043	12.5516	14.4995	16.3753	15.5802	16.2960	17.6635	17.8044	17.3478	18.4839	19.0620	18.7500	19.0745	19.8172	20.6792	20.4393	20.5784	21.2706	21.7532	21.8223	22.0618	22.8593	22.8764	23.2186	23.4027	23.9985	24.0836	23.8975	24.8487	24.8105	24.6733	25.0459	25.1909	25.2594	25.0630	25.4538	25.7786	25.4061	25.6213	26.1490	26.1208	25.8855	26.1733	26.5364	26.5201	26.5120	26.8784	27.0130	26.8032	27.0249	27.4385	27.3668	27.6366	27.2389	27.5798	27.1571	27.4550	27.8828	28.0852	28.3915	28.5935	28.9634	28.9517	28.9017	28.8723	28.8172	18.2912	19.8591	20.1573	18.6409	18.9137	20.2629	19.6102	18.4449	19.3877	20.5099	19.5066	19.2755	20.8280	20.7565	19.8222	20.5758	21.6466	20.7411	20.2372	21.6752	22.0797	20.3879	20.6824	22.1393	21.6663	20.2062	22.0357	22.8156	21.6402	21.7277	23.0340	23.0933	22.5774	22.9629	23.8854	23.8154	23.3490	23.9565	24.4599	24.3700	24.0983	24.7188	24.9637	24.6497	24.8276	25.1774	25.0775	24.8110	25.5054	25.5332	25.2427	25.3902	25.8777	25.7697	25.6065	25.9474	26.1264	25.9641	25.9589	26.8498	26.6420	26.2288	26.6605	27.1765	26.7835	26.7350	27.3837	27.4431	27.6412	27.5973	27.7882	27.6533	27.8247	28.1564	28.2081	28.3265	28.8114	28.7644	28.9139	29.0565	29.0180
0.4187	0.2518	0.4586	1.1288	1.2672	1.3855	1.4924	2.3041	2.3848	2.4918	2.9207	3.3860	3.8896	3.6273	4.5534	5.0799	5.0624	5.4615	6.5404	6.8118	6.7791	7.3413	8.0025	8.3812	8.0344	8.6108	9.1594	9.2386	9.0538	9.9855	10.4008	10.1615	10.2961	11.3402	11.6504	11.1957	12.0856	12.6422	12.6465	12.5847	13.3805	13.5474	13.2489	13.8566	14.3659	14.4384	14.3805	14.6979	15.2310	15.0834	15.3641	15.7637	15.8727	16.0116	16.4395	16.5507	16.7834	16.9901	17.3528	17.8270	17.6263	18.1068	18.4066	18.5948	18.3647	18.9271	19.1547	19.7300	18.9317	19.7615	19.3866	19.4883	20.0837	20.6485	21.5686	22.3091	22.9875	23.1229	23.2795	23.7704	24.0305	13.9392	13.4647	13.4664	12.5780	12.2467	12.6866	12.2661	11.3610	11.4008	11.8581	10.9406	10.2503	11.0730	11.0850	9.8884	10.0238	10.9562	10.3678	9.4023	10.1512	10.7884	9.7697	9.3827	10.5480	10.6555	9.4870	10.3231	11.4812	10.9911	10.6372	11.5758	12.2090	11.8214	11.8640	12.6877	12.7521	12.4857	12.8849	13.2221	13.3187	13.1897	13.6168	14.0503	14.0971	14.0735	14.8128	14.9599	15.0407	15.5248	16.0471	15.9217	16.2774	16.6360	16.6489	16.8055	17.1999	16.8850	17.1506	17.6381	17.9567	17.8589	18.2827	18.6158	18.6808	18.9034	19.1270	19.4305	20.0575	19.1719	19.9884	19.9493	19.5076	20.1925	21.1226	22.0570	22.4803	23.3840	23.3542	23.7230	24.2372	24.3086
1.0207	0.3234	0.2519	0.3991	0.8810	1.0406	1.0244	1.1303	1.7385	1.8086	1.6837	2.2717	2.7533	2.7287	2.7783	3.4223	3.7449	3.7602	4.0585	4.9308	5.0247	5.1444	5.7767	6.4290	6.3045	6.4559	7.1830	7.5764	7.2049	7.7077	8.4320	8.5120	8.0466	9.0553	9.5129	9.0633	9.5896	10.0317	10.3227	10.0115	10.6170	10.6746	10.7006	11.0312	11.4558	11.6257	11.8052	11.8591	12.3927	12.5226	12.7508	13.0200	13.2508	13.5995	13.8579	13.8904	14.3393	14.6397	14.8540	15.3555	15.5067	15.7736	15.9720	16.2441	16.3016	16.7637	17.0011	17.7660	16.8527	17.9602	17.6592	17.5656	18.0452	18.9198	19.7970	20.6643	21.4431	21.6903	21.8751	22.5429	22.8425	13.0074	12.3084	11.7839	11.5736	11.0235	11.2680	11.1670	10.3105	9.8941	10.3022	9.7790	8.9644	9.2606	9.3198	8.4259	8.3088	9.0133	8.2813	7.5125	8.1361	8.2295	7.4768	7.2775	8.1088	8.0522	7.4257	8.0754	8.7457	8.4139	8.6212	9.1160	9.4676	9.6204	9.7626	10.1092	10.2471	10.3589	10.6610	10.6558	10.7430	11.0194	11.2445	11.5409	11.6418	11.9754	12.4085	12.6375	12.9547	13.4872	13.9639	13.7382	14.2968	14.4697	14.5156	14.8040	15.0747	14.8775	14.9795	15.7041	16.0953	15.9512	16.5911	16.8803	16.9431	17.1491	17.5170	17.8357	18.4429	17.1403	18.0974	17.9983	17.5985	18.2792	19.1601	20.2820	21.0124	21.8020	21.8032	22.1075	22.8246	22.9946
1.1860	0.7344	0.3015	0.2518	0.3427	0.7496	0.8532	0.8127	1.0194	1.3890	1.4467	1.4450	1.9252	2.1962	2.1887	2.4108	2.8592	3.0702	3.0771	3.6719	4.0318	4.2340	4.5704	5.1068	5.2173	5.5101	5.6784	6.1565	6.0526	6.4144	6.9248	7.1735	7.0555	7.8049	8.2258	7.9699	8.4064	8.8652	9.0358	9.0352	9.5529	9.6638	9.4570	10.1088	10.4721	10.4288	10.6623	10.9738	11.4367	11.2856	11.8721	12.2155	12.3215	12.6771	12.9897	13.0273	13.3361	13.9330	14.0621	14.5341	14.6688	15.1628	15.3121	15.4980	15.6948	16.4398	16.4647	17.2919	16.1813	17.2431	16.9056	16.9749	17.4602	18.4561	19.4233	20.3522	21.1476	21.2894	21.4230	22.0716	22.4395	12.4132	11.8726	11.8884	10.6374	10.9424	10.9867	10.7081	9.9845	9.7580	9.8970	9.3917	8.7479	9.1939	8.9430	8.1768	8.2743	8.7344	7.8341	7.2541	7.9613	7.8977	6.9439	6.9979	7.8870	7.4799	6.7774	7.8121	8.3734	7.6417	8.0384	8.6999	8.8559	8.8146	9.1676	9.5894	9.5272	9.5838	10.0435	10.0377	9.9058	10.2132	10.6679	10.7291	10.7329	11.2266	11.7852	11.7162	11.9367	12.7466	13.0880	12.5959	13.3298	13.5713	13.4952	13.7701	14.3451	14.1658	14.1028	14.8658	15.5306	15.0043	15.5152	16.1271	16.3837	16.0598	16.2029	16.8967	17.5449	16.6654	17.3248	17.4377	16.9929	17.4999	18.5131	19.6206	20.4582	21.3411	21.2590	21.6284	22.2796	22.5205
1.2614	0.8226	0.6670	0.2970	0.2520	0.3361	0.7078	0.7790	0.7892	0.9720	1.2756	1.4822	1.4142	1.8087	2.1355	2.3217	2.3675	2.8202	3.0331	3.2329	3.5034	4.0678	4.2655	4.4814	4.8848	5.3506	5.5276	5.6226	5.8453	6.2895	6.5208	6.6803	6.8575	7.5570	7.7366	7.5542	8.3308	8.5995	8.5597	8.7249	9.3849	9.3430	9.0557	9.8365	10.2519	10.1474	10.3492	10.7318	11.1916	10.9782	11.6281	11.9902	12.0873	12.2750	12.7036	12.8499	13.0529	13.6385	13.8524	14.3027	14.2972	15.0128	15.0919	15.3367	15.5128	16.1190	16.0760	16.8523	16.0602	17.0450	16.5684	16.6189	17.3564	18.1832	19.2240	20.1381	20.8345	20.9143	21.1848	21.8088	22.3398	12.5884	12.0510	11.8161	11.3838	10.2747	10.9437	10.5801	9.8445	9.7228	10.0204	9.3432	8.7910	9.1545	8.9507	8.1326	8.2330	8.6000	7.8820	7.2617	7.8660	7.9289	7.0702	6.7883	7.8192	7.6009	6.6140	7.5426	8.3428	7.5971	7.6409	8.5377	8.7349	8.5376	8.8759	9.4832	9.2787	9.2197	9.7575	9.6851	9.5301	9.8773	10.2830	10.3103	10.2419	10.8306	11.4607	11.3041	11.5372	12.3875	12.7487	12.1474	12.9265	13.2586	13.3118	13.2899	13.9838	13.9457	13.8326	14.4434	15.1434	14.6870	14.9854	15.7950	16.0593	15.8768	15.9162	16.6708	17.1834	16.4343	17.1870	17.3580	16.9040	17.4603	18.4386	19.4607	20.1724	21.2026	21.2017	21.6315	22.3693	22.6902
1.3644	0.8490	0.7548	0.5986	0.2868	0.2523	0.3260	0.6426	0.7723	0.7355	0.8830	1.2896	1.4243	1.2977	1.7232	2.1569	2.1062	2.2341	2.5850	2.9117	2.8486	3.3546	3.8212	4.0052	4.0519	4.7400	5.1059	5.0774	5.1137	5.7120	6.0903	5.9806	6.2003	6.9384	7.2157	6.8443	7.6208	7.9087	7.8918	7.8637	8.5633	8.5493	8.2761	8.8272	9.2635	9.2666	9.3138	9.6368	10.1898	10.0219	10.4078	10.8551	11.0377	11.0443	11.5580	11.7434	12.0147	12.4057	12.6509	13.2091	12.9990	13.7701	13.7967	14.1849	14.0988	14.7178	14.7608	15.4963	14.7106	15.6306	15.1921	15.3495	15.9176	16.7301	17.8474	18.9367	19.6911	19.9297	20.3351	21.1563	21.6905	12.3408	11.5138	11.3513	10.7726	10.3525	9.9004	10.2042	9.6370	9.2335	9.2783	9.0675	8.4092	8.4475	8.3580	7.5411	7.4013	7.7936	7.1253	6.4351	6.7802	6.8790	6.1744	5.7367	6.5363	6.4963	5.5767	6.1940	7.0007	6.4080	6.4246	7.0998	7.5282	7.3920	7.5246	8.1076	8.1933	7.9013	8.3904	8.6811	8.4812	8.5426	9.0172	9.4635	9.1689	9.5811	10.2640	10.4297	10.5401	11.1782	11.9164	11.2866	11.9222	12.2915	12.4629	12.2514	12.9566	13.0474	12.7903	13.3964	13.9907	13.8259	14.0709	14.8244	15.0124	14.9901	15.2971	15.7609	16.2020	15.3979	16.0290	16.0928	15.8335	16.3255	17.3081	18.5298	19.3712	20.3881	20.3718	20.7566	21.5797	21.9275
1.4772	1.0007	0.7877	0.6305	0.5324	0.2774	0.2525	0.2992	0.5577	0.6247	0.6175	0.8209	1.0839	1.1533	1.1807	1.5772	1.7843	1.8798	2.0143	2.3810	2.4703	2.6314	2.9858	3.4106	3.3617	3.8792	4.2289	4.3964	4.4771	4.8251	5.2660	5.3494	5.3147	5.9720	6.3517	6.1155	6.5194	6.9773	7.1010	6.8889	7.5050	7.5764	7.3331	7.8028	8.2009	8.1897	8.2547	8.6254	9.1202	8.9439	9.4278	9.7912	9.9558	10.1592	10.5224	10.7433	11.2056	11.5682	11.6377	12.2466	12.4917	12.7979	12.8683	13.2890	13.2493	13.9103	14.0355	14.7390	13.9782	14.8120	14.5672	14.7841	15.2147	16.3328	17.4874	18.5237	19.3404	19.5756	19.9186	20.7156	21.1999	12.2555	11.6474	11.2214	10.8119	10.2263	10.1385	9.1370	9.4362	9.0458	9.1187	8.9577	8.3137	8.2644	8.0192	7.6791	7.2485	7.5913	6.8025	6.3495	6.5769	6.5370	5.6861	5.5502	6.2509	5.8574	5.3175	6.0770	6.4122	5.9221	6.2509	6.6503	6.7668	6.9711	7.1908	7.4351	7.4599	7.5321	7.8806	7.8713	7.7353	8.0387	8.4045	8.6274	8.4909	9.0176	9.5728	9.7079	9.8030	10.5194	11.1354	10.4514	11.1577	11.5497	11.6636	11.6063	12.2159	12.4873	11.9675	12.7074	13.4341	13.2074	13.3824	14.0467	14.5767	14.2970	14.4679	15.1100	15.6127	15.0568	15.5081	15.6534	15.4041	15.8115	16.7860	18.0263	19.0612	19.9994	19.9787	20.3896	21.1356	21.5591
1.6361	1.2135	0.9754	0.7003	0.5902	0.5098	0.2762	0.2521	0.2969	0.5629	0.6172	0.6800	0.7919	1.0252	1.1860	1.2358	1.5411	1.8332	1.8702	2.1063	2.3107	2.5725	2.7155	3.0530	3.3604	3.6924	3.9389	4.1996	4.3721	4.7173	4.9452	5.1438	5.1586	5.6555	6.0274	5.9067	6.3961	6.7637	6.9027	6.8813	7.4189	7.4981	7.2306	7.9106	8.2717	8.2022	8.2639	8.7167	9.1605	8.8660	9.4893	9.9050	9.8648	10.0535	10.5448	10.7173	10.9855	11.5325	11.5626	11.9744	12.1705	12.6188	12.6781	13.1057	13.1671	13.8081	13.9249	14.6033	14.0890	14.9056	14.4953	14.5232	15.2194	16.2984	17.5051	18.6151	19.3312	19.5381	19.8293	20.6222	21.1096	12.0041	11.4109	11.2331	10.6621	10.0300	10.0379	9.8519	8.8533	8.9727	8.9353	8.8793	8.1148	8.2109	7.9818	7.5590	7.1968	7.4141	6.5880	6.1383	6.5443	6.4299	5.5955	5.5017	6.3863	6.0491	5.2608	6.1203	6.6642	5.9414	6.1205	6.7623	6.9492	6.8335	7.1833	7.5848	7.5289	7.5641	7.9671	7.9714	7.8157	8.1636	8.5160	8.6111	8.5958	9.0887	9.5676	9.5522	9.7636	10.5326	10.9138	10.3120	11.1231	11.4089	11.5131	11.4202	12.0760	12.5307	11.9501	12.5024	13.2724	13.1851	13.1985	13.9595	14.4329	14.1976	14.1040	14.7594	15.2963	15.1008	15.4805	15.7544	15.2201	15.6300	16.6334	17.8261	18.8922	19.7742	19.7502	20.2504	21.0027	21.4143
1.6770	1.2506	1.1614	0.8490	0.6558	0.6126	0.4882	0.2741	0.2527	0.2973	0.5356	0.6159	0.6199	0.7556	1.0025	1.1419	1.1674	1.4826	1.7625	1.9303	2.0141	2.3904	2.5626	2.6662	2.9344	3.4616	3.6013	3.6740	4.0919	4.4936	4.6899	4.6822	4.9367	5.3750	5.5406	5.5094	6.1446	6.4700	6.4184	6.5406	7.1072	7.1167	6.8360	7.5054	7.8676	7.8080	7.8564	8.2676	8.7123	8.4336	8.9915	9.4593	9.5075	9.4830	10.1133	10.3648	10.4515	10.9657	11.1537	11.7362	11.7109	12.1965	12.3978	12.7140	12.7617	13.3628	13.3622	14.0707	13.4486	14.3119	13.8880	14.0844	14.6930	15.7035	16.8787	18.0632	18.7772	18.9870	19.3924	20.2772	21.0319	11.7908	11.0208	10.9535	10.1782	9.7303	9.6893	9.5170	8.8973	8.2806	8.5699	8.3847	7.8080	7.8919	7.7488	7.1203	6.9253	7.0351	6.2998	5.8283	6.1593	6.0486	5.3437	5.0540	5.7723	5.5911	4.8464	5.4801	6.1046	5.6285	5.5980	6.3830	6.5746	6.4151	6.7129	7.3344	7.1381	7.0275	7.5688	7.6188	7.4229	7.6495	8.0809	8.1899	8.0843	8.5669	9.2502	9.1075	9.3074	10.0047	10.5889	9.8960	10.6006	11.0987	11.2187	10.9626	11.7246	11.9605	11.5278	12.0887	12.7867	12.3968	12.6257	13.4295	13.6492	13.4859	13.7301	14.3431	14.7410	14.1826	14.7813	14.9917	14.7639	15.1346	16.1363	17.3007	18.3026	19.2847	19.3328	19.8282	20.6988	21.3225
1.8839	1.3955	1.2372	1.0613	0.8235	0.6360	0.5617	0.4822	0.2714	0.2526	0.3048	0.5566	0.6534	0.5917	0.7909	1.0492	1.1754	1.2073	1.5458	1.8827	1.8124	2.0767	2.4200	2.5696	2.6084	3.1175	3.4530	3.4339	3.6872	4.2071	4.5422	4.4872	4.6272	5.1460	5.3988	5.2433	5.7536	6.1385	6.1673	6.1142	6.6789	6.7101	6.5212	6.9403	7.2845	7.3211	7.3260	7.6611	8.1460	7.9897	8.3973	8.8306	8.9779	9.0595	9.5652	9.8491	10.0942	10.5145	10.6203	11.2705	11.2918	11.5998	11.7294	12.2000	12.1573	12.6650	12.8420	13.5669	13.0815	13.7603	13.5179	13.6414	14.1057	15.1436	16.2983	17.4516	18.2752	18.5965	19.0377	20.0111	20.6656	11.8983	11.2786	10.8610	10.2841	9.9808	9.5654	9.4819	9.1000	8.6695	7.9864	8.4064	7.9308	7.8526	7.6551	7.2767	6.8985	7.0753	6.4084	5.8383	6.0548	6.0433	5.2751	4.8804	5.5119	5.3006	4.5261	5.1552	5.5753	5.1794	5.3206	5.7629	5.9288	6.0671	6.1698	6.5475	6.5012	6.5227	6.8502	6.9697	6.8054	7.0214	7.3883	7.6595	7.5168	7.9993	8.5340	8.5708	8.8000	9.3553	10.0365	9.3715	10.1420	10.4603	10.5911	10.3617	11.1296	11.3808	10.9109	11.5659	12.4042	12.1083	12.2160	13.0736	13.3192	13.2451	13.5630	14.2074	14.4974	14.2548	14.4128	14.3362	14.2895	14.5864	15.7425	16.9634	18.0763	18.9875	19.0645	19.4652	20.3876	20.9887
1.9692	1.6038	1.3506	1.1288	0.9741	0.7545	0.5883	0.5331	0.4560	0.2714	0.2522	0.2915	0.6124	0.5694	0.5999	0.7591	1.0331	1.2036	1.2248	1.5557	1.7837	1.9819	1.9970	2.2995	2.4555	2.7555	2.9440	3.2144	3.3919	3.6838	4.0480	4.2690	4.2890	4.6461	5.0932	4.9246	5.2602	5.7802	5.8811	5.7774	6.3182	6.4404	6.1922	6.7268	7.1086	7.1005	7.1003	7.5365	7.9316	7.7080	8.3084	8.6746	8.6260	8.8084	9.3652	9.4991	9.7698	10.3147	10.3121	10.6677	11.0074	11.3730	11.4310	11.5439	11.8836	12.5071	12.4630	13.0573	12.5382	13.5420	13.3267	13.3994	14.0307	15.1809	16.3218	17.4138	18.2508	18.4921	19.0298	19.9672	20.6144	11.8366	11.2283	10.9741	10.1368	9.8661	9.6658	9.2124	8.9772	8.6217	8.2745	7.8343	7.8970	7.7981	7.2585	7.2645	6.9572	6.7717	5.9208	5.9450	5.9329	5.6951	5.0236	4.8912	5.3866	4.8389	4.5265	5.2734	5.5293	5.1361	5.3646	5.8619	5.9063	6.1138	6.2352	6.5899	6.5154	6.5986	6.9609	7.0258	6.8128	7.1376	7.4596	7.6165	7.5069	8.0175	8.5740	8.5341	8.7304	9.4353	9.8617	9.3858	10.0535	10.3642	10.2846	10.3803	10.9918	11.1036	10.5816	11.4079	12.0830	11.6513	12.2268	12.9559	13.1012	12.8838	13.3072	13.7904	14.0899	14.0624	14.0957	14.2145	13.9773	14.5482	15.9061	17.2958	18.3706	19.0623	18.9745	19.6990	20.4558	21.0562
2.1084	1.7802	1.6497	1.2760	1.0895	1.0193	0.7882	0.6203	0.5638	0.4862	0.2721	0.2525	0.2831	0.5200	0.5696	0.5786	0.7611	1.0709	1.1929	1.2482	1.5417	1.8672	1.9058	2.0165	2.4136	2.6758	2.6875	2.9341	3.3176	3.5528	3.7699	4.0981	4.3277	4.5460	4.7164	4.8269	5.2591	5.4714	5.6633	5.6952	6.1476	6.2300	6.0442	6.6079	6.9048	6.8965	7.0146	7.4141	7.7259	7.6315	8.1531	8.5776	8.5716	8.7118	9.2088	9.4447	9.5709	10.0369	10.2128	10.5993	10.6589	11.1163	11.3103	11.6210	11.7435	12.3985	12.3881	13.1044	12.8291	13.6173	13.4026	13.4634	14.0585	15.1484	16.3391	17.5502	18.1981	18.4688	18.9565	19.9446	20.6501	11.5761	10.8317	10.6993	9.7699	9.4484	9.3872	9.0374	8.5719	8.3541	8.2135	7.7169	7.1280	7.5073	7.3988	6.8120	6.5716	6.6831	6.1373	5.7239	5.8373	5.6554	5.1127	4.7762	5.4164	4.9462	4.4370	5.0623	5.6195	5.1468	5.0930	5.8149	5.9775	5.8955	6.0953	6.6325	6.4256	6.4391	6.9246	6.9804	6.7575	7.1550	7.4521	7.4994	7.4235	7.9452	8.4642	8.3311	8.6278	9.3579	9.7890	9.1718	9.9737	10.2909	10.4256	10.2714	11.0394	11.4570	10.7884	11.3236	12.1044	11.9782	11.8362	12.7006	13.2406	12.7075	12.8494	13.4566	13.8800	13.8904	14.0381	14.3364	14.2540	14.5042	15.5164	16.6715	17.8271	18.6367	18.6609	19.3121	20.2526	20.9099
2.1248	1.7662	1.6826	1.4372	1.1488	1.0071	0.9087	0.7017	0.5408	0.5322	0.4650	0.2675	0.2525	0.2892	0.4978	0.5514	0.5865	0.7530	0.9953	1.1741	1.1785	1.5571	1.8053	1.8289	2.0693	2.4381	2.5402	2.6192	2.9680	3.4145	3.5141	3.7071	4.0293	4.3671	4.4688	4.4176	4.9589	5.2635	5.2069	5.3321	5.9535	5.9335	5.6537	6.2776	6.6284	6.5424	6.5933	7.0202	7.3707	7.1534	7.6944	8.0675	8.0592	8.1521	8.6703	8.9261	9.0612	9.4739	9.5987	10.1542	10.0977	10.5635	10.7641	11.0967	11.0914	11.7065	11.7430	12.3548	11.9890	12.6938	12.5038	12.7521	13.2320	14.4395	15.5523	16.7498	17.5447	17.9400	18.5186	19.6002	20.3998	11.3734	10.7234	10.4814	9.6621	9.4697	9.2500	8.9042	8.3981	8.2423	7.9505	7.7442	7.2728	6.9644	7.0572	6.5847	6.3573	6.4160	5.8442	5.2346	5.5235	5.2793	4.5210	4.4355	4.9115	4.4660	3.9730	4.4468	4.9375	4.5472	4.5373	5.1128	5.3695	5.2884	5.4458	6.0299	5.8238	5.7571	6.3194	6.4134	6.1712	6.4469	6.8316	7.0046	6.8511	7.3881	7.9655	7.8421	8.1693	8.8040	9.3043	8.7818	9.4397	9.8371	9.9414	9.7453	10.4466	10.7131	10.2133	10.7632	11.5212	11.2629	11.3447	12.0873	12.4095	12.2960	12.5949	13.1208	13.4166	13.3892	13.5282	13.6531	13.5923	13.9430	14.9981	16.2843	17.3154	18.2014	18.3226	18.9528	19.8985	20.6515
2.3210	1.9039	1.7744	1.5770	1.3860	1.0983	0.9573	0.8665	0.6692	0.5649	0.5309	0.4547	0.2654	0.2521	0.2781	0.5058	0.5438	0.5786	0.7112	1.0039	1.1016	1.2029	1.4630	1.6875	1.7913	1.9731	2.2289	2.3520	2.4852	2.7727	3.1462	3.2224	3.4238	3.7246	4.1471	4.0088	4.2394	4.7901	4.8021	4.6578	5.3420	5.4478	5.2309	5.5663	6.0283	6.0428	5.9658	6.4301	6.8694	6.6320	6.9821	7.4665	7.5620	7.6203	8.0522	8.3425	8.6132	8.8761	8.9882	9.4469	9.6215	9.9440	10.0550	10.2239	10.5263	11.0768	11.1748	11.7906	11.3675	12.2459	12.1887	12.3474	12.7997	13.9901	15.1360	16.3758	17.2727	17.6338	18.2428	19.3657	20.1375	11.5630	11.1059	10.6710	9.8648	9.7754	9.4779	8.8409	8.5157	8.2921	7.8939	7.9499	7.2674	7.0597	6.4285	6.4693	6.2499	5.9995	5.7856	5.3356	5.2795	4.8423	4.5305	4.1653	4.6134	4.0602	3.7435	4.2444	4.4119	4.1009	4.3536	4.6899	4.7425	4.9889	5.0690	5.2578	5.3224	5.3209	5.5825	5.7028	5.6313	5.8198	6.1423	6.5158	6.3172	6.7752	7.3174	7.3816	7.6325	8.1983	8.7814	8.2003	8.9141	9.1439	9.2292	9.1217	9.7520	10.1405	9.5271	10.0976	10.9771	10.6226	10.8595	11.6672	11.6103	11.7349	12.4062	12.7645	13.0866	13.0730	13.1298	13.2021	13.0393	13.5678	14.8581	16.3665	17.4489	18.1880	18.1733	18.8537	19.7088	20.5284
2.4947	2.1026	1.8968	1.6571	1.5124	1.3240	1.0523	0.9339	0.8435	0.6720	0.5635	0.5244	0.4311	0.2643	0.2520	0.2770	0.4839	0.5320	0.5496	0.7225	0.9680	1.1749	1.1682	1.4323	1.6985	1.8505	1.9109	2.1984	2.3891	2.4192	2.7197	3.0496	3.1587	3.2777	3.7458	3.8232	4.0178	4.3423	4.6072	4.4311	4.9558	5.1623	4.9274	5.3528	5.7995	5.8334	5.7669	6.2732	6.6724	6.4694	6.9064	7.3059	7.3429	7.3694	7.8364	8.1379	8.1753	8.6004	8.8070	9.0198	9.1457	9.6920	9.8564	9.9003	10.2641	10.8455	10.7765	11.3755	11.1606	12.1210	12.0847	12.1927	12.6962	13.9442	15.1309	16.3988	17.1764	17.4866	18.1305	19.2349	20.1388	11.1670	10.7455	10.5757	9.5436	9.3724	9.1307	8.4788	7.8601	7.8502	7.5826	7.2152	6.7183	6.9042	6.6198	5.7524	5.9659	6.0704	5.6469	5.2451	5.2544	5.0659	4.5544	4.2716	4.5948	4.0310	3.8153	4.2177	4.4240	4.0958	4.1578	4.7454	4.8994	4.9334	4.9246	5.4326	5.4986	5.2923	5.7153	5.7976	5.7114	5.8891	6.2808	6.5309	6.3430	6.8294	7.4397	7.3521	7.6060	8.2677	8.7282	8.1676	8.9017	9.0840	9.1312	9.1811	9.7883	10.2436	9.5834	10.0935	10.8441	10.5846	10.8811	11.5352	11.4351	11.5063	12.0646	12.4004	12.7183	12.8022	12.8944	13.0852	13.2593	13.7188	14.9001	16.3192	17.3491	18.0564	17.9148	18.7669	19.6286	20.5715
2.6243	2.2753	2.1315	1.7817	1.6056	1.5302	1.3147	1.0378	0.9567	0.9239	0.7099	0.5457	0.5394	0.4627	0.2723	0.2523	0.2885	0.5508	0.5504	0.5925	0.7582	1.1483	1.1874	1.1785	1.5756	1.8982	1.8370	1.9728	2.3252	2.4108	2.5279	2.8100	3.1884	3.2511	3.4744	3.7189	4.1068	4.3256	4.3870	4.5055	4.9771	4.9928	4.8393	5.3774	5.6861	5.6713	5.7664	6.1657	6.5147	6.3842	6.8528	7.2029	7.2609	7.3784	7.8073	8.0372	8.1738	8.5783	8.7592	9.1283	9.0488	9.6130	9.8443	9.9182	10.2172	10.8616	10.8219	11.3516	11.1606	11.7444	11.6109	11.9113	12.3351	13.5474	14.7935	16.0505	16.8074	17.1913	17.8057	19.0150	19.8414	10.8996	10.4358	10.1083	9.2345	9.0070	8.8501	8.2457	7.8303	7.7335	7.5569	7.2029	6.8509	6.6871	6.5628	6.0308	5.7571	5.8224	5.4695	5.2851	5.1210	4.9067	4.2990	4.1387	4.5936	4.1408	3.7575	4.2146	4.4547	4.0921	4.1437	4.7019	4.9599	4.7579	4.8763	5.5281	5.2988	5.1202	5.8006	5.7683	5.4881	5.9295	6.2528	6.2395	6.0796	6.7183	7.2124	6.9772	7.3891	8.0369	8.4499	7.8943	8.6259	9.0068	9.1876	8.9762	9.6807	10.1244	9.4146	9.8537	10.4710	10.3586	10.3045	11.0352	11.3205	11.0353	11.4446	11.9330	12.3718	12.7012	12.4866	12.8216	13.1142	13.2040	14.2018	15.4174	16.6032	17.3609	17.4189	18.2477	19.2593	20.1647
2.8035	2.3585	2.2858	2.0222	1.7631	1.5809	1.4833	1.2579	1.0528	0.9586	0.8733	0.6783	0.5346	0.4985	0.4334	0.2626	0.2521	0.2951	0.4888	0.5418	0.5514	0.7967	1.0502	1.1111	1.1950	1.6281	1.8182	1.7908	2.0011	2.3478	2.5245	2.5517	2.9177	3.1920	3.3043	3.4848	3.7844	4.1555	4.1149	4.1684	4.7397	4.8067	4.6059	5.0610	5.4823	5.4966	5.3844	5.7910	6.2385	6.0812	6.4038	6.7992	6.9552	6.9715	7.3172	7.6842	7.8678	8.1145	8.1875	8.7754	8.7657	9.1780	9.3042	9.5605	9.8440	10.1626	10.1761	10.8164	10.6722	11.2860	11.2568	11.4425	11.8351	13.0698	14.2483	15.5030	16.3467	16.8240	17.5137	18.7779	19.7009	11.1112	10.6263	10.2846	9.5113	9.1869	8.9823	8.5356	7.9533	7.8412	7.4686	7.4618	7.0070	6.6563	6.4182	5.8579	5.8307	5.3404	5.1616	4.7595	4.8394	4.3813	3.9564	3.7676	4.2033	3.7612	3.2575	3.6841	3.9515	3.6502	3.6197	4.0380	4.2553	4.2135	4.3729	4.6874	4.7424	4.6583	4.9412	5.1973	4.8824	5.1287	5.5038	5.8519	5.4915	6.0678	6.5984	6.6081	6.8877	7.4693	8.0374	7.6135	8.2024	8.4876	8.5892	8.4414	9.0921	9.6492	9.0533	9.3910	10.3158	10.2862	10.1309	10.7204	11.0623	10.9737	11.2686	11.7828	12.1404	12.3723	12.2439	12.4814	12.5553	12.8920	13.9452	15.3647	16.4983	17.2857	17.3620	18.0827	19.1600	20.0202
3.1850	2.6644	2.5620	2.2460	1.9978	1.7371	1.6465	1.4987	1.3198	1.1022	0.9883	0.9079	0.6884	0.5631	0.4962	0.4301	0.2674	0.2521	0.2851	0.5291	0.5526	0.6603	0.8116	1.0486	1.2032	1.3283	1.6055	1.7437	1.8816	2.0869	2.3835	2.4563	2.5320	2.8470	3.2121	3.2467	3.3996	3.8967	4.0572	3.8528	4.4040	4.7044	4.3690	4.7358	5.2439	5.2277	5.1178	5.6034	6.0448	5.7685	6.2211	6.5330	6.5934	6.6974	7.0903	7.3411	7.2722	7.9042	7.9612	8.0178	7.9487	8.7264	8.7256	8.7430	9.2141	9.7706	9.7837	10.2562	10.1267	11.0330	11.2165	11.4074	11.8869	13.0981	14.1967	15.5028	16.5165	16.9679	17.6374	18.9801	19.8551	10.9318	10.5843	10.3029	9.4762	9.2849	9.1963	8.7697	8.0597	7.9163	7.9406	7.1487	6.9407	6.6242	6.1755	5.6938	5.7092	5.6390	5.0583	4.6822	4.9694	4.5459	4.4374	3.5818	4.1564	3.7430	3.1743	3.6436	3.7868	3.6306	3.5963	3.9503	4.1708	4.1976	4.2845	4.5340	4.6792	4.5283	4.8686	5.1194	4.8335	5.0903	5.4764	5.7552	5.5016	6.0474	6.5796	6.5421	6.8617	7.3960	8.0649	7.6610	8.2438	8.2502	8.5435	8.6131	9.1392	9.3976	9.0620	9.5173	10.1944	10.0085	10.3187	11.1040	11.0029	11.0991	11.7195	12.3797	12.8854	12.2608	13.1208	13.0531	13.0668	13.5025	14.3680	15.9899	16.9665	17.5548	17.6066	18.4344	19.4829	20.2454
3.2720	2.8028	2.6267	2.3301	2.1462	1.9539	1.7102	1.4999	1.4630	1.2977	1.0689	0.9445	0.8856	0.7008	0.5546	0.4678	0.4210	0.2726	0.2527	0.2768	0.4588	0.6121	0.5371	0.7045	1.0748	1.1914	1.1692	1.4520	1.8153	1.8015	1.9637	2.2231	2.3729	2.4061	2.7225	3.0085	3.1567	3.3695	3.7446	3.7296	4.0000	4.1475	4.2244	4.5045	4.7506	4.9584	5.0067	5.3376	5.6741	5.6473	6.0557	6.3355	6.4617	6.4462	6.8064	7.0386	7.1319	7.5540	7.6525	8.0180	8.0506	8.4672	8.6721	8.7629	9.2341	9.5401	9.7029	10.3101	10.1788	11.1430	11.1243	11.0491	11.5993	12.9537	14.2576	15.5479	16.3670	16.7187	17.3347	18.6752	19.5742	10.4785	9.9942	9.9377	9.0058	8.6472	8.5024	7.9580	7.2655	7.2354	6.9896	6.5224	6.0933	6.1876	5.9599	5.3260	5.2910	5.2282	4.7802	4.3092	4.4940	4.4412	4.0252	3.5038	4.0086	3.6987	3.2983	3.5794	3.7286	3.6760	3.4594	3.9455	4.0853	4.1507	4.2053	4.5677	4.6270	4.4466	4.9431	5.0453	4.8386	5.1336	5.5293	5.4795	5.4440	5.9887	6.3877	6.1650	6.7439	7.2809	7.5365	7.2293	7.9741	8.0082	8.1068	8.2514	8.8055	9.1406	8.5033	9.1120	9.4444	9.4850	9.3011	10.3367	10.2190	10.3704	10.8125	11.4506	11.8213	11.6487	12.0585	12.3315	12.5050	12.6483	13.7070	15.0902	16.3795	17.1070	17.0665	18.0534	19.1525	20.0210
3.3459	2.9216	2.7670	2.4642	2.1557	2.0097	1.8668	1.5930	1.4776	1.4290	1.2436	0.9872	0.9055	0.8874	0.7080	0.5051	0.4776	0.4417	0.2696	0.2522	0.2775	0.4866	0.5102	0.4976	0.7400	1.0832	1.0154	1.0769	1.4749	1.6445	1.7216	1.8666	2.0972	2.2261	2.2926	2.6109	2.9644	3.1266	3.1740	3.3652	3.7952	3.8376	3.7120	4.1395	4.5572	4.5270	4.5828	4.9896	5.3543	5.1155	5.5031	5.8798	5.8910	5.9207	6.2621	6.5481	6.5925	6.9356	7.0763	7.5599	7.4793	7.8789	8.1158	8.2565	8.4877	8.9008	9.1179	9.5472	9.5384	10.0924	10.1792	10.4031	10.6552	11.9849	13.1988	14.6270	15.4601	15.9662	16.6877	18.1618	19.1391	10.2374	9.6496	9.4193	8.7209	8.4690	8.2160	7.7617	7.2101	7.0589	6.9086	6.5762	6.3520	5.9945	5.8596	5.3026	5.2342	5.0388	4.4936	4.3868	4.2805	4.1798	3.6988	3.5323	3.7552	3.2994	3.0507	3.4157	3.4661	3.2911	3.1200	3.5159	3.7924	3.6069	3.7237	4.1019	4.0877	3.8481	4.3410	4.4726	4.0557	4.3895	4.8307	4.7837	4.5632	5.2951	5.6794	5.3127	5.8619	6.4769	6.8289	6.4461	7.1144	7.4182	7.4975	7.4835	8.0541	8.5249	7.9342	8.3435	8.7959	8.9753	8.7983	9.4304	9.6794	9.5297	10.1084	10.6076	10.8947	11.3564	11.3030	11.6082	11.8372	11.9369	12.9992	14.3412	15.5836	16.3558	16.4854	17.3352	18.5898	19.5412
3.6125	3.1106	3.0174	2.6873	2.4423	2.1781	2.0675	1.8640	1.6269	1.4908	1.4150	1.2301	1.0095	0.9307	0.8785	0.6565	0.5262	0.5124	0.4302	0.2614	0.2523	0.2860	0.4856	0.4927	0.5328	0.7811	0.9729	1.0325	1.1467	1.4490	1.6295	1.6870	1.8088	2.1141	2.1938	2.3864	2.5444	2.8591	2.9979	3.0435	3.3972	3.5938	3.5924	3.7789	4.1584	4.2819	4.3007	4.6574	4.9868	4.9563	5.1732	5.5111	5.6923	5.7176	5.9689	6.3086	6.3987	6.7268	6.7470	7.2653	7.4649	7.7073	7.7526	7.9138	8.4416	8.5798	8.7112	9.3582	9.1189	9.9423	10.0382	10.1516	10.4959	11.7687	13.0469	14.4455	15.4138	15.9035	16.6090	18.1283	19.1668	10.6129	10.0194	9.7247	9.1267	8.8258	8.5448	8.0203	7.6250	7.3882	7.1018	6.9372	6.5005	6.0712	5.6930	5.5655	5.4511	4.8450	4.9619	4.3025	4.2130	3.9038	3.6548	3.1026	3.4392	3.1213	2.5547	3.1473	3.0912	3.0711	3.0112	3.1565	3.3606	3.2577	3.3811	3.5514	3.7030	3.6311	3.9314	4.0831	3.8454	4.1559	4.4502	4.5048	4.3349	4.8888	5.3128	5.2153	5.5109	6.0811	6.8006	6.2108	6.8779	7.0248	7.1955	7.0853	7.6394	7.9977	7.6428	7.9533	8.7658	8.7497	8.7821	9.4265	9.1649	9.5316	10.1085	10.6675	10.9139	10.9465	11.1863	11.3428	11.6246	11.8014	13.0421	14.4301	15.6301	16.4239	16.4624	17.3576	18.5820	19.5513
3.8712	3.3326	3.2720	3.0467	2.6948	2.4352	2.2884	2.0985	1.8972	1.7005	1.5439	1.4065	1.2577	1.0543	0.9458	0.8396	0.6454	0.5782	0.5080	0.3862	0.2638	0.2519	0.2762	0.4011	0.4552	0.4834	0.6403	0.8316	0.9659	0.9915	1.2700	1.4321	1.4226	1.6979	1.9036	1.9864	2.0424	2.3194	2.5728	2.5703	2.7862	3.0646	3.1007	3.2359	3.5084	3.7711	3.7720	4.0634	4.3948	4.4228	4.7677	4.8515	5.0270	5.0128	5.2874	5.4700	5.6789	5.9599	5.9611	6.4248	6.4787	6.8346	6.8010	7.0003	7.6411	7.6565	7.7315	8.4108	8.4329	9.3944	9.5891	9.5764	10.0089	11.4278	12.5975	14.0972	15.1150	15.5826	16.2100	17.7746	18.7862	9.7812	9.3067	8.9770	8.3652	8.1081	7.9093	7.4000	6.9352	6.6873	6.4711	6.1850	5.9022	5.6960	5.3350	4.9402	4.9825	4.8845	4.3039	4.1833	4.0707	3.7060	3.4427	3.1746	3.0996	2.9720	2.8456	2.8754	3.0289	2.3413	2.9917	3.1850	3.1486	3.2578	3.2217	3.2234	3.3641	3.2808	3.6432	3.6771	3.6282	3.8577	4.1034	4.1626	4.1324	4.6076	4.9446	4.9053	5.1753	5.6927	6.1533	5.9832	6.6295	6.5005	6.5745	6.8903	7.2259	7.3881	7.1760	7.6270	8.7726	8.3172	8.3041	9.1257	9.1761	8.8739	9.7096	10.0116	10.4347	10.3795	10.7001	11.1252	11.2652	11.5249	12.7464	14.1794	15.4580	16.1278	16.1681	17.0700	18.3677	19.2836
4.0023	3.5768	3.4226	3.1460	2.8249	2.5890	2.4442	2.1616	1.9515	1.8793	1.6800	1.4773	1.3809	1.2674	1.0420	0.8918	0.8379	0.7480	0.5166	0.4402	0.3913	0.2632	0.2520	0.2646	0.4145	0.4439	0.4491	0.5687	0.8194	0.8473	0.9262	1.1586	1.2690	1.3800	1.4943	1.6920	1.8392	1.9944	2.1369	2.3206	2.5280	2.6765	2.6990	2.9332	3.2464	3.2577	3.3784	3.6473	3.9993	3.9488	4.2965	4.5611	4.6761	4.6806	4.9810	5.2304	5.3681	5.5443	5.6630	6.0446	5.9046	6.3909	6.5183	6.5570	7.1570	7.3439	7.4451	8.0470	7.9624	8.8766	9.0320	9.0164	9.4736	11.0557	12.3343	13.8761	14.7018	15.1957	15.8890	17.4844	18.5467	9.1837	8.5189	8.3909	7.8021	7.4514	7.2043	6.9614	6.4522	6.3137	6.1648	5.7626	5.4660	5.1376	5.0088	4.5542	4.4697	4.3232	3.9183	3.5611	3.7726	3.4856	3.3560	3.0762	3.1296	2.7420	2.4970	2.7774	2.7953	2.4760	2.7301	2.7754	2.9260	3.1324	3.0294	3.1101	3.1726	3.1532	3.4215	3.4172	3.3464	3.5396	3.9363	3.7416	3.6929	4.3024	4.6328	4.2966	4.7265	5.4478	5.7430	5.2250	6.0082	6.0665	6.2456	6.2198	6.7498	7.0415	6.6139	7.0704	7.6192	7.5211	7.4255	8.2836	8.3112	8.1916	8.9180	9.3741	9.6815	9.8138	10.1134	10.4268	10.5819	10.8033	11.9429	13.3420	14.6955	15.4885	15.6529	16.6664	18.0286	19.0185
4.1227	3.6572	3.5851	3.2376	2.9033	2.6853	2.5554	2.3162	2.0331	1.9385	1.8175	1.5600	1.4286	1.3824	1.2427	0.9687	0.8886	0.9036	0.6532	0.4615	0.4491	0.3872	0.2576	0.2519	0.2705	0.4037	0.4140	0.4096	0.5649	0.7642	0.8455	0.8809	1.1062	1.2801	1.2789	1.4679	1.7039	1.8678	1.8607	2.0369	2.3276	2.4202	2.4173	2.6863	2.9691	3.0180	3.0445	3.3909	3.7108	3.5583	3.9158	4.1911	4.3157	4.3300	4.6229	4.9103	4.8685	5.1662	5.3204	5.7576	5.7434	5.9890	6.2710	6.4805	6.7354	7.0026	7.2110	7.7213	7.7694	8.3899	8.6254	8.7496	9.1095	10.6029	11.7995	13.3681	14.3130	14.8253	15.5739	17.1915	18.3696	9.0506	8.4660	8.2545	7.8037	7.5207	7.2411	6.9518	6.6967	6.4047	6.0854	6.0003	5.7338	5.2033	5.0073	4.7848	4.6830	4.2818	4.0559	3.7764	3.6258	3.3838	3.0865	2.9961	2.9812	2.6153	2.2814	2.7072	2.6178	2.3457	2.5563	2.5435	2.7434	2.7136	2.5649	2.7394	2.8208	2.5617	2.9942	3.1348	2.8386	3.1049	3.4657	3.4155	3.2117	3.7234	4.0828	3.8288	4.1099	4.5858	5.1102	4.5869	5.1243	5.4942	5.4891	5.4313	6.0207	6.5728	6.2285	6.2772	7.0032	7.1581	7.0552	7.5722	7.7819	7.8090	8.4357	8.7884	9.0358	9.1697	9.4734	9.7516	9.9301	10.2099	11.4170	12.8932	14.3362	15.1373	15.3789	16.2592	17.6471	18.6976
4.2852	3.7556	3.7295	3.4013	3.0586	2.8291	2.7336	2.4751	2.2386	2.0637	1.9212	1.7708	1.5409	1.4282	1.3612	1.1387	0.9299	0.9262	0.8166	0.5701	0.4604	0.4187	0.3447	0.2571	0.2520	0.2586	0.3439	0.3757	0.3685	0.4911	0.6742	0.7260	0.7603	0.9682	1.1154	1.1685	1.2605	1.4966	1.6140	1.6335	1.7864	1.9781	2.0840	2.1084	2.3242	2.4994	2.5236	2.7231	3.0352	3.0122	3.2191	3.4759	3.6540	3.6943	3.9055	4.2079	4.3126	4.5633	4.5932	4.9974	5.0828	5.3575	5.4161	5.6613	6.1332	6.1388	6.2890	6.9227	6.9143	7.9073	8.0648	8.0841	8.5968	10.0619	11.3428	13.0172	14.0298	14.5527	15.2719	16.8684	18.0979	8.6656	8.0289	7.7734	7.3520	7.0449	6.7543	6.4596	6.1567	5.8020	5.5506	5.3675	4.9763	4.5580	4.3388	4.2546	4.0147	3.6976	3.6402	3.2361	3.1416	2.9950	2.7864	2.5020	2.4590	2.2870	1.8139	1.8944	2.0504	1.9258	2.1414	2.0586	2.0714	2.2476	2.2653	2.2748	2.5373	2.3567	2.5186	2.5972	2.4565	2.7384	2.9635	2.8833	2.8781	3.3635	3.4372	3.3957	3.6139	3.9754	4.7195	4.2728	4.6664	4.6703	5.1359	5.0724	5.4784	5.5730	5.5979	5.8023	6.4646	6.2721	6.4854	7.0749	7.1626	6.9398	7.6692	7.9394	8.3396	8.3280	8.8617	9.2194	9.5494	9.8309	11.1523	12.7028	14.1864	14.8915	15.0102	16.0051	17.4311	18.5055
4.5211	4.0259	3.9292	3.6722	3.3361	3.0983	2.9748	2.6822	2.4157	2.3354	2.1049	1.8728	1.7278	1.6231	1.4352	1.2254	1.1270	1.0391	0.8273	0.6802	0.5436	0.4239	0.3615	0.3132	0.2553	0.2517	0.2567	0.3186	0.3347	0.3442	0.4383	0.5814	0.6479	0.7002	0.8431	0.9996	1.0517	1.1557	1.3142	1.4038	1.5028	1.6536	1.7376	1.8195	2.0024	2.1130	2.2101	2.3594	2.6345	2.6332	2.8612	3.0344	3.2649	3.2237	3.4716	3.7384	3.7391	3.9638	4.1053	4.4348	4.4596	4.7800	4.8951	5.0121	5.4879	5.5861	5.6688	6.1766	6.2007	7.2609	7.4549	7.5508	8.2101	9.8489	11.1763	12.8802	13.7010	14.1937	14.8938	16.5466	17.8907	7.7011	7.2115	7.0154	6.6192	6.3440	6.0034	5.8120	5.5397	5.1952	4.9363	4.8668	4.4657	4.0768	4.0628	3.9586	3.6212	3.3315	3.2244	2.8900	2.8529	2.7236	2.4930	2.0481	2.2588	1.9715	1.8239	1.8646	1.9432	1.9369	2.0512	2.0205	2.1169	2.2774	2.1003	2.0713	2.5210	2.0930	2.2271	2.2006	2.2602	2.4090	2.6120	2.6623	2.6207	3.0444	3.2938	3.2605	3.4491	3.8553	4.3863	4.1225	4.5445	4.5238	4.9883	4.9810	5.5161	5.7964	5.5658	5.9259	6.2563	6.2775	6.2424	6.9296	6.8743	6.6194	7.2255	7.4792	7.8568	7.9873	8.4471	8.8851	9.1535	9.4798	10.7772	12.3190	13.8248	14.5326	14.7668	15.8409	17.3312	18.3991
4.5340	4.0885	4.0120	3.7245	3.3241	3.1206	3.0307	2.7193	2.4358	2.3807	2.2413	1.8883	1.7578	1.7468	1.5052	1.2962	1.2485	1.2063	0.9201	0.7799	0.7270	0.5620	0.4040	0.3645	0.3429	0.2540	0.2522	0.2571	0.3351	0.3362	0.3348	0.4539	0.6054	0.6679	0.6802	0.8741	1.0042	1.0294	1.1425	1.3385	1.4218	1.4648	1.5916	1.7894	1.8685	1.9452	2.0849	2.2797	2.4519	2.4579	2.7380	2.9484	3.0325	3.1364	3.4468	3.6110	3.5873	3.9324	4.0763	4.3103	4.3600	4.6851	4.8166	4.9175	5.2522	5.5269	5.6710	6.0704	6.1852	7.0449	7.3064	7.4616	8.0566	9.6652	10.8902	12.5608	13.3881	13.8663	14.6214	16.2939	17.5271	7.7813	7.2186	7.1473	6.7704	6.4193	6.0489	6.0008	5.6810	5.3472	5.1617	5.0601	4.7738	4.3518	4.1582	3.8840	3.8114	3.4970	3.2295	3.1106	2.9494	2.6365	2.5585	2.4305	2.3309	1.9364	1.8818	2.3025	1.9981	2.0009	2.0001	2.0396	2.0483	2.0711	2.0613	2.1097	2.2707	1.9631	2.2592	2.3425	2.0517	2.3363	2.6389	2.5197	2.4623	2.9049	3.0684	2.9014	3.1165	3.5033	4.0067	3.4509	4.0085	4.3734	4.1671	4.2506	4.9026	5.1162	4.7391	5.0498	5.7387	5.5907	5.5839	6.0045	6.3159	6.2741	6.7225	7.0339	7.3312	7.3219	7.9612	8.3946	8.6616	9.1108	10.3127	11.8373	13.4050	14.1288	14.3515	15.3339	16.8305	17.8915
4.7367	4.2532	4.1875	3.8109	3.4769	3.2285	3.1404	2.8789	2.5990	2.4661	2.3307	2.1077	1.8275	1.7721	1.6747	1.3860	1.2462	1.2928	1.0912	0.7917	0.7627	0.7036	0.4785	0.3781	0.3633	0.3307	0.2540	0.2524	0.2578	0.3412	0.3478	0.3382	0.4719	0.6301	0.6493	0.6740	0.8788	1.0088	1.0070	1.1180	1.3065	1.3900	1.3996	1.5385	1.7505	1.8063	1.8031	2.0519	2.2375	2.1968	2.3473	2.6303	2.7175	2.6894	3.0498	3.2432	3.2209	3.5041	3.6320	3.8459	3.9908	4.1950	4.3549	4.5306	4.8601	5.0161	5.1670	5.6644	5.7885	6.7690	7.0200	7.1740	7.8259	9.4377	10.6799	12.3996	13.2318	13.7604	14.5266	16.2258	17.5657	8.3436	7.5734	7.4289	7.0256	6.6729	6.4051	6.2478	6.0623	5.6771	5.4274	5.3593	5.0201	4.6347	4.3654	4.1591	4.0167	3.7068	3.5037	3.2271	3.0870	2.8376	2.9637	2.6338	2.4981	2.1462	1.9127	2.1496	2.1598	1.8965	1.8438	1.7528	1.9380	1.7449	1.7684	1.8406	2.0219	1.8396	1.9114	1.9981	1.8260	1.9621	2.2770	2.2534	2.0791	2.5635	2.7401	2.5988	2.7554	3.0477	3.6388	3.2465	3.3962	3.7457	3.9132	3.7718	4.1886	4.6643	4.4645	4.5211	5.1262	5.2939	5.2182	5.6414	5.8985	5.8966	6.5898	6.7615	7.0025	6.9876	7.7568	8.0621	8.4168	8.8873	10.1729	11.7786	13.4381	14.0913	14.3708	15.2681	16.7489	17.8999
4.7991	4.2911	4.2525	3.9758	3.5671	3.3428	3.2572	3.0004	2.6710	2.5501	2.4382	2.2132	1.9561	1.8562	1.7377	1.5239	1.3580	1.2959	1.1630	0.9141	0.7754	0.6820	0.5921	0.4235	0.3518	0.3118	0.2894	0.2537	0.2522	0.2548	0.2953	0.3149	0.3176	0.4048	0.5372	0.5873	0.6309	0.7663	0.8866	0.9178	0.9709	1.1508	1.2322	1.2496	1.3829	1.5270	1.6314	1.6819	1.8493	1.9310	2.0556	2.1946	2.3375	2.3251	2.6282	2.8076	2.7606	3.0884	3.2247	3.4304	3.5732	3.7795	3.8675	4.0610	4.4653	4.5970	4.6639	5.2012	5.2891	6.3913	6.6151	6.8516	7.6166	9.2825	10.6157	12.4192	13.2623	13.7261	14.4672	16.1429	17.5141	7.8746	7.3285	7.0855	6.6590	6.4414	6.0956	5.8688	5.6142	5.3118	5.0508	4.8386	4.4609	4.1415	3.9077	3.8354	3.5329	3.2849	3.1570	2.8257	2.9059	2.7234	2.6505	2.2158	2.1317	1.9462	1.9595	1.6623	1.6630	1.3552	1.8939	1.5099	1.8223	1.9634	1.7861	1.5611	1.8372	1.6869	1.7410	1.7037	1.7524	1.7684	1.9844	1.9999	1.9472	2.3806	2.6392	2.6078	2.7410	3.1173	3.7097	3.4296	3.6745	3.8498	4.1882	4.2081	4.6744	4.8946	4.5747	4.8683	5.2118	5.2027	5.2082	5.7920	5.7747	5.6967	6.2679	6.6585	6.9355	6.9001	7.7021	8.0922	8.5049	8.9506	10.2396	11.9881	13.6580	14.2935	14.5163	15.4679	16.9681	18.0193
5.0160	4.4762	4.3867	4.1351	3.7734	3.5433	3.4396	3.1549	2.8969	2.7961	2.6642	2.3623	2.1630	2.1265	1.8501	1.6121	1.5705	1.5035	1.2592	1.0559	0.9756	0.7745	0.6490	0.5599	0.4442	0.3354	0.3161	0.2973	0.2539	0.2516	0.2552	0.3136	0.3255	0.3226	0.4255	0.5622	0.5986	0.6402	0.7932	0.8860	0.9144	1.0474	1.1767	1.2356	1.3251	1.4524	1.5941	1.6374	1.8310	1.8896	1.9919	2.1793	2.3030	2.3405	2.5543	2.7599	2.8401	3.1761	3.2469	3.4567	3.5998	3.8735	3.9171	4.1277	4.5050	4.6463	4.7501	5.1852	5.3149	6.4474	6.6601	6.8586	7.6639	9.3656	10.6587	12.4237	13.2274	13.6601	14.4088	16.1114	17.4199	7.7106	7.1080	6.9919	6.5588	6.2178	5.8777	5.8223	5.4632	5.1215	4.9250	4.8107	4.5079	4.1424	3.9572	3.7377	3.6003	3.2811	3.2545	2.8804	2.8250	2.6876	2.5936	2.2825	2.2096	2.2619	1.8348	1.7424	1.6849	1.5620	1.6146	1.5133	1.6897	1.8878	1.6433	1.5750	1.8871	1.6068	1.7242	1.7872	1.7204	1.8203	2.0350	1.9598	2.1143	2.5076	2.4396	2.4303	2.5339	2.9600	3.4387	2.9878	3.4284	3.5702	3.9079	3.7724	4.5026	4.4562	4.4356	4.6444	5.1185	4.8201	4.8727	5.4054	5.6392	5.3841	5.9499	6.2709	6.5946	6.6202	7.4816	7.8240	8.2408	8.6642	10.0449	11.6784	13.3386	14.0118	14.2550	15.2173	16.7615	17.9214
5.2684	4.8025	4.6353	4.3432	3.9832	3.7389	3.6219	3.3759	3.0512	2.9521	2.8624	2.5216	2.2750	2.2659	2.0502	1.6847	1.6412	1.6333	1.3206	1.1371	1.1207	0.9545	0.7247	0.6503	0.6092	0.4408	0.3421	0.3345	0.3070	0.2537	0.2520	0.2552	0.3224	0.3330	0.3304	0.4312	0.6025	0.6438	0.6392	0.8203	0.9576	0.9697	1.0550	1.2530	1.3641	1.3429	1.5130	1.7010	1.7735	1.7785	2.0004	2.2040	2.1782	2.2474	2.6012	2.7468	2.6523	3.0491	3.2423	3.3536	3.4233	3.7595	3.8711	3.9863	4.3250	4.6070	4.6897	5.0572	5.2086	6.3305	6.5912	6.8487	7.6428	9.2972	10.5813	12.2968	13.1161	13.5732	14.3615	16.1018	17.4127	7.6023	7.0864	6.8916	6.5087	6.2534	5.8883	5.6967	5.4769	5.2418	4.9402	4.9324	4.6238	4.3207	4.1205	3.9328	3.8186	3.4406	3.3797	3.0966	2.9184	2.6636	2.6959	2.3886	2.3683	2.1241	1.9867	2.0759	1.9812	1.7235	1.7536	1.8970	1.5926	1.6064	1.6558	1.7589	1.6387	1.4511	1.6550	1.6862	1.4724	1.6543	1.9545	1.9392	1.7551	2.2849	2.4860	2.3102	2.5141	2.7115	3.1129	2.7963	3.1307	3.2988	3.4703	3.4082	3.7585	4.0908	3.6925	4.0492	4.7257	4.4993	4.5815	5.0133	5.2323	5.2760	5.8709	5.9862	6.3281	6.2057	7.2993	7.5678	8.0146	8.6612	10.0753	11.7475	13.2453	13.9176	14.1620	15.1103	16.6070	17.8537
5.1586	4.6550	4.6315	4.2530	3.8936	3.7002	3.5992	3.3176	3.0472	2.9005	2.7707	2.5043	2.2724	2.1810	2.0359	1.7705	1.6006	1.5725	1.3931	1.1120	1.0683	0.9771	0.8001	0.6363	0.5843	0.5046	0.3946	0.3241	0.3019	0.2960	0.2532	0.2519	0.2545	0.2927	0.2998	0.2955	0.3898	0.5216	0.5361	0.5640	0.7066	0.8054	0.7825	0.8742	1.0500	1.1092	1.1392	1.2402	1.3925	1.4297	1.4620	1.6544	1.7035	1.7044	1.9410	2.1030	2.0476	2.3028	2.5047	2.6003	2.7177	2.9817	3.0867	3.2338	3.5527	3.7636	3.8477	4.3291	4.4019	5.7002	5.9087	6.2962	7.1547	8.8337	10.1686	11.9974	12.8477	13.3068	14.1081	15.8876	17.4060	7.7551	7.0428	6.8509	6.4582	6.1844	5.9274	5.6996	5.5254	5.1951	4.9457	4.8311	4.5232	4.2291	4.0118	3.8058	3.6053	3.3391	3.2290	2.8408	2.8080	2.6285	2.6865	2.3802	2.3013	2.0387	2.0729	1.9416	1.8909	1.6967	1.7045	1.3927	1.6854	1.4363	1.4080	1.3052	1.6140	1.2540	1.2685	1.2421	1.2324	1.3867	1.6254	1.6439	1.5242	1.8835	2.1768	1.9819	2.1556	2.3116	2.7528	2.5392	2.7927	2.8536	3.1523	3.1346	3.3906	3.7906	3.4045	3.7436	4.2775	4.2460	4.2321	4.6811	4.7761	4.7809	5.4765	5.5777	5.8912	5.7927	7.0392	7.2973	7.8329	8.4595	9.7624	11.5501	13.3147	13.8914	14.1675	15.1076	16.6383	17.8913
5.2247	4.7545	4.6624	4.3674	3.9900	3.8065	3.6780	3.4394	3.1667	3.0115	2.9017	2.6363	2.3912	2.3227	2.1073	1.9060	1.7613	1.6936	1.5024	1.2975	1.1911	1.0254	0.9255	0.7587	0.6533	0.5460	0.5030	0.3970	0.3168	0.2934	0.2792	0.2536	0.2520	0.2534	0.2830	0.2927	0.3006	0.3706	0.4746	0.4929	0.5282	0.6655	0.7304	0.7610	0.8520	0.9745	1.0601	1.0966	1.2381	1.3127	1.3794	1.5219	1.6023	1.6242	1.8606	1.9798	1.9497	2.1747	2.3639	2.4489	2.5491	2.8303	2.9041	3.0539	3.4245	3.6222	3.7078	4.1430	4.2579	5.5946	5.8798	6.3186	7.2230	8.8949	10.2634	12.1593	12.8364	13.2877	13.9989	15.7859	17.2298	7.8133	7.3164	7.0784	6.6835	6.5288	6.1908	5.9376	5.7514	5.4163	5.1302	4.9947	4.7288	4.4399	4.2100	3.8821	3.7984	3.5532	3.4489	2.9892	3.1167	3.0777	2.8831	2.4336	2.7369	2.5214	2.0475	1.7865	2.0417	1.6526	1.7175	1.5274	1.5878	1.6723	1.4538	1.4091	1.6855	1.3376	1.3475	1.2898	1.2624	1.2952	1.4797	1.6443	1.6303	1.9926	2.1650	2.1188	2.1340	2.2697	3.0678	2.5179	3.0019	3.0997	3.5331	3.6488	3.9597	4.1874	3.8060	4.2820	4.6495	4.4332	4.3699	5.0392	4.9823	4.7624	5.5437	5.7913	5.9855	5.8683	7.0923	7.4056	8.0582	8.5230	9.8054	11.6333	13.3798	14.0271	14.3168	15.2230	16.8188	18.0888
5.6318	5.1221	4.9773	4.7354	4.3307	4.0495	3.9370	3.7117	3.3743	3.2637	3.1566	2.8564	2.6203	2.5687	2.3343	2.0383	2.0028	1.9428	1.6278	1.4294	1.4353	1.1758	0.9798	0.9068	0.8197	0.6377	0.5818	0.5297	0.3981	0.3245	0.3165	0.2933	0.2528	0.2521	0.2548	0.3103	0.3106	0.3254	0.4310	0.5374	0.5612	0.6216	0.7502	0.8386	0.8753	0.9735	1.1476	1.2173	1.2825	1.3999	1.5640	1.6426	1.7038	1.8289	2.0279	2.1114	2.1536	2.4390	2.5798	2.6937	2.8977	3.1389	3.2347	3.4085	3.7226	3.9037	4.0311	4.4025	4.5987	5.8766	6.1329	6.5595	7.3840	9.0154	10.3296	12.1048	12.9005	13.3582	14.1093	15.9134	17.1584	7.6859	7.1903	6.9818	6.5860	6.4387	5.9841	5.7503	5.5307	5.2553	4.9093	4.7998	4.6720	4.2573	4.0660	3.9405	3.8909	3.4702	3.3101	3.1617	3.0087	2.8147	2.8438	2.4408	2.4298	2.3307	2.1553	1.9092	2.0048	1.6232	1.6274	1.5496	1.4160	1.4149	1.5954	1.3956	1.5887	1.2322	1.4412	1.3188	1.2106	1.4233	1.5902	1.6178	1.5847	2.0002	2.1422	2.1270	2.4284	2.5454	2.6294	2.5949	2.9572	3.0614	3.1408	3.1465	3.6612	3.6401	3.2557	3.7279	4.3964	3.9880	4.1002	4.6857	4.7407	4.6531	5.3330	5.6057	5.8249	5.7236	7.0201	7.2902	7.8503	8.4839	9.8903	11.5143	13.0581	13.6916	14.0223	14.9547	16.5010	17.8211
5.7606	5.2823	5.1840	4.8437	4.4419	4.2043	4.0747	3.8545	3.5019	3.4015	3.2798	2.9661	2.7246	2.6765	2.4585	2.1569	2.0578	2.0405	1.7698	1.4641	1.4932	1.3615	1.0696	0.9578	0.9514	0.7930	0.6335	0.5843	0.5303	0.4235	0.3237	0.3196	0.3056	0.2537	0.2524	0.2546	0.3085	0.3201	0.3188	0.4175	0.5490	0.5676	0.5720	0.7617	0.8448	0.8311	0.9585	1.1288	1.1793	1.1742	1.3710	1.5310	1.5053	1.5666	1.8592	1.9381	1.8667	2.1385	2.3990	2.4408	2.5712	2.8663	2.9722	3.1015	3.3689	3.6203	3.7199	4.0748	4.2586	5.6350	5.8448	6.3360	7.2237	8.8601	10.1814	11.9356	12.7574	13.2268	14.0126	15.8996	17.2832	8.0138	7.4384	7.1765	6.8032	6.6237	6.2826	5.8626	5.7352	5.5754	5.1026	4.9181	4.8417	4.6613	4.2020	4.1360	4.1506	3.6905	3.6246	3.3786	3.3458	2.9704	2.8278	2.7128	2.7260	2.2668	2.4043	2.2147	2.1865	1.7645	1.9873	1.9389	1.5298	1.6657	1.5803	1.7348	1.5130	1.2502	1.4099	1.2850	1.0888	1.2924	1.5136	1.5031	1.3857	1.7591	2.0752	1.8416	2.0386	2.4433	2.5070	2.3210	2.6896	2.7043	2.8647	2.9585	3.1581	3.3132	2.9872	3.4030	3.8621	3.6298	3.8024	4.2695	4.3586	4.3666	5.1668	5.3232	5.5946	5.5069	6.8615	7.1386	7.8448	8.4260	9.8002	11.5311	13.0562	13.6730	14.0079	14.9918	16.4847	17.8451
5.3655	5.0065	4.9061	4.5567	4.2500	4.0193	3.8869	3.6330	3.3677	3.2349	3.0996	2.8162	2.6052	2.5178	2.3159	2.1042	1.9683	1.8682	1.6945	1.4809	1.3836	1.2308	1.1180	0.9255	0.8524	0.7618	0.6674	0.5573	0.4931	0.4872	0.3702	0.2935	0.2831	0.2772	0.2528	0.2524	0.2541	0.2783	0.3010	0.3026	0.3708	0.4690	0.4824	0.5347	0.6631	0.7353	0.7527	0.8542	0.9906	1.0514	1.0991	1.2258	1.3236	1.3964	1.5072	1.6283	1.6194	1.7861	1.9702	2.0669	2.1667	2.3976	2.4927	2.6629	2.9676	3.1607	3.2683	3.6852	3.8942	5.4399	5.7090	6.2787	7.1823	9.0088	10.2934	12.1225	12.8843	13.3322	14.0944	15.9175	17.4071	8.1735	7.5580	7.3167	6.8379	6.7337	6.4183	6.0709	5.9213	5.7194	5.3364	5.1219	5.0248	4.7469	4.3811	4.2518	4.1183	3.7899	3.6797	3.1983	3.2561	3.1166	2.7152	2.7252	2.9551	2.6440	2.5996	2.4049	2.3095	2.0917	1.9736	1.6786	1.7733	1.6428	1.4727	1.4199	1.1604	1.3306	1.2409	1.1414	1.1817	1.2348	1.3594	1.4238	1.3129	1.6480	1.9499	1.8035	1.9477	2.3033	2.5769	2.3285	2.6803	2.7841	3.1855	3.3066	3.4930	3.8955	3.4744	3.8207	4.1422	3.9878	4.0589	4.6268	4.6600	4.4750	5.3291	5.5346	5.7689	5.5934	7.0830	7.3470	8.0752	8.7024	9.9445	11.8256	13.5576	14.1441	14.4070	15.2488	16.7724	18.0909
5.7560	5.2784	5.1789	4.8469	4.5294	4.2842	4.1206	3.8820	3.6238	3.4942	3.3531	3.0899	2.8910	2.7579	2.5364	2.3562	2.2598	2.1236	1.8641	1.7268	1.6388	1.3857	1.2621	1.1411	1.0247	0.8580	0.8119	0.7132	0.5838	0.5358	0.4955	0.3830	0.2985	0.3065	0.2835	0.2538	0.2517	0.2539	0.2986	0.3149	0.3130	0.4078	0.4888	0.5359	0.5864	0.7104	0.7943	0.8271	0.9301	1.0953	1.1618	1.2387	1.3796	1.5091	1.5715	1.6827	1.7855	1.9365	2.0432	2.2165	2.3286	2.5679	2.6781	2.8676	3.1906	3.3573	3.4791	3.8760	4.0898	5.5918	5.9000	6.4959	7.2780	8.9932	10.2870	12.1415	12.8846	13.3444	14.0642	15.9163	17.2529	8.0724	7.5924	7.3635	6.9417	6.7884	6.3933	6.0137	5.9397	5.6345	5.2034	5.0790	5.0152	4.5553	4.2025	4.0656	4.0906	3.6041	3.4007	3.2979	3.1760	2.8516	2.7263	2.6280	2.7251	2.6820	2.3094	2.2518	2.3533	1.9579	1.8735	1.6993	1.4820	1.7898	1.4224	1.2621	1.6048	1.1948	1.2139	1.1258	1.1581	1.1888	1.3199	1.3635	1.3131	1.6022	1.7945	1.7697	2.0947	2.2376	2.3527	2.4041	2.6572	2.6853	2.6581	3.0569	3.3666	3.3441	3.2005	3.8106	4.0356	3.7676	3.9914	4.6044	4.3842	4.2969	5.1333	5.3563	5.5404	5.3697	6.8989	7.2237	7.9631	8.5237	9.8650	11.5951	13.2336	13.8286	14.0488	14.9958	16.5396	17.9661
6.2173	5.8231	5.7341	5.3916	5.0361	4.7682	4.5867	4.3799	3.9977	3.8868	3.7495	3.4400	3.2045	3.0979	2.8421	2.6089	2.5659	2.4418	2.1654	1.9505	1.9440	1.7009	1.4369	1.3379	1.2759	1.0721	0.9543	0.9031	0.7837	0.6480	0.5818	0.5321	0.3940	0.3339	0.3148	0.2904	0.2526	0.2521	0.2550	0.3158	0.3175	0.3246	0.4233	0.5479	0.5718	0.5991	0.7657	0.8634	0.8694	0.9583	1.1773	1.2179	1.2503	1.4716	1.6148	1.6469	1.6641	1.9967	2.1088	2.1253	2.3453	2.6685	2.7055	2.8465	3.1867	3.3987	3.4663	3.8143	4.0059	5.4628	5.8113	6.3705	7.1945	8.8613	10.1434	11.9670	12.7344	13.1743	13.9357	15.7941	17.1061	8.1749	7.7381	7.5042	7.0601	7.0123	6.6078	6.1118	6.0411	5.9285	5.2966	5.0243	5.1893	4.8670	4.2231	4.1094	4.4559	3.8921	3.5849	3.6429	3.6484	3.1218	2.8780	2.9263	2.7893	2.4361	2.4886	2.4383	2.2252	2.0296	2.0495	1.9156	1.5306	1.4660	1.6980	1.4288	1.3536	1.1351	1.4559	1.1078	0.9927	1.1642	1.3595	1.2208	1.2112	1.6282	1.7690	1.6964	1.9131	2.2813	2.7217	2.1644	2.6648	2.7939	2.6381	2.8168	3.0550	3.2746	2.9466	3.4922	3.8738	3.5546	3.7126	4.2539	4.1264	4.0793	4.9213	5.1595	5.2850	5.2163	6.6743	7.1608	7.8136	8.3921	9.7161	11.3667	12.9033	13.4281	13.7145	14.7297	16.2705	17.6781
6.2615	5.8881	5.7667	5.3863	5.0909	4.8199	4.6040	4.3756	4.0749	3.9197	3.7487	3.4909	3.2481	3.1286	2.9040	2.7025	2.5818	2.4597	2.2536	2.0362	1.9349	1.7544	1.5848	1.3772	1.3060	1.1802	1.0303	0.9151	0.8730	0.7938	0.6251	0.5667	0.5192	0.4106	0.3324	0.3053	0.2932	0.2532	0.2518	0.2553	0.2973	0.3092	0.3133	0.4054	0.5388	0.5469	0.5753	0.7498	0.8329	0.8399	0.9689	1.1350	1.1902	1.2659	1.4323	1.5742	1.5807	1.7320	1.9607	2.0247	2.1483	2.3837	2.5227	2.7140	2.9585	3.1453	3.2925	3.6841	3.8739	5.3548	5.6408	6.2347	7.0587	8.8404	10.1987	11.9396	12.7690	13.2101	14.0383	15.9133	17.3345	8.6267	8.0856	7.7672	7.2915	7.1352	6.7957	6.3748	6.1919	6.0929	5.6684	5.3907	5.3156	5.1642	4.6709	4.4270	4.5562	4.2191	4.0306	3.6232	3.7216	3.4095	2.8779	2.7983	3.0418	2.6099	2.5036	2.5561	2.5728	2.3698	2.0735	2.0976	1.7162	1.8502	1.5081	1.4861	1.5486	1.2791	1.2699	1.2123	1.0840	1.1609	1.1683	1.1951	1.1554	1.4400	1.5927	1.5347	1.8657	2.1408	2.4463	2.0616	2.4373	2.6198	2.5661	2.6698	2.9250	3.1614	2.8544	3.3464	3.5884	3.5600	3.6758	4.0868	4.0863	4.1049	4.8611	5.0727	5.3299	5.2222	6.8107	7.2025	7.9079	8.5171	9.8304	11.7471	13.3308	13.7920	14.0237	15.0383	16.5040	17.8599
6.4637	6.1002	5.9420	5.5458	5.2761	5.0404	4.7800	4.5246	4.2508	4.1097	3.8959	3.6259	3.4285	3.2785	3.0413	2.8602	2.7495	2.5840	2.3869	2.2131	2.1140	1.8740	1.7606	1.6030	1.4876	1.3452	1.2623	1.1227	0.9723	0.9180	0.8131	0.6804	0.5921	0.5648	0.4366	0.3393	0.3156	0.3041	0.2538	0.2515	0.2543	0.3044	0.3319	0.3367	0.4114	0.5261	0.5336	0.5988	0.7241	0.8142	0.8293	0.9417	1.1457	1.2269	1.2349	1.4527	1.5893	1.6480	1.7592	1.9786	2.1071	2.2561	2.3895	2.5958	2.9006	3.0262	3.1860	3.5901	3.9061	5.4539	5.8989	6.3913	7.2055	8.9597	10.2471	12.0896	12.8282	13.2857	14.0652	15.8320	17.2297	8.9340	8.3283	8.0702	7.5604	7.5142	7.1412	6.6631	6.5617	6.3950	5.9752	5.7835	5.7271	5.3605	5.0105	4.8241	4.8248	4.4509	4.2186	3.8881	3.7882	3.6283	3.1864	2.9185	3.1069	2.8375	2.4937	2.7430	2.9592	2.4020	2.3680	2.1787	1.8975	2.0851	1.8120	1.6785	1.3642	1.4290	1.3389	1.2079	1.1102	1.1859	1.2271	1.1312	1.2567	1.5299	1.6890	1.5975	1.9281	2.1536	2.5444	2.2211	2.6292	2.5299	2.4501	2.9815	3.0231	3.1980	3.1738	3.4959	3.7822	3.7507	4.0597	4.5341	4.3356	4.4689	5.2871	5.4414	5.6858	5.5165	7.0434	7.3392	8.0793	8.7198	9.8106	11.8060	13.4241	13.9737	14.1300	15.0020	16.5233	17.9069
6.5990	6.2360	6.1242	5.7123	5.3488	5.1483	4.9266	4.6172	4.2781	4.2232	3.9878	3.6541	3.4731	3.3838	3.0701	2.8805	2.8858	2.6457	2.3455	2.2768	2.1972	1.9031	1.7074	1.6756	1.5496	1.2876	1.2507	1.1935	1.0202	0.8814	0.8651	0.7576	0.6024	0.5770	0.5403	0.4010	0.3249	0.3162	0.3028	0.2532	0.2520	0.2541	0.3168	0.3192	0.3302	0.4230	0.5321	0.5643	0.6112	0.7723	0.8825	0.9046	1.0133	1.2279	1.2625	1.3234	1.4754	1.6748	1.7602	1.8383	2.1035	2.3072	2.3579	2.5791	2.9178	3.1008	3.1717	3.5440	3.8379	5.3798	5.8161	6.4189	7.1424	8.8346	10.0731	11.9657	12.7025	13.1927	13.9319	15.8024	17.0745	8.6769	8.2523	7.9569	7.4913	7.4913	6.9691	6.5270	6.5121	6.2695	5.6377	5.4654	5.6261	5.0744	4.5845	4.5276	4.7385	4.0874	3.8117	3.9503	3.7662	3.2842	3.3726	3.2274	2.9973	2.7887	2.7276	2.7164	2.4542	2.5920	2.4359	2.1991	1.8658	1.7859	1.7867	1.5299	1.3282	1.2637	1.2805	1.0509	0.9580	1.2391	1.1802	1.1300	1.0925	1.5184	1.5652	1.4666	1.8639	2.1477	2.4573	2.1660	2.6486	2.7271	2.6849	2.8397	3.0956	3.1444	3.0445	3.5480	3.8956	3.6836	3.7833	4.3527	4.1760	4.0485	4.8813	5.1061	5.1975	5.1702	6.6374	7.2305	7.8884	8.4742	9.5928	11.3841	12.9232	13.4246	13.6744	14.7269	16.3307	17.6982
6.9035	6.6141	6.5072	6.0373	5.6891	5.4599	5.2585	4.9582	4.5881	4.5063	4.2980	3.9540	3.7059	3.6184	3.3465	3.1439	3.0744	2.8807	2.6413	2.4658	2.4313	2.1416	1.9570	1.8420	1.7787	1.5671	1.4430	1.3599	1.2769	1.0739	0.9690	0.9314	0.7985	0.6698	0.6052	0.5627	0.4392	0.3636	0.3348	0.3254	0.2533	0.2526	0.2566	0.3192	0.3400	0.3246	0.4482	0.5719	0.6071	0.6068	0.8109	0.9250	0.9301	1.0682	1.2533	1.3273	1.3131	1.5620	1.7637	1.8007	1.9355	2.2091	2.3236	2.4273	2.7290	2.9549	3.0830	3.4141	3.6698	5.2276	5.6198	6.1572	6.9502	8.6955	9.9532	11.8246	12.6135	13.0536	13.8616	15.7532	17.0426	9.2589	8.6765	8.3242	7.8883	7.7819	7.3800	6.9421	6.7997	6.6314	6.1089	5.8400	5.8740	5.5934	4.9524	4.8210	5.0702	4.5578	4.1311	4.1061	4.1992	3.6010	3.5152	3.4179	3.3658	2.9264	2.7677	2.9014	2.7788	2.7570	2.6674	2.5564	2.1959	2.2157	2.1846	1.8827	1.6300	1.5517	1.6408	1.2818	1.1060	1.3295	1.4874	1.2401	1.1495	1.4297	1.5247	1.4627	1.5988	1.9356	2.2605	1.9431	2.2901	2.6862	2.6503	2.6051	3.0055	3.2613	2.8387	3.2080	3.7229	3.4562	3.4396	4.1142	3.9524	3.7938	4.5176	4.9297	4.9739	5.0267	6.4650	7.1157	7.8269	8.2728	9.6169	11.3313	13.0416	13.4281	13.6885	14.7270	16.2781	17.5811
6.4912	6.2636	6.1737	5.7028	5.4513	5.1636	4.9597	4.7057	4.4251	4.2567	4.0617	3.8002	3.5772	3.4257	3.2167	3.0280	2.9098	2.7738	2.5278	2.3510	2.2550	2.0294	1.8927	1.7394	1.6234	1.5253	1.4438	1.2767	1.2216	1.1448	0.9815	0.8770	0.8366	0.7491	0.6128	0.5288	0.5179	0.4048	0.3191	0.3125	0.2891	0.2537	0.2521	0.2550	0.2865	0.3111	0.3186	0.3971	0.5181	0.5347	0.5778	0.7389	0.8317	0.8397	0.9635	1.1503	1.1980	1.2784	1.4309	1.5827	1.7160	1.8492	1.9756	2.2187	2.4257	2.5276	2.7335	3.1292	3.5044	5.1372	5.5951	6.1753	6.9230	8.8735	10.0836	12.0721	12.8109	13.2428	14.0056	15.7915	17.2195	9.4280	8.8042	8.4597	7.8580	7.7859	7.4327	6.9527	6.7280	6.5984	6.2949	5.9029	5.8719	5.6137	5.1834	4.9585	5.0288	4.7021	4.4107	4.1550	4.1116	3.8940	3.6384	3.4387	3.3569	3.0994	3.0018	2.8038	2.9617	2.7152	2.6232	2.7690	2.4153	2.3898	2.2475	1.8858	1.8813	1.6673	1.5171	1.2390	1.1804	1.1559	1.2739	1.0645	1.2838	1.3871	1.6177	1.6963	1.8366	1.8611	2.2229	2.1036	2.4332	2.6564	2.7735	2.9178	3.0378	3.1415	3.0211	3.5221	3.6704	3.6113	3.8375	4.2034	4.1840	4.1060	4.7888	5.0456	5.2481	5.2202	6.8638	7.3692	8.1658	8.7490	9.9433	11.8896	13.6164	13.9927	14.1764	15.0098	16.5588	17.8213
7.1518	6.8391	6.6771	6.2448	5.9613	5.6990	5.4051	5.1319	4.8358	4.7003	4.3964	4.1319	3.9206	3.7369	3.4621	3.2998	3.2494	3.0232	2.7841	2.6486	2.5447	2.2295	2.1361	1.9911	1.8477	1.6751	1.6626	1.5139	1.3467	1.2732	1.2210	1.0480	0.9079	0.9042	0.8147	0.6220	0.5984	0.5551	0.4213	0.3316	0.3443	0.3059	0.2540	0.2520	0.2549	0.3164	0.3279	0.3214	0.4300	0.5616	0.5640	0.6193	0.8139	0.8942	0.9028	1.0382	1.2297	1.3133	1.3719	1.5909	1.7669	1.8619	2.0012	2.2709	2.5091	2.6174	2.8083	3.1939	3.5569	5.1925	5.7075	6.1660	6.8800	8.6612	9.9621	11.9718	12.6909	13.1955	13.9897	15.7838	17.0234	9.4616	9.0256	8.7402	8.1369	8.0792	7.7392	7.2692	7.0765	6.9627	6.4913	6.2261	6.1792	5.8666	5.4152	5.2404	5.2235	4.8639	4.5274	4.3336	4.2756	3.9415	3.6932	3.5407	3.5264	3.1809	2.9489	2.9666	2.8451	2.8716	2.7206	2.5874	2.4267	2.3546	2.2284	2.0701	1.7815	1.5452	1.5381	1.2894	1.1216	1.2780	1.2195	1.1912	1.2358	1.4052	1.5708	1.5613	1.7463	1.6957	1.9794	1.8452	2.3236	2.2442	2.5550	2.7638	2.8188	3.0013	2.9410	3.4105	3.5126	3.5422	3.8759	4.3860	4.2767	4.2851	5.1203	5.1593	5.3574	5.2567	6.7928	7.2563	7.8379	8.5183	9.6448	11.5122	13.1172	13.6537	13.8379	14.8225	16.4198	17.6397
7.2506	7.0282	6.9215	6.4960	6.1300	5.8676	5.6687	5.3400	4.9642	4.8801	4.6226	4.3001	4.0280	3.9438	3.6326	3.3866	3.3524	3.1787	2.8837	2.7118	2.7044	2.3683	2.1636	2.1007	1.9712	1.7257	1.6750	1.6074	1.4949	1.3039	1.2613	1.1845	0.9941	0.9176	0.8984	0.7635	0.6312	0.5890	0.5604	0.4142	0.3350	0.3445	0.3065	0.2535	0.2523	0.2558	0.3149	0.3197	0.3300	0.4217	0.5588	0.5926	0.6317	0.8340	0.9180	0.9425	1.0492	1.2871	1.3605	1.4201	1.6950	1.8962	1.9535	2.1486	2.4631	2.6559	2.7425	3.1048	3.4477	5.0418	5.5879	6.1142	6.9667	8.6706	9.8753	11.8025	12.6145	13.0921	13.8605	15.7029	16.8715	9.5740	9.1647	8.9026	8.3510	8.3016	7.8961	7.4029	7.2025	7.0149	6.5560	6.2548	6.2491	5.8613	5.3211	5.1235	5.2598	4.7648	4.3002	4.2858	4.2462	3.7432	3.5883	3.5764	3.4637	3.0150	3.0014	2.9509	2.7648	2.7987	2.6192	2.6223	2.3649	2.2862	2.2935	1.9250	1.8471	1.6544	1.6636	1.2891	1.2170	1.4291	1.2642	1.1552	1.2018	1.7015	1.4844	1.4345	1.6093	1.9473	1.9408	1.7662	2.3614	2.2660	2.2500	2.3170	2.8282	3.0700	2.5963	3.1032	3.5040	3.2832	3.3767	4.0910	4.0021	3.8945	4.5742	4.8236	4.9882	5.0077	6.4844	7.2561	7.8706	8.3792	9.6938	11.3705	13.0637	13.5195	13.7102	14.7423	16.2702	17.4960
7.0109	6.9109	6.8335	6.3490	6.0652	5.7849	5.5648	5.2586	4.9336	4.8158	4.5566	4.2316	3.9888	3.8723	3.6036	3.3501	3.2643	3.1118	2.8654	2.6689	2.6188	2.3362	2.2002	2.0438	1.9324	1.7986	1.7044	1.5815	1.5287	1.4178	1.2848	1.2172	1.1115	0.9750	0.8705	0.8067	0.7117	0.5964	0.5461	0.5212	0.4065	0.3278	0.3181	0.3030	0.2535	0.2520	0.2543	0.2908	0.3184	0.3106	0.3838	0.5264	0.5271	0.5711	0.7260	0.8363	0.8330	0.9809	1.1716	1.2605	1.3730	1.5506	1.7335	1.8851	2.1411	2.3275	2.5260	2.8494	3.1920	4.9678	5.3615	5.7254	6.7877	8.5606	9.8926	11.9604	12.6413	13.0898	13.7994	15.6031	16.8458	9.9097	9.3637	8.9801	8.3626	8.3619	7.9624	7.4802	7.2344	7.1082	6.6978	6.3756	6.3017	6.0852	5.5098	5.3103	5.4796	5.0418	4.5569	4.4606	4.5978	4.1268	3.8720	3.7935	3.8248	3.3300	3.2789	3.1550	3.0371	2.9228	2.6625	2.6138	2.7020	2.5014	2.5213	2.4250	2.3458	1.8865	1.7892	1.6029	1.4557	1.3658	1.3740	1.4243	1.3564	1.3288	1.6787	1.6321	1.6632	1.4763	1.8957	1.8183	1.8152	1.9320	2.0476	2.4093	2.6550	2.8860	2.8084	3.2097	3.3666	3.0947	3.3977	3.8165	3.6165	3.7140	4.5109	4.8205	5.0552	4.9607	6.6426	7.2447	7.7657	8.3315	9.7518	11.6447	13.3824	13.7743	13.9235	14.8684	16.3801	17.4467
7.1028	6.8504	6.7770	6.2910	6.0409	5.7121	5.5198	5.2286	4.8927	4.7269	4.5066	4.2158	3.9811	3.8201	3.5785	3.3924	3.2726	3.1080	2.8891	2.7211	2.6060	2.3478	2.2337	2.0992	1.9367	1.7749	1.7774	1.6560	1.5488	1.4659	1.3818	1.2264	1.1492	1.1079	0.9759	0.8282	0.7716	0.7160	0.6064	0.5339	0.4931	0.3955	0.3221	0.3074	0.2851	0.2531	0.2522	0.2538	0.2928	0.3095	0.3046	0.3899	0.4985	0.5098	0.5470	0.7250	0.7979	0.8585	0.9320	1.1477	1.2841	1.3208	1.5091	1.7979	1.9580	2.0662	2.2998	2.6713	3.1444	4.8869	5.4290	5.7891	6.5505	8.6862	9.9814	12.0249	12.7711	13.1770	13.8922	15.6742	16.8993	9.8969	9.3324	8.9143	8.2367	8.2568	7.8838	7.3191	7.0792	7.0515	6.6829	6.2888	6.2140	6.1187	5.5960	5.3261	5.4251	5.1457	4.7228	4.5634	4.5483	4.2444	4.0293	3.8708	3.7600	3.5633	3.3228	3.1789	3.1436	3.0297	2.6996	2.5661	2.4357	2.4146	2.4379	2.1048	1.9814	1.8435	1.8329	1.5271	1.3868	1.4672	1.4362	1.3344	1.4055	1.5850	1.6508	1.6816	1.7157	1.7310	2.0875	1.8295	1.9328	2.2280	2.1892	2.3931	2.6020	3.0807	2.6910	2.7866	3.1937	3.0794	3.2948	3.6778	3.6983	3.8132	4.6360	4.7491	5.1163	4.9990	6.6814	7.1192	7.7079	8.4969	9.7184	11.5884	13.3098	13.8125	13.9690	14.8135	16.4519	17.5565
7.6035	7.4481	7.3103	6.8647	6.5608	6.2542	5.9900	5.7363	5.3365	5.1831	4.8997	4.5761	4.3245	4.1885	3.8452	3.6399	3.6240	3.3865	3.0615	2.9561	2.9439	2.5592	2.4002	2.3177	2.1444	1.9105	1.9262	1.8334	1.6413	1.5183	1.5247	1.3835	1.1960	1.1915	1.1595	0.9792	0.8475	0.8310	0.7694	0.6047	0.5613	0.5313	0.4027	0.3486	0.3125	0.3029	0.2536	0.2529	0.2548	0.3165	0.3082	0.3182	0.4336	0.5395	0.5393	0.6172	0.7880	0.9046	0.9426	1.0692	1.3061	1.3772	1.4727	1.7693	2.0487	2.1442	2.3282	2.7130	3.1715	4.8636	5.3798	5.8598	6.6270	8.4870	9.7018	11.7940	12.6026	13.1021	13.8315	15.5908	16.7218	10.0012	9.4573	9.0948	8.4074	8.4134	8.1066	7.5333	7.3016	7.2303	6.8721	6.4931	6.3911	6.2102	5.7161	5.4429	5.4774	5.1785	4.6785	4.5587	4.4673	4.1312	3.7850	3.8502	3.6721	3.2518	3.3147	3.1471	2.9863	3.1656	2.8584	2.7581	2.5778	2.3929	2.6401	2.1612	2.1704	2.0766	1.9638	1.6297	1.5724	1.6160	1.3940	1.3104	1.3963	1.4899	1.6068	1.6554	1.9977	1.5956	2.2356	1.7257	2.3515	1.9656	2.0171	2.1969	2.5854	2.8218	2.5062	2.9114	3.0642	3.0228	3.1753	3.8173	3.7558	3.7581	4.6004	4.7349	4.9542	4.8728	6.3715	6.9379	7.4834	8.2122	9.5244	11.2372	12.8094	13.3979	13.6117	14.6135	16.2107	17.2532
7.5902	7.4930	7.4149	6.9486	6.6656	6.4086	6.1458	5.8745	5.4998	5.3897	5.0891	4.8004	4.5382	4.4216	4.0894	3.8573	3.7986	3.5940	3.2796	3.1199	3.0852	2.7788	2.5605	2.4340	2.3281	2.1041	2.0160	1.9188	1.7834	1.6282	1.5827	1.4869	1.3507	1.2468	1.2117	1.1009	0.9514	0.8530	0.8365	0.7342	0.5998	0.5566	0.5084	0.4103	0.3201	0.3157	0.2954	0.2535	0.2524	0.2550	0.2998	0.3135	0.3113	0.4077	0.5257	0.5535	0.6150	0.7784	0.8970	0.9512	1.1273	1.3267	1.4120	1.6164	1.9790	2.1697	2.2611	2.6023	2.9481	4.7663	5.2722	5.8233	6.9448	8.6496	9.8815	11.8872	12.7184	13.1703	13.8729	15.6647	16.7558	10.3159	9.6674	9.3888	8.6329	8.6320	8.2931	7.8283	7.4632	7.3459	7.0789	6.7330	6.5300	6.3005	5.9114	5.6183	5.6434	5.2443	4.7872	4.7037	4.6410	4.1456	3.9025	4.0254	3.8207	3.3103	3.4402	3.3740	3.0038	2.9906	3.0063	2.7083	2.4836	2.3497	2.4843	2.4008	2.2672	2.0736	2.0941	1.6541	1.5241	1.5846	1.4803	1.3232	1.3779	1.5925	1.4663	1.5140	1.5650	1.7712	1.7292	1.4947	1.8356	1.8380	1.7821	1.8784	2.2331	2.3854	2.5098	2.3066	2.9907	2.7623	2.8578	3.3789	3.4040	3.4237	4.0760	4.2739	4.5751	4.4813	6.3040	7.0270	7.4737	8.2900	9.6161	11.4184	13.1362	13.6376	13.8115	14.7535	16.2148	17.3178
7.2777	7.1857	7.0880	6.6366	6.4264	6.1505	5.8766	5.6149	5.3166	5.1356	4.8797	4.5965	4.3608	4.2064	3.9502	3.7546	3.6281	3.4776	3.2110	3.0464	2.9467	2.6710	2.5386	2.3882	2.2629	1.9904	1.9938	1.8964	1.7326	1.6202	1.5936	1.4758	1.3140	1.2722	1.1947	1.0891	0.9769	0.8725	0.7996	0.7345	0.6491	0.5514	0.4884	0.4685	0.3654	0.2938	0.2852	0.2763	0.2525	0.2523	0.2545	0.2824	0.2951	0.2874	0.3691	0.4814	0.5100	0.5657	0.6883	0.8462	0.9308	1.0113	1.2110	1.4403	1.6149	1.7608	1.9983	2.3764	2.7867	4.7578	5.1533	5.4487	6.5205	8.6213	9.8076	11.9396	12.6686	13.0421	13.6795	15.4321	16.6108	10.4188	9.6652	9.2405	8.5459	8.4504	8.1397	7.6770	7.4110	7.2436	6.9425	6.6305	6.4565	6.2293	5.8995	5.6233	5.6824	5.4076	5.0076	4.8183	4.8966	4.6033	4.1337	4.1836	4.2312	3.7544	3.6074	3.5630	3.3692	3.4303	3.2251	2.8940	2.6267	2.8517	2.4396	2.2155	2.2110	2.0563	2.0228	1.6100	1.5065	1.5217	1.3934	1.5593	1.3286	1.3662	1.7474	1.8337	1.5845	1.5819	1.3870	1.7748	1.7576	2.0374	1.8893	1.8077	1.9521	2.6327	2.3622	2.5987	2.8033	3.0235	3.0430	3.2759	3.2846	3.4315	4.1609	4.2926	4.6837	4.5839	6.5207	7.0317	7.6293	8.3845	9.7208	11.7184	13.4576	13.9853	14.1927	14.9265	16.3774	17.3328
7.7258	7.5392	7.4220	6.9701	6.6616	6.4341	6.1792	5.9049	5.4805	5.3619	5.1238	4.7817	4.4988	4.3770	4.1117	3.8608	3.8133	3.6254	3.3420	3.1887	3.1008	2.8217	2.6361	2.5124	2.3804	2.1315	2.0982	2.0202	1.8231	1.7126	1.7133	1.5502	1.4391	1.3999	1.3270	1.1669	1.0799	1.0457	0.9134	0.7886	0.7498	0.6752	0.5481	0.5041	0.4628	0.3738	0.2989	0.2915	0.2830	0.2541	0.2520	0.2542	0.2949	0.3028	0.3063	0.3944	0.5060	0.5242	0.5850	0.7701	0.9069	0.9583	1.0868	1.3964	1.5682	1.6734	1.9453	2.3589	2.9046	4.7210	5.2334	5.6556	6.5520	8.4576	9.7722	11.8935	12.7939	13.2906	13.9854	15.7780	16.7682	10.2791	9.8218	9.2962	8.5624	8.5401	8.2391	7.6431	7.3481	7.3248	6.9421	6.5659	6.4325	6.3487	5.8728	5.5840	5.5473	5.3176	4.9279	4.7096	4.5672	4.3714	4.0278	3.8865	3.6738	3.3680	3.2949	3.0349	2.9621	3.0300	2.7538	2.5237	2.5517	2.4789	2.3550	2.1297	2.1527	2.1151	1.9057	1.5825	1.5803	1.6844	1.4872	1.4583	1.3667	1.3765	1.8027	1.4400	1.6416	1.4362	1.8328	1.5685	1.5479	1.7787	1.6797	1.7936	2.0219	2.4841	2.2547	2.2852	2.5306	2.7931	2.7206	3.1000	3.2106	3.3702	4.2041	4.2701	4.7066	4.4824	6.2483	6.6914	7.3832	8.1637	9.3670	11.2501	12.8877	13.5144	13.7950	14.6534	16.1930	17.0986
8.3121	8.2108	8.0517	7.5939	7.3340	7.0928	6.7553	6.4944	6.1420	5.9801	5.6467	5.3821	5.1153	4.9253	4.6043	4.3998	4.3889	4.0495	3.7755	3.6085	3.6093	3.2234	2.9994	2.8857	2.7966	2.4947	2.4054	2.3658	2.1328	1.9439	1.9513	1.7917	1.5878	1.5495	1.5519	1.3946	1.2370	1.2298	1.1584	0.9687	0.8606	0.8638	0.7211	0.6021	0.5619	0.5282	0.3890	0.3226	0.3176	0.2933	0.2534	0.2524	0.2549	0.3055	0.3163	0.3193	0.4236	0.5442	0.6016	0.6787	0.8867	1.0056	1.0839	1.3206	1.6505	1.7612	1.8917	2.3160	2.7843	4.5650	5.0583	5.6563	6.6947	8.3805	9.6805	11.6837	12.5463	13.0044	13.7064	15.4876	16.5769	10.7515	10.2584	9.9456	9.0592	8.9987	8.7808	8.2444	7.8399	7.7390	7.4894	7.1031	6.9593	6.7436	6.3690	6.0526	6.0255	5.6652	5.2526	5.1928	4.8872	4.5374	4.3610	4.3523	3.9503	3.5051	3.6288	3.5060	3.1470	3.3397	3.2355	2.8752	2.7810	2.7310	2.6552	2.4249	2.4033	2.3619	2.2010	1.7389	1.7502	1.7848	1.5814	1.5070	1.5390	1.6002	1.5037	1.4496	1.8189	1.5917	1.7491	1.6106	2.0692	1.8563	1.8771	1.8391	2.1680	2.1348	2.0854	2.2932	2.5108	2.8878	2.7490	3.2050	3.4013	3.4758	4.1475	4.2965	4.5680	4.4375	6.2172	6.7117	7.2600	8.0214	9.4391	11.1218	12.7668	13.3966	13.6519	14.5707	16.1590	17.2059
8.1315	8.2421	8.1537	7.6966	7.4400	7.2240	6.8853	6.5715	6.2874	6.1179	5.6969	5.5222	5.3102	5.0394	4.7114	4.5679	4.4762	4.2449	3.9876	3.7664	3.6813	3.4233	3.2479	3.0244	2.9851	2.7167	2.5823	2.4569	2.2782	2.1362	2.0375	1.8996	1.7032	1.6467	1.6033	1.4877	1.3249	1.2507	1.1775	1.0586	0.9213	0.8457	0.7450	0.6754	0.5787	0.5427	0.4662	0.3866	0.3178	0.2921	0.2867	0.2531	0.2521	0.2542	0.2916	0.3144	0.3213	0.4019	0.5553	0.6226	0.7101	0.8579	1.0731	1.2525	1.4988	1.7125	1.8893	2.2446	2.5846	4.5237	5.0461	5.3165	6.6489	8.3622	9.7975	11.7642	12.5386	12.9337	13.6522	15.4583	16.5021	11.1986	10.4454	10.0093	9.2387	9.2450	8.8538	8.3924	7.9848	8.0015	7.5301	7.2477	7.0338	6.7984	6.4616	6.1531	6.1707	5.7593	5.4479	5.2917	5.2068	4.8786	4.5686	4.7446	4.5876	4.0656	4.0748	4.0848	3.6938	3.6805	3.5396	3.1841	2.9467	3.1286	2.7247	2.4361	2.6107	2.3229	2.3904	2.0237	1.7966	1.9494	1.7393	1.7775	1.5972	1.5967	1.6742	1.7166	1.5762	1.5388	1.9545	1.7502	1.6245	1.9489	1.7324	1.6770	1.9177	2.3673	2.1429	2.2510	2.4182	2.7090	2.9019	3.0518	3.0239	3.2022	3.8653	3.8772	4.2354	4.2359	6.2555	6.5978	7.2210	8.2019	9.3901	11.4102	13.3148	13.6122	13.8457	14.7565	16.1271	17.0236
8.1841	8.0699	7.9582	7.4736	7.2727	7.0438	6.7566	6.4801	6.1562	5.9813	5.7058	5.4181	5.1578	4.9628	4.6823	4.4830	4.3114	4.2107	3.9138	3.6907	3.5585	3.3332	3.1669	2.9537	2.9497	2.6595	2.5505	2.4952	2.2672	2.1213	2.0726	1.9159	1.7701	1.7094	1.6533	1.5302	1.3968	1.3181	1.2034	1.1159	1.0236	0.9361	0.8020	0.7493	0.6638	0.5839	0.4905	0.4587	0.3802	0.3082	0.2953	0.2797	0.2534	0.2519	0.2537	0.2851	0.3051	0.3145	0.3931	0.5460	0.5991	0.6654	0.8950	1.1617	1.3079	1.4333	1.6753	2.0256	2.6332	4.5337	5.2405	5.3917	6.5760	8.4105	9.7318	11.7765	12.5483	12.9347	13.5327	15.3744	16.4236	11.2964	10.8149	10.1327	9.2922	9.4417	9.0987	8.4208	8.0832	8.2298	7.6762	7.3028	7.1596	7.0115	6.6479	6.3138	6.3615	6.0174	5.8498	5.5774	5.5382	5.1720	4.9064	4.7928	4.7337	4.3661	4.0722	4.0989	3.9012	3.6965	3.4799	3.3823	3.2144	3.2631	2.9423	2.6481	2.6536	2.3800	2.3445	1.9326	1.8550	1.9988	1.7941	1.7714	1.7368	1.7516	1.8106	1.6813	1.6907	1.8850	1.8553	1.7565	1.7472	2.0451	1.7706	1.6518	2.1210	2.4805	2.0551	2.2270	3.1111	2.7552	2.5778	2.9711	3.1256	3.0397	3.8035	3.8894	4.3250	4.2925	6.2907	6.6705	7.1583	8.2039	9.2334	11.4015	13.1005	13.6004	13.8449	14.7147	16.1824	17.0935
8.6780	8.5471	8.4166	7.9431	7.7244	7.4727	7.1445	6.8874	6.5345	6.3288	6.0588	5.8027	5.5197	5.2785	5.0654	4.8660	4.7102	4.4680	4.1546	4.0633	3.9457	3.5857	3.3891	3.3044	3.1815	2.8914	2.7949	2.7653	2.4790	2.2987	2.2693	2.0818	1.8903	1.8547	1.8121	1.5907	1.5022	1.5115	1.3894	1.2141	1.1868	1.1306	0.9343	0.8457	0.8194	0.7070	0.5664	0.5548	0.5141	0.3809	0.3114	0.3009	0.2967	0.2530	0.2527	0.2543	0.3120	0.3180	0.3271	0.4623	0.6053	0.6681	0.7642	1.0809	1.2782	1.4512	1.5688	1.9644	2.5023	4.3531	4.9715	5.3173	6.3077	8.1760	9.5234	11.4956	12.3150	12.7936	13.5560	15.2834	16.3235	11.1568	10.7156	10.1562	9.3523	9.4334	9.2133	8.4534	8.0751	8.2138	7.8067	7.3069	7.2197	7.0782	6.6761	6.3432	6.3610	6.0899	5.7090	5.5665	5.3683	5.0535	4.8708	4.7605	4.4275	4.1107	4.0330	3.9028	3.5699	3.6905	3.6452	3.1373	3.0867	3.1429	2.8839	2.6199	2.5631	2.4924	2.4575	2.0000	1.9474	2.0793	1.8887	1.7929	1.7412	1.6892	1.8120	1.6625	1.7932	1.6602	1.8951	1.8029	1.8041	1.9623	1.8947	2.2035	2.0682	2.3216	2.1439	2.3241	2.6915	2.8468	2.7272	3.0233	3.2556	3.2943	4.0937	4.0605	4.5201	4.3628	6.1387	6.3959	7.1247	7.9313	9.1785	11.1007	12.6127	13.2404	13.5266	14.4607	15.9395	16.8640
9.1997	9.2715	9.1423	8.5984	8.3578	8.2356	7.8156	7.4732	7.2035	7.0385	6.5837	6.3982	6.1887	5.8378	5.5829	5.4525	5.3119	5.0117	4.7996	4.6272	4.5216	4.1448	3.9725	3.7350	3.7487	3.3575	3.1958	3.1637	2.9320	2.6777	2.6020	2.4541	2.2062	2.1557	2.1096	1.9095	1.7265	1.7132	1.6267	1.4554	1.3283	1.2976	1.1610	0.9986	0.9053	0.8750	0.7463	0.6233	0.5888	0.5219	0.4070	0.3257	0.3240	0.2998	0.2535	0.2527	0.2564	0.3193	0.3436	0.3857	0.5064	0.6724	0.7705	0.9772	1.2859	1.5041	1.5668	1.9752	2.3448	4.2425	4.9675	5.4209	6.6095	8.1311	9.7198	11.5971	12.4232	12.8755	13.6663	15.3559	16.4416	11.9671	11.3441	10.8625	9.8641	10.0450	9.7403	9.1265	8.6296	8.7129	8.3175	7.9369	7.7852	7.5553	7.1963	6.9264	6.9138	6.4544	6.1837	6.0900	5.6971	5.3425	5.4156	5.3934	4.7773	4.5791	4.6945	4.4412	3.9188	3.9786	4.1193	3.4899	3.2978	3.5684	3.1474	2.8614	2.7913	2.7343	2.7682	2.3010	2.2773	2.3518	2.1295	2.0341	2.0055	1.9928	1.8840	1.9221	2.0879	1.8410	2.1695	2.0448	2.1991	2.1475	2.2883	2.1000	2.6597	2.4135	2.0689	2.4120	2.6018	2.6539	2.8186	3.0469	3.0638	3.1828	3.9071	3.7534	4.1101	4.0679	6.0247	6.3686	7.2091	7.9890	8.9911	10.9886	12.7381	13.1613	13.5031	14.5020	15.9478	17.0927
8.8382	8.7695	8.7944	8.2645	8.0940	7.8971	7.5866	7.2597	6.9818	6.8481	6.4529	6.1859	5.9947	5.7768	5.4755	5.2879	5.1847	5.0091	4.7216	4.5869	4.4610	4.1510	4.0300	3.7719	3.7815	3.4893	3.3361	3.2631	3.0528	2.9232	2.7690	2.5967	2.3507	2.3446	2.2228	2.0049	1.8816	1.8200	1.6805	1.5669	1.4494	1.3560	1.2400	1.1384	0.9898	0.9242	0.8402	0.7302	0.6344	0.5635	0.5204	0.3918	0.3172	0.2964	0.2851	0.2533	0.2520	0.2547	0.3005	0.3512	0.3841	0.5044	0.7188	0.8992	1.1305	1.3068	1.5878	1.9402	2.4185	4.2937	4.9927	5.3509	6.4013	8.0366	9.5541	11.6605	12.1764	12.6079	13.2411	15.1777	16.2736	12.3374	11.5831	10.9816	9.9379	10.2257	9.9222	9.1378	8.6856	8.9822	8.3840	7.8781	7.7262	7.7575	7.3581	6.9800	7.1819	6.9117	6.5178	6.2723	6.1990	5.9027	5.4490	5.5573	5.4345	5.0113	5.1916	4.8432	4.5038	4.6064	4.2465	3.9329	3.7907	3.9817	3.5074	3.1102	3.2255	2.9914	2.8343	2.4844	2.4216	2.4176	2.2540	2.1484	2.0273	2.1190	2.0719	2.0921	2.0303	1.8949	2.5317	1.9016	1.8377	2.2063	2.1653	1.8299	2.3547	1.9981	2.4756	2.1321	2.8761	3.2781	3.1000	3.0531	3.4288	3.5282	3.8944	3.8171	4.3290	4.1345	6.1348	6.3970	6.9895	7.9044	9.0347	11.1833	12.9014	13.4381	13.7612	14.5595	15.9477	16.8319
9.7270	9.5721	9.4348	8.8946	8.7056	8.4704	8.1177	7.8509	7.5032	7.3562	7.0383	6.7248	6.4239	6.2373	6.0137	5.7494	5.5872	5.5902	5.2269	4.9879	4.9029	4.6627	4.3830	4.1678	4.2300	3.8726	3.6885	3.6342	3.4600	3.1681	3.0979	2.8848	2.5728	2.5531	2.4720	2.2036	2.1029	2.0511	1.9232	1.7870	1.6692	1.5635	1.4084	1.3257	1.2028	1.0738	0.9612	0.8975	0.7913	0.6544	0.6041	0.5212	0.4164	0.3192	0.3257	0.2999	0.2549	0.2520	0.2573	0.3324	0.3705	0.3931	0.5771	0.8437	0.9811	1.0627	1.4106	1.8069	2.5395	4.1831	5.0153	5.4093	6.4404	7.9197	9.3774	11.3028	12.1608	12.5919	13.3359	15.1514	16.0974	12.5300	12.0709	11.2651	10.3505	10.7002	10.3638	9.4366	9.0789	9.4033	8.7388	8.2681	8.1881	8.1341	7.6614	7.2670	7.4428	6.9187	6.8343	6.5432	6.3742	5.9779	6.1313	5.6507	5.4935	5.2663	5.0789	4.8761	4.5639	4.4500	4.4278	4.0592	3.8958	4.0668	3.6946	3.3329	3.2369	3.1081	3.1065	2.6419	2.6280	2.7927	2.5035	2.3214	2.3775	2.3617	2.1852	2.2449	2.2310	2.4695	2.4818	2.0377	2.0526	2.5883	2.4069	2.2151	2.3007	2.7650	2.1107	2.5999	3.1808	2.7255	2.8067	3.1491	3.3890	3.2519	3.8540	3.9167	4.3536	4.3443	6.2235	6.3972	7.0872	8.2424	9.0117	10.9593	12.5012	13.0570	13.5351	14.3704	15.8536	16.6907
10.6762	10.5222	10.4892	9.9311	9.6819	9.6040	9.1574	8.8612	8.5881	8.4253	7.9816	7.7753	7.5502	7.1607	6.9467	6.8888	6.5993	6.3764	6.1525	5.9269	5.6878	5.4582	5.2101	5.0151	4.9609	4.6634	4.4358	4.3968	4.1399	3.9521	3.7511	3.6511	3.3185	3.2372	3.0940	2.8194	2.7547	2.6311	2.4771	2.3276	2.1990	2.0964	1.8934	1.7841	1.6566	1.4909	1.3245	1.2771	1.1700	0.9574	0.8526	0.7523	0.6640	0.4823	0.3977	0.3617	0.3399	0.2570	0.2529	0.2619	0.3722	0.4107	0.4755	0.7516	0.9898	1.1304	1.2984	1.7346	2.4350	4.1208	4.8852	5.1482	6.2395	7.8542	9.3482	11.3926	12.2426	12.7549	13.5455	15.1820	16.3207	13.1205	12.7962	12.2436	11.2658	11.4797	11.2278	10.3808	9.9946	10.1559	9.6322	9.2307	9.0810	8.8568	8.4295	8.1614	8.1544	7.6727	7.4884	7.2647	7.0674	6.6476	6.6822	6.6372	6.0499	5.8261	5.8684	5.5224	5.1615	5.2580	5.2186	4.6680	4.4114	4.5218	4.1918	3.9678	3.7246	3.5787	3.5573	3.1985	3.1231	3.0884	2.9785	2.7101	2.6904	2.6025	2.3440	2.3934	2.4445	2.1202	2.4830	2.3404	2.3511	2.3609	2.4960	2.4839	2.7305	2.7394	2.7141	2.9914	3.2813	3.1705	3.3081	3.5874	3.6676	3.7297	4.4859	4.3282	4.6702	4.6090	6.2808	6.4407	7.3135	8.0361	9.3995	10.9988	12.5099	13.1668	13.5546	14.4755	15.9720	16.8246
11.1829	11.1080	11.1768	10.4575	10.1948	10.1658	9.7550	9.3668	9.0260	9.0759	8.5773	8.2747	8.1290	7.9153	7.5708	7.4768	7.3353	6.9688	6.7425	6.5729	6.4024	6.0109	5.8708	5.5983	5.5224	5.2207	5.0784	4.9248	4.7386	4.5366	4.3721	4.1819	3.8663	3.8144	3.6926	3.2444	3.2035	3.0900	2.8783	2.6762	2.5794	2.4341	2.2188	2.0486	1.9156	1.7433	1.5751	1.4467	1.3102	1.1604	1.0183	0.8525	0.8150	0.7011	0.5352	0.4288	0.4107	0.3625	0.2573	0.2526	0.2734	0.3842	0.4570	0.6107	0.8736	1.0957	1.2841	1.7084	2.1745	3.9524	4.7681	4.8694	6.1091	7.4470	9.0485	11.1528	11.8370	12.6159	13.3458	15.0928	16.2422	14.7813	14.0747	13.2726	12.4980	12.8312	12.1911	11.2098	11.0951	11.4215	10.4455	10.1192	10.1856	10.0489	9.4937	9.1333	9.3076	8.6977	8.4909	7.9904	8.2105	7.6280	7.7491	7.3570	7.1214	6.8056	6.7610	6.6227	5.7837	5.9717	5.9983	5.5388	5.1216	5.4102	5.1554	4.6861	4.4941	4.3137	4.3226	3.7114	3.6558	3.7372	3.4369	3.2789	3.2474	3.1486	2.8885	2.9197	2.9600	2.6977	3.1576	2.7654	2.7784	2.9461	3.1030	2.8822	3.3139	3.2116	3.2515	3.2515	3.3670	3.6455	3.4901	3.8254	3.4121	3.6342	4.5878	4.2737	4.5365	4.2701	6.0720	6.2099	6.9732	7.4776	8.8136	10.5241	12.4878	13.0513	13.3847	14.3094	15.7592	16.6498
11.5406	11.3631	11.4003	10.7160	10.5491	10.3110	10.0125	9.6862	9.4091	9.3242	8.9933	8.6428	8.4216	8.3609	8.0921	7.6521	7.6364	7.4522	7.0656	6.8097	6.8280	6.4456	6.1109	5.8861	6.0268	5.5864	5.3978	5.3428	5.2086	4.9925	4.6530	4.6966	4.2905	4.1478	3.9889	3.5955	3.5278	3.3242	3.1802	2.9438	2.8217	2.6055	2.4287	2.2899	2.0737	1.9311	1.8276	1.7068	1.5201	1.3869	1.2474	1.0767	0.9448	0.8528	0.7143	0.5375	0.4671	0.3901	0.3528	0.2617	0.2522	0.2673	0.4029	0.5113	0.6316	0.8563	1.1289	1.5230	2.0212	3.7710	4.7007	4.9290	5.9767	7.6872	9.0567	11.1992	11.9166	12.5533	13.2882	15.0549	16.2747	15.1912	14.4667	13.5168	12.5935	12.9645	12.4328	11.3896	11.2067	11.6742	10.7075	10.3001	10.4195	10.4986	9.8506	9.2740	9.6828	9.2911	8.6882	8.2875	8.6430	8.2464	7.5990	7.7924	7.8048	7.3043	7.3212	7.3528	6.6910	6.7048	6.4552	6.0860	5.8308	6.0147	5.6158	5.0714	4.8759	4.6513	4.5449	4.1101	3.9910	4.0548	3.8146	3.5030	3.4858	3.5682	3.1292	3.1626	3.1762	3.1352	3.3972	3.1394	3.2414	3.2563	2.9338	3.0237	3.7095	3.1697	2.9248	3.4902	4.4302	3.4525	4.0240	4.0392	3.8248	4.1767	4.7540	4.7008	4.6848	4.6680	6.4040	6.7992	7.4583	8.1330	9.1638	10.9286	12.7744	13.2049	13.6829	14.4428	15.7282	16.6132
12.7737	12.4805	12.4583	11.5924	11.3512	11.2711	10.9273	10.4578	10.1870	10.1730	9.8206	9.4063	9.1087	9.0828	8.7294	8.4531	8.2788	8.3561	7.8429	7.4845	7.4755	7.2703	6.8513	6.4743	6.7622	6.3925	5.9668	6.0133	5.9092	5.5722	5.2635	5.3339	4.9687	4.7637	4.5990	4.1760	4.1065	3.9064	3.7147	3.4785	3.3821	3.1695	3.0016	2.8353	2.5588	2.3748	2.2787	2.1495	1.8794	1.7753	1.6093	1.4204	1.2778	1.1391	0.9627	0.8541	0.6390	0.4852	0.4343	0.4194	0.2657	0.2526	0.2849	0.4914	0.5877	0.6807	0.9818	1.4371	2.0893	3.7969	4.8290	5.1144	6.1060	7.5689	9.0947	11.2316	11.8676	12.6225	13.4306	15.2470	16.3089	15.1424	14.6496	13.9956	13.0452	13.2679	13.0380	12.0149	11.7119	12.0979	11.3225	10.8620	10.8310	10.8115	10.3598	9.8194	9.9926	9.5929	9.2579	8.7588	8.7406	8.5331	8.3294	7.9793	7.8928	7.7066	7.3570	7.5596	7.1365	7.1226	6.9559	6.5705	6.1788	6.3380	5.9884	5.4983	5.2154	5.0146	5.0030	4.4065	4.3165	4.4244	4.2637	3.7505	3.8596	3.9524	3.4981	3.5483	3.4812	3.5412	3.4726	3.3206	3.2730	3.4589	3.1663	3.0520	3.4538	3.2027	3.0996	3.5249	3.7029	3.3468	3.8298	4.1198	3.6828	4.1206	4.9096	4.8006	5.1281	4.9214	6.4115	6.4819	7.1796	8.2293	9.1837	10.7884	12.5592	13.2390	13.7347	14.5389	15.9126	16.6847
13.3694	13.1916	13.0346	12.0883	11.9958	12.0190	11.4882	10.9835	10.9507	10.8827	10.3210	10.0779	9.9481	9.6354	9.2365	9.3070	9.1083	8.7201	8.5068	8.3306	8.1216	7.8021	7.6613	7.2836	7.3453	6.9361	6.7131	6.6786	6.3828	6.2149	5.9497	5.9568	5.4191	5.5399	5.4009	4.9787	4.8719	4.7921	4.5816	4.2049	4.1814	4.0025	3.6843	3.4384	3.2972	3.1248	2.8403	2.7066	2.5352	2.4412	2.0499	1.9408	1.8548	1.5664	1.2963	1.2194	1.1756	0.7153	0.6068	0.6041	0.5380	0.2769	0.2530	0.3233	0.6082	0.7557	0.8734	1.3873	1.9781	3.9330	4.8548	5.1254	6.0627	7.4988	9.1306	11.5004	11.9605	12.6286	13.5450	15.0458	16.2586	16.0881	15.4708	14.8876	13.9549	14.1111	13.7368	12.8440	12.5141	12.9713	11.9894	11.7625	11.6895	11.5854	11.2248	10.9218	11.0550	10.4065	10.3028	9.8015	9.8630	9.3463	9.4218	9.1698	8.7263	8.4761	8.4605	8.3315	7.9553	7.9998	7.7586	7.0915	6.9775	6.9456	6.4231	5.9757	5.7650	5.5659	5.3073	4.8622	4.8175	4.8888	4.5449	4.2988	4.3989	4.2385	3.8338	4.1067	4.0378	3.6711	3.9211	4.0094	3.8830	3.4076	3.7166	3.6909	4.0015	3.6321	3.7427	4.2480	4.1459	3.7709	4.4532	4.8079	4.2249	4.3444	5.4173	5.0530	5.2346	4.9141	6.3917	6.5325	7.5573	7.9898	9.2487	10.9764	12.7193	13.3061	13.6277	14.2708	15.6639	16.7254
15.0564	14.9450	14.8102	14.0285	13.9178	13.7548	13.2846	12.7081	12.6052	12.6419	11.9640	11.5692	11.6916	11.3476	10.9476	10.6379	10.6204	10.3601	9.8238	9.8685	9.5874	9.4128	8.9871	8.9210	9.1075	8.4303	8.2966	8.2912	8.0368	7.6301	7.4954	7.5414	6.8347	6.8729	6.8859	6.3004	6.1861	6.0492	6.0371	5.5727	5.3277	5.1804	4.7645	4.5174	4.3033	4.0806	3.7982	3.3380	3.3396	3.1343	2.6578	2.3655	2.3866	2.2687	1.7041	1.5671	1.6107	1.2476	0.8402	0.8224	0.7473	0.5515	0.2932	0.2522	0.3382	0.7584	0.9093	1.3423	1.8985	3.7552	4.8335	5.1235	6.0814	7.6594	8.8510	11.2179	11.8165	12.5114	13.3298	14.8727	15.9650	17.9604	17.5553	16.6399	15.6579	16.2521	15.7141	14.3710	14.3211	14.9949	13.6155	13.4798	13.4703	13.5157	12.7218	12.1603	13.0187	12.3018	11.6752	11.4592	11.8218	11.0795	10.5794	10.8375	10.5790	10.3805	10.1567	10.1096	9.4223	9.7655	9.2992	8.8150	8.6497	8.6406	8.1313	7.5816	7.5245	7.1637	6.7812	6.2131	6.3445	6.3355	5.9386	5.8789	5.7959	5.7290	5.0869	5.3765	5.3929	5.0827	5.0779	5.0675	5.1859	4.4912	4.8720	4.8899	5.0014	4.4409	4.6036	4.8668	4.6373	4.5221	5.0849	5.2229	5.1240	4.8266	5.9368	5.5330	5.5252	5.3461	6.3630	6.3249	7.5739	7.7752	9.2642	11.1472	12.9730	13.4858	13.6551	14.2555	15.5824	16.6686
15.4681	15.1950	14.9958	13.9204	13.9319	13.8680	13.2998	12.8592	12.7487	12.8497	12.0940	11.9684	11.8842	11.6437	11.2253	11.0587	10.9883	10.9005	10.3297	10.1700	10.0930	9.8382	9.2861	9.1480	9.3652	8.8009	8.3984	8.4955	8.2552	7.7752	7.5368	7.5376	6.9412	6.9792	6.9337	6.3078	6.1790	6.1504	5.9562	5.5818	5.5205	5.3701	5.0171	4.9245	4.6653	4.4213	4.3141	3.9513	3.5991	3.5279	3.2348	2.8754	2.6811	2.8331	2.3167	2.0017	1.9304	1.4583	1.3465	1.0474	0.8530	0.6816	0.6424	0.2967	0.2521	0.3238	0.7499	1.2186	2.0557	3.7536	4.9383	5.3126	5.9667	7.6496	8.8423	10.9994	11.8087	12.5870	13.3492	15.1728	16.1723	18.0848	17.5536	16.9079	16.0102	16.3136	15.9685	14.8186	14.7062	15.1092	14.1190	13.6404	13.7495	13.7414	13.1413	12.4041	13.2114	12.7184	11.8447	11.4743	12.0330	11.5612	10.4086	11.0584	10.7904	10.4737	10.2204	10.2333	9.8303	9.9216	9.4217	9.0386	8.8741	8.9088	8.3834	7.7912	7.7572	7.2155	6.9696	6.4121	6.5949	6.4200	6.0928	5.8949	5.8740	5.8860	5.3031	5.5336	5.4841	5.5667	5.2361	5.1589	5.5463	4.9153	4.7116	4.9676	5.1307	4.6836	4.2340	5.0426	5.0833	4.6173	5.2202	5.3018	5.0520	5.2603	6.1252	5.9245	6.0470	5.4382	7.0807	6.9164	7.5989	8.3639	9.3677	11.0424	12.9382	13.5790	14.0777	14.6810	16.0171	16.8046
16.5404	15.9618	15.6827	14.6361	14.6172	14.5054	13.9667	13.5334	13.3979	13.3730	12.8606	12.6571	12.3285	12.1678	11.8814	11.7453	11.3730	11.7847	11.0456	10.6771	10.4552	10.5328	10.0305	9.5732	9.8138	9.4636	8.9592	8.9235	8.7688	8.5057	8.0594	8.1021	7.6751	7.6032	7.4634	6.9701	6.9755	6.8551	6.6422	6.3243	6.3985	6.2115	5.5672	5.7264	5.6513	5.1756	5.0376	4.9168	4.6303	4.2555	4.0418	3.8997	3.5417	3.1348	3.1892	2.9751	2.4949	2.0120	1.8908	1.8070	1.1771	1.0894	1.0963	0.8745	0.3025	0.2524	0.4225	1.0567	2.2406	3.8439	4.7643	5.1433	6.0147	7.2870	8.9162	11.3993	12.0068	12.8447	13.5981	15.3469	16.3282	18.2829	17.8059	17.1863	16.1506	16.3534	16.2917	15.2470	14.8851	15.3951	14.6111	14.0158	14.1946	14.2001	13.9260	12.9899	13.6088	13.1521	12.9687	12.3384	12.2523	12.0880	12.1356	11.4813	11.2096	11.1895	10.9631	10.7478	10.4900	10.5472	9.9612	9.6088	9.5674	9.3105	8.8211	8.5726	8.5144	7.9426	7.4975	7.2023	7.1241	6.8388	6.7001	6.2847	6.3169	6.1726	5.8367	6.0049	5.8333	5.5785	5.7154	5.4585	5.2533	5.1121	5.0864	4.9671	4.9161	4.4807	4.5764	5.1933	4.6256	4.4138	5.5254	5.7591	4.9996	5.5764	6.6538	6.2143	6.4411	5.7665	7.2096	7.1056	7.9254	8.5038	9.9995	11.6849	13.3684	14.0054	14.2401	14.8863	16.1945	17.0768
18.8149	18.6163	18.1169	17.1153	17.4150	17.2620	16.4294	15.8492	16.3530	16.2727	15.2919	15.1610	15.4696	14.9210	14.1804	14.5424	14.1343	13.8277	13.5482	13.6865	13.0349	12.6368	12.7689	12.4074	12.1028	11.7016	11.7215	11.4694	10.8118	10.5947	10.6437	10.2032	9.3473	9.7718	9.6821	8.8544	8.8162	8.9225	8.7749	7.9934	8.2015	8.1165	7.2443	7.1966	7.4055	6.9502	6.4368	6.2815	6.2613	5.7836	5.1077	5.0847	4.8586	4.4934	3.7197	3.9781	3.7579	2.8397	2.5731	2.3765	2.3499	1.4267	1.3020	1.4064	0.8812	0.3442	0.2523	0.5407	2.0850	3.8239	4.9728	5.4606	6.2213	7.6390	9.0837	11.6529	12.0540	12.7802	13.5106	15.1649	16.1823	20.2024	20.0057	19.4082	18.7682	19.1603	18.5111	17.4389	17.5428	17.9016	16.5257	16.1434	16.7188	16.4517	16.1391	15.3742	16.2607	15.4371	15.4975	14.9254	14.9080	14.4455	14.8781	14.0172	13.5910	13.7505	13.2226	13.1742	12.7514	12.8893	12.4549	11.8619	11.8303	11.7079	10.9281	10.3801	10.5793	10.0611	9.1620	8.8908	9.0414	8.5787	8.2013	8.0846	8.1390	7.9093	7.2384	7.8363	7.7986	7.1151	7.1748	7.4332	7.3600	6.4722	6.7734	6.8833	6.8399	5.9117	6.0592	6.8620	6.2492	5.6831	6.6224	6.9180	5.9774	6.4414	7.5907	6.6656	6.6641	6.1012	7.4037	7.3427	8.3717	8.7853	10.2781	11.6760	13.4700	13.8619	14.0712	14.6049	15.9306	16.9673
24.7870	24.4385	24.0252	23.4462	23.7662	23.5189	23.0674	22.8460	23.0600	23.0385	22.4025	22.5392	22.6940	22.2731	21.9410	22.0266	21.7561	21.6749	21.4753	21.4882	20.7446	20.2592	20.1158	19.9525	19.4305	18.6205	18.9623	18.5381	17.5629	17.4311	17.3973	16.7723	15.6795	16.2007	16.2693	15.1408	15.1916	15.0662	14.9753	14.2934	14.1825	14.1185	13.0794	13.0631	12.7581	12.4155	12.0289	11.4147	11.3254	11.1595	10.3225	9.2574	9.4357	9.1201	7.7935	6.9919	7.0608	6.4126	4.9149	4.8693	5.0502	3.9184	2.6491	2.7470	2.6177	1.7010	0.6047	0.2532	0.7254	2.6060	4.1949	5.1358	5.8361	6.9202	8.5698	10.9582	11.5059	12.1924	13.0192	14.7580	16.0460	25.3209	25.3392	24.9126	25.0838	25.3360	24.5636	24.2097	24.6614	24.4623	23.4942	23.2800	24.1170	23.4989	23.0316	22.7764	23.7252	22.6416	23.1610	22.6351	22.6480	21.5061	21.8578	21.6311	20.7914	20.5315	20.4135	20.4882	19.5216	19.5282	19.7340	18.4800	18.2251	18.0810	17.3528	16.8334	17.1129	16.2635	15.5022	15.7353	15.6957	14.8191	14.4123	14.3504	14.2338	13.9101	13.3378	13.4240	13.3326	13.0147	12.6706	12.8256	12.6080	11.7012	12.0121	11.9541	11.2440	10.0623	10.6243	10.8639	9.4589	9.3168	10.2318	9.5824	8.5801	9.0310	10.2374	8.9006	8.6261	7.5779	9.0514	8.8235	9.3412	10.3421	11.6231	13.3809	14.8237	15.2066	15.1327	15.4056	16.5698	17.5455
25.9680	25.9539	25.5541	25.4307	25.7120	25.2517	24.8114	24.6609	25.0832	24.6118	23.7170	24.1429	24.4969	23.4823	23.1528	23.5255	22.9494	22.8226	22.1124	22.8069	21.7828	21.3943	21.3182	21.3042	20.5094	20.2915	20.8507	20.1424	19.3876	19.4985	19.4296	18.6364	18.0246	18.6741	18.1570	17.1598	17.3795	17.2422	16.9327	16.0758	16.3560	15.9207	14.6394	14.9827	15.0104	14.3659	14.1105	13.9942	13.6679	12.9102	12.6878	12.4300	11.9146	11.4161	10.7423	10.8255	9.7485	8.7532	8.1152	7.3380	6.4251	6.3261	5.5733	3.3110	3.1241	3.3944	2.5802	0.6064	0.2523	0.9004	2.6825	4.0473	4.2231	5.1620	7.0558	9.8815	10.5222	11.4913	12.2414	14.0325	15.4100	26.4194	26.6730	26.3046	26.1853	26.4377	26.0529	25.5521	25.7122	25.9074	25.3788	24.8380	25.4089	25.2196	25.1881	24.8214	25.0056	23.9302	25.4140	24.5814	23.6516	23.6359	24.5558	23.1634	22.3825	22.5589	21.9432	21.9373	21.4509	21.2267	21.2024	20.5293	20.3480	20.0385	19.1208	18.9150	18.6334	18.0113	17.0910	17.1614	17.2107	16.1887	15.6165	15.7577	15.5125	14.9985	14.5050	14.7738	14.3415	13.9411	13.7106	13.5418	13.0950	12.6299	12.6666	12.4119	11.6867	10.5754	10.9048	10.5580	8.7038	8.8982	9.8735	9.1938	8.1969	8.5502	9.8584	8.7394	8.6479	7.1728	8.4874	8.3981	9.1938	10.3602	11.8272	13.7419	15.2677	15.5424	15.3385	15.5812	16.7672	17.7309
27.9954	28.0713	27.9201	27.8577	27.9576	27.7476	27.3655	27.2896	27.5167	27.1393	26.6215	26.8393	26.8859	26.1971	25.6987	26.0536	25.3402	25.4543	24.8956	25.2289	24.3056	23.7657	24.2266	23.8934	23.3348	23.1983	23.5481	22.9611	22.4106	22.6637	22.3930	21.7838	21.6086	21.8870	21.5273	20.7201	21.2684	20.8350	20.5132	20.0582	20.1698	19.7163	18.4354	19.1008	18.8304	18.0854	17.7123	17.8853	17.4172	16.2477	16.4471	15.9452	14.7162	14.3960	14.1484	13.3316	11.7594	11.3547	10.8693	9.5764	7.5223	7.9516	7.7588	5.0107	4.8244	5.5581	3.8030	2.8190	0.5808	0.2521	0.8836	2.3990	3.0747	4.3095	6.3132	10.0095	10.3661	11.4721	12.0931	13.9757	15.2687	28.2013	28.3996	28.1824	28.2256	28.3410	28.1193	27.7916	27.7790	27.8711	27.5940	27.2951	27.3564	27.3655	27.0340	27.0496	26.9010	26.7359	27.2866	26.6768	26.2205	25.8901	26.0441	25.3165	25.0007	24.9809	24.3919	24.0292	23.8384	23.7449	23.2349	23.0128	22.8252	22.4723	22.0370	21.8157	21.5255	20.9528	20.4436	20.5223	20.2881	19.5539	19.1592	19.0378	18.7018	18.4757	17.8875	17.9740	17.6060	17.1676	16.5004	16.4542	16.0521	14.8684	15.1429	14.8945	13.7913	12.3799	12.4679	12.4380	10.1928	10.8698	11.4854	10.5895	8.8691	9.9739	11.3123	10.3866	9.9583	8.3867	8.8536	8.9814	9.9323	10.6658	12.1131	14.0758	15.9690	16.1154	16.0820	16.2798	17.6517	18.2574
28.0957	28.1539	27.9535	27.8871	27.9186	27.6752	27.2076	27.1097	27.3682	26.8350	26.2230	26.5823	26.6213	25.8673	25.5017	25.7495	25.1913	25.1813	24.4696	24.9539	24.1963	23.6680	24.1242	23.7915	23.4063	23.2961	23.5084	22.9935	22.2243	22.8001	22.4107	22.1046	21.4913	21.8859	21.5618	20.6619	21.0879	20.4980	20.5189	19.8515	19.8917	19.3830	18.2527	18.8348	18.5286	17.6714	17.3734	17.6940	16.7569	15.5016	16.4407	15.7765	14.3390	14.1417	14.0507	13.2802	11.2407	10.5855	11.0096	9.8261	7.5779	8.2958	8.2378	5.6717	5.7232	6.2666	4.9972	3.8320	2.5694	0.5260	0.2521	0.9273	2.2182	3.8459	6.2078	9.2516	10.2223	11.2402	12.0264	13.6819	14.7460	28.2842	28.4104	28.1037	27.9553	28.2553	28.0475	27.5666	27.4688	27.7782	27.4432	26.9031	27.0874	27.2919	26.8225	26.6219	26.9730	26.5912	26.7115	26.2579	26.2559	26.0320	25.3550	25.5453	25.2021	24.9941	24.5226	24.4012	24.0545	23.8127	23.5054	23.2303	23.0868	22.7250	22.2553	22.0168	21.6047	21.2986	20.4981	20.4479	20.3328	19.7672	19.1067	19.1128	19.0467	18.5066	18.0104	18.0049	17.9794	16.9657	16.3490	16.4965	15.9193	14.6892	14.3410	14.6865	13.0794	11.8965	12.0670	12.2153	10.4556	10.3572	10.9952	10.3913	9.3514	10.0401	11.2209	10.4279	10.5065	8.7804	9.8839	9.1922	9.8533	10.8985	12.5357	14.4051	16.3112	16.6722	16.4640	16.6870	17.8330	18.6712
28.1355	28.2297	28.0619	27.9047	27.9214	27.6702	27.0786	26.9220	27.3885	26.7735	26.1424	26.4398	26.5898	25.7099	25.2633	25.8713	25.3346	25.0813	24.4086	25.0913	24.1094	23.5001	24.1306	23.9007	23.2103	23.1711	23.7027	22.9667	22.1221	22.8952	22.5034	21.8752	21.3790	22.0963	21.5919	20.3833	21.0672	20.8428	20.1871	19.6781	19.9329	19.3675	17.6334	18.7111	18.4104	17.3584	17.1054	17.6702	16.6365	15.1528	16.2118	16.0593	14.3576	13.3763	14.2111	13.7499	10.1931	10.1062	11.4463	9.9237	7.3486	8.3638	8.8681	6.4550	6.7191	8.2908	6.9389	5.8851	3.5470	2.0631	0.5273	0.2519	0.7643	2.6938	5.1218	8.0865	9.4657	10.5589	11.1691	13.0455	14.1298	27.9726	28.3091	28.0049	27.8380	28.0923	27.7910	27.2278	26.9415	27.4061	26.9208	26.4613	26.5674	26.7420	26.7262	26.4678	26.4941	26.0939	26.4331	25.9593	25.7932	25.5950	25.3041	25.2543	24.8774	24.8745	24.3980	24.1501	23.8499	23.6841	23.2207	22.9458	23.0444	22.4927	21.7515	21.7038	21.2159	20.8029	19.9977	20.0768	19.8558	19.0390	18.4644	18.3028	18.2020	17.3538	17.2451	17.1019	16.9880	15.8986	15.7337	15.9212	15.2626	14.1357	13.9940	14.6477	12.0543	10.7948	11.7637	11.7584	9.8614	9.1211	10.6069	9.9372	8.7743	9.7464	11.4982	10.4122	10.1915	8.2469	9.4240	9.3688	9.6892	11.1799	12.9592	14.4289	16.2921	16.5354	16.5836	16.8374	17.9062	18.6533
28.9132	29.0793	28.8723	28.7558	28.9162	28.6732	28.1584	28.0422	28.4506	27.8981	27.4398	27.6129	27.6356	27.0914	26.7051	27.0685	26.5876	26.2938	25.9686	26.2343	25.8017	25.5273	25.7937	25.3773	25.2010	25.2304	25.2195	24.7395	24.4934	24.5323	24.1161	23.9807	23.6713	23.6976	23.2157	22.6032	22.9297	22.4966	21.9977	21.8043	21.6658	21.0170	19.5639	20.6360	19.9717	18.9009	18.8621	19.2452	18.2343	16.8054	17.5050	17.2072	15.6418	13.9179	14.4692	14.1823	10.5260	10.9335	11.2705	10.0471	7.7686	8.7156	9.7200	7.2127	7.6447	9.3072	9.2899	7.4548	4.7507	3.4317	2.5913	0.5549	0.2524	1.1404	3.4401	6.0466	7.8639	9.6123	10.7304	13.1552	14.1642	28.6886	28.9015	28.7136	28.5861	28.7566	28.5216	28.1153	27.9774	28.1911	27.8113	27.7560	27.5962	27.7731	27.7339	27.6544	27.4767	27.2415	27.0535	26.9985	26.8530	26.6193	26.2591	26.1232	26.0108	25.8499	25.4368	25.3591	25.0679	24.6427	24.5507	24.5272	24.3052	23.7428	23.6094	23.4589	22.7643	22.6086	22.0022	22.0616	21.5667	20.9388	20.6078	19.8679	19.9440	19.3484	18.9621	18.6127	18.6823	17.6015	17.0515	17.4754	16.7948	15.0232	14.8800	15.2479	13.3099	11.7378	12.1822	12.3729	10.3876	9.5041	10.5211	10.0806	8.1353	9.2773	10.9873	10.3092	9.8467	8.5131	9.4251	9.8518	10.3986	11.7254	12.9519	14.4468	16.6143	17.0374	17.2188	17.4663	18.5786	19.0469
30.3813	30.4927	30.3472	30.3119	30.3760	30.2763	30.0398	30.0708	30.1427	29.8941	29.7133	29.7980	29.6873	29.4882	29.2926	29.4030	29.1532	29.0677	28.9693	28.8956	28.7880	28.6568	28.6738	28.4585	28.5788	28.4177	28.3336	28.1212	28.1337	27.7378	27.5092	27.6093	27.2163	26.9691	26.9360	26.7088	26.2763	25.9636	25.8836	25.6475	25.0505	24.6213	24.2080	23.9896	23.5181	22.9000	22.5684	22.3290	21.4794	20.3571	19.9713	19.1779	17.8945	16.3522	16.4399	15.1419	12.7684	12.1836	12.5439	11.1935	8.8393	10.1357	11.6417	10.1607	9.5354	12.5333	13.4482	11.8675	8.6423	6.5424	5.1472	3.0601	1.0077	0.2548	1.3165	3.9826	6.3664	8.9019	10.6567	13.3560	14.4705	30.1669	30.2462	30.0914	30.0076	30.0698	30.0315	29.7716	29.7201	29.8596	29.6203	29.5627	29.5273	29.6067	29.4678	29.3998	29.3347	29.2647	29.1318	29.0271	28.9863	28.8226	28.6487	28.6425	28.5265	28.3750	28.1980	28.1094	27.7864	27.7672	27.5980	27.3688	27.1187	26.9793	26.8263	26.6346	26.3917	26.2011	25.7805	25.5670	25.4134	25.1273	24.5561	24.2025	24.1591	23.8919	22.9342	22.9011	23.1781	21.9452	20.5896	21.3783	20.7770	18.0713	17.6997	18.8425	16.6004	14.4233	15.2656	16.3538	12.9087	12.6244	14.9291	14.4421	11.9876	14.0095	16.3737	15.3211	15.4943	13.1750	14.0268	12.9179	12.3146	14.0366	16.7138	17.8607	19.3011	20.0921	20.1382	20.0890	20.9909	20.8072
30.8239	30.8724	30.7714	30.7212	30.7800	30.7229	30.5686	30.5893	30.6311	30.4543	30.3590	30.3576	30.2938	30.1119	29.9274	29.9914	29.8785	29.7371	29.6719	29.5848	29.5293	29.3337	29.3653	29.1924	29.2114	29.1166	29.0151	28.7990	28.8274	28.6424	28.3824	28.2635	28.2933	28.1099	27.7020	27.6486	27.5798	27.1291	26.6895	26.8753	26.6443	25.8901	25.4062	25.7209	25.3804	24.1521	24.3066	24.5274	23.5752	22.1015	22.6775	22.2649	20.0460	18.6209	19.9859	19.0943	15.6221	15.4451	17.1780	15.6082	12.4290	14.0425	15.9768	13.3038	12.4340	15.5388	16.3977	13.1330	10.4458	7.5843	6.3912	4.8970	3.8070	0.7465	0.2526	1.4983	4.1965	7.3090	9.7648	12.4009	14.0319	30.7260	30.8175	30.7095	30.6636	30.6868	30.6974	30.5417	30.5305	30.5970	30.4423	30.4310	30.3871	30.4135	30.3099	30.2674	30.1821	30.1641	30.0974	29.9762	29.8817	29.8872	29.7902	29.5828	29.5320	29.5340	29.2687	29.1259	29.0142	28.9274	28.6921	28.5674	28.4376	28.1192	27.9965	27.9968	27.6005	27.2952	27.1690	27.0261	26.5724	26.3779	26.0045	25.5575	25.1563	25.0618	24.4456	23.7713	23.7300	22.9418	21.5224	21.5430	20.8134	18.7156	17.9125	18.6217	16.8602	15.3240	15.6159	15.9618	13.9880	13.9268	15.5633	14.8975	13.4037	15.3979	17.6577	16.3908	17.2153	14.9492	16.7064	15.7051	15.3145	16.6220	18.8494	20.8975	21.4167	22.5907	22.7960	22.7520	23.1745	22.7867
31.1200	31.1467	31.0909	31.0288	31.0214	31.0599	30.9719	30.9109	30.9609	30.9066	30.7638	30.7285	30.7901	30.6669	30.4448	30.4835	30.5077	30.3965	30.1869	30.1957	30.2434	29.9298	29.9406	29.9886	29.9437	29.8152	29.7833	29.7424	29.7671	29.4185	29.4031	29.2779	29.3032	29.1460	28.9546	28.8390	28.5866	28.5082	28.0690	28.0602	28.0262	27.4711	27.0131	26.9878	26.8755	25.9758	25.5980	25.8496	25.3308	23.8492	23.6107	23.8681	22.2523	20.4226	21.6458	21.4771	18.2101	17.3016	19.2585	18.3029	15.0856	16.1837	18.3892	15.4930	13.9494	16.8262	17.9627	14.6980	12.0328	8.9745	8.9080	8.2115	5.4267	3.8112	0.8597	0.2537	1.4124	4.4214	7.3233	10.0584	11.8937	31.0146	31.0981	31.0053	31.0031	31.0261	31.0188	30.9279	30.8851	30.9516	30.8380	30.7549	30.7949	30.8443	30.7329	30.6598	30.6895	30.6526	30.5660	30.4665	30.4571	30.4199	30.2930	30.2204	30.1745	30.1200	29.9696	29.8631	29.7565	29.7296	29.5925	29.3605	29.2626	29.1671	28.9089	28.8280	28.6671	28.3943	28.1159	27.9384	27.8443	27.5503	26.9247	26.8898	26.6965	26.2681	25.4659	25.4554	25.4429	24.2187	22.9992	23.7493	22.7221	20.5494	20.7904	21.7369	19.0819	17.8634	19.5622	19.8059	16.8740	17.8331	20.1396	18.9467	17.2141	19.6328	21.4371	19.9961	20.4030	18.5913	19.8842	19.1619	18.4949	20.9754	22.5082	23.8015	23.7900	24.8629	24.5150	24.5358	24.4939	24.2996
31.1897	31.2601	31.2104	31.1679	31.1823	31.1944	31.1346	31.0959	31.1526	31.1045	31.0075	30.9771	31.0481	30.9681	30.8170	30.8258	30.8484	30.7671	30.5844	30.6599	30.6380	30.4365	30.4477	30.5196	30.3802	30.3727	30.4070	30.3035	30.3414	30.1463	30.1108	29.9125	30.0121	29.8842	29.7444	29.6530	29.4311	29.4266	29.1210	29.1320	29.0221	28.6896	28.4182	28.3479	28.2285	27.6556	27.4501	27.4316	27.1874	26.1887	25.8589	25.8970	24.8908	23.7212	23.7965	23.7673	21.7567	20.6259	21.4071	20.8268	17.7063	17.9284	19.4727	17.0827	15.1854	17.5708	18.1315	14.8534	13.0762	10.6663	11.2438	11.3895	9.4298	6.6710	4.3117	1.2003	0.2562	1.5866	4.3914	6.2813	8.6793	31.1277	31.2218	31.1559	31.1509	31.1923	31.1814	31.1074	31.0681	31.1533	31.0548	30.9709	31.0024	31.0655	30.9896	30.9423	30.9511	30.9215	30.8508	30.7693	30.7932	30.7506	30.6699	30.6026	30.6083	30.5406	30.4786	30.3885	30.3151	30.3468	30.2245	30.0574	29.9652	29.9753	29.7391	29.6577	29.6215	29.3396	29.0869	29.0964	29.0224	28.6682	28.3065	28.4589	28.1837	27.7639	27.4568	27.4820	27.1889	26.4430	25.9147	26.1816	25.3542	23.7075	24.2016	24.5531	22.4949	21.6533	22.9177	22.6643	20.2868	21.2343	22.6352	21.5076	19.3856	21.5552	22.4530	21.0612	21.0614	19.7802	21.3333	20.8224	20.7993	22.9176	23.8678	25.0306	24.9448	25.4405	25.1508	25.3401	25.2997	25.5045
31.2382	31.3109	31.2782	31.2701	31.2673	31.2719	31.2468	31.2145	31.2500	31.2183	31.1484	31.1362	31.1813	31.1156	31.0003	31.0192	31.0405	30.9820	30.8345	30.8952	30.8566	30.6826	30.7145	30.7633	30.6631	30.6443	30.6463	30.5620	30.6085	30.4577	30.3822	30.2510	30.3588	30.1893	30.0665	30.0795	29.8673	29.7724	29.5919	29.6791	29.4542	29.1472	29.0994	28.9742	28.7615	28.3530	28.2848	28.1493	27.8731	27.3428	26.9236	26.8038	26.1458	25.2258	25.0987	24.9620	23.3289	22.4346	22.9017	21.8508	19.2394	19.5252	20.7125	17.8561	15.8822	18.5393	18.6994	15.1613	13.1618	11.3578	11.7309	12.8452	11.7873	9.2245	6.8191	3.9357	0.8531	0.2534	1.3616	3.7896	5.7289	31.1680	31.2831	31.2137	31.2503	31.2756	31.2593	31.2098	31.2055	31.2574	31.1923	31.1266	31.1582	31.1997	31.1457	31.0867	31.1240	31.0968	31.0236	30.9918	31.0044	30.9677	30.8716	30.8459	30.8542	30.7906	30.7197	30.6919	30.6236	30.6474	30.5668	30.4324	30.3439	30.3711	30.1898	30.0847	30.0781	29.8504	29.6229	29.6365	29.6144	29.2912	29.0251	29.2026	28.8720	28.5858	28.3464	28.3054	28.0226	27.5360	27.0307	27.0564	26.5034	25.0744	25.4026	25.5317	23.7667	22.9034	23.8554	23.3350	20.9083	21.3674	22.8263	21.4806	19.4484	21.3263	22.2035	20.6239	20.8474	19.6200	21.2198	21.0843	21.0604	22.9956	24.0185	25.0876	25.0996	25.4856	24.8311	25.0054	24.9710	25.3320
31.2910	31.3561	31.3167	31.3119	31.3323	31.3169	31.2877	31.2689	31.3109	31.2729	31.2218	31.2097	31.2560	31.2035	31.1108	31.1198	31.1305	31.0907	30.9585	31.0102	30.9808	30.8661	30.8557	30.8942	30.8106	30.8038	30.7827	30.6977	30.7717	30.6189	30.5460	30.4597	30.5357	30.3428	30.2646	30.2696	30.0363	29.9599	29.8397	29.8639	29.6310	29.3713	29.2824	29.1923	28.9424	28.5748	28.4732	28.3720	28.0024	27.5717	27.1841	27.0487	26.3357	25.6768	25.5690	25.1698	23.8110	23.0844	23.5328	22.3432	19.9451	20.4742	21.2738	18.2278	16.8183	19.2046	19.0021	15.9061	13.8375	12.1760	12.5120	13.4867	12.9374	10.4288	8.3545	5.9524	3.5364	0.7700	0.2539	1.1894	3.4650	31.2254	31.3084	31.2395	31.2564	31.3066	31.2790	31.2346	31.2377	31.3023	31.2394	31.1859	31.2212	31.2665	31.2043	31.1595	31.2051	31.1774	31.1037	31.0828	31.1075	31.0599	30.9968	30.9769	30.9725	30.8926	30.8612	30.8423	30.7614	30.7802	30.7313	30.6092	30.5105	30.5512	30.3813	30.2735	30.2680	30.0459	29.8720	29.8810	29.8396	29.5678	29.3560	29.4202	29.1487	28.9046	28.6307	28.5585	28.3087	27.8260	27.3498	27.3094	26.8742	25.6271	25.7123	25.8480	24.2689	23.3050	23.9152	23.4009	21.1957	21.2327	22.6057	21.1388	19.3292	21.0083	21.7898	19.9732	20.2339	19.3379	20.7983	20.8092	20.9232	22.6996	23.7382	24.8747	24.9653	25.3192	24.5928	24.8335	24.7296	25.0936
31.2822	31.3638	31.3328	31.3226	31.3474	31.3315	31.2985	31.2805	31.3131	31.2742	31.2223	31.2247	31.2434	31.1950	31.1145	31.1110	31.1086	31.0490	30.9580	30.9881	30.9534	30.8471	30.8492	30.8735	30.7845	30.7915	30.7740	30.6667	30.7333	30.6215	30.5542	30.4399	30.5224	30.3603	30.2752	30.2766	30.0367	29.9876	29.8513	29.8286	29.6307	29.3224	29.2323	29.1387	28.9380	28.5250	28.3863	28.3028	27.9498	27.3838	27.1218	26.9700	26.2333	25.3077	25.4689	25.0803	23.5003	22.8385	23.3696	22.1240	19.7838	20.4933	21.3980	18.2678	17.0080	19.6814	19.2978	16.2364	14.0143	12.2972	12.4211	13.3377	12.5788	10.2932	9.3372	7.3578	5.0228	3.6072	0.7237	0.2525	1.2833	31.1956	31.2935	31.2331	31.2463	31.2835	31.2758	31.2257	31.2324	31.2889	31.2284	31.1458	31.2102	31.2509	31.1868	31.1263	31.1869	31.1490	31.0683	31.0498	31.0826	31.0479	30.9274	30.9345	30.9476	30.8603	30.8327	30.8188	30.7151	30.7623	30.7078	30.5885	30.4676	30.5507	30.3626	30.2491	30.2515	30.0139	29.8645	29.8456	29.8078	29.5681	29.3203	29.3544	29.1151	28.8497	28.6076	28.4540	28.2333	27.7411	27.1680	27.2010	26.6478	25.4871	25.4396	25.6877	23.9000	22.7429	23.5861	22.9156	20.4619	20.9027	22.0962	20.3969	19.0929	20.5714	21.2956	19.5126	19.7688	19.0918	20.4989	20.5486	20.8724	22.2145	23.2417	24.5059	24.4463	24.9776	24.2335	24.4958	24.0672	24.6826
31.3714	31.4242	31.3946	31.3941	31.4085	31.3800	31.3397	31.3315	31.3515	31.3160	31.2750	31.2702	31.2812	31.2630	31.2054	31.1675	31.1636	31.1336	31.0648	31.0698	31.0603	30.9886	30.9773	31.0070	30.9339	30.9552	30.9200	30.8417	30.8885	30.8035	30.7319	30.6220	30.6764	30.5510	30.4744	30.4724	30.2649	30.2488	30.1439	30.0798	29.9597	29.7167	29.6228	29.4725	29.3917	29.0073	28.8399	28.7321	28.4760	27.9202	27.6229	27.5258	26.8408	26.2196	26.1375	25.8600	24.3416	23.9543	24.3727	22.9017	20.8051	21.8187	22.2691	19.2171	18.5013	20.8111	20.0164	17.4267	15.4445	13.6925	13.5357	14.4183	14.2710	12.2088	11.9724	9.9800	7.6818	5.1276	3.5680	0.8140	0.2537	31.3088	31.3857	31.3276	31.3317	31.3638	31.3584	31.3065	31.3117	31.3565	31.3027	31.2285	31.2878	31.3184	31.2607	31.2028	31.2509	31.2068	31.1283	31.1244	31.1572	31.1067	31.0051	31.0208	31.0459	30.9374	30.9213	30.9442	30.8394	30.8446	30.8331	30.7288	30.5926	30.6744	30.5164	30.4031	30.4220	30.2214	30.1034	30.0559	30.0701	29.8501	29.6362	29.6903	29.4453	29.2501	29.0448	28.9357	28.7097	28.2455	27.8064	27.7591	27.3179	26.3362	26.1846	26.2532	24.6137	23.6451	24.2358	23.3268	20.7785	21.1759	22.2818	20.6285	19.5524	20.5819	21.1185	19.5835	19.5313	19.2974	20.5204	20.7016	21.1494	22.7082	23.8853	24.9429	24.8740	25.2247	24.5753	24.7551	24.6788	24.7448
18.3790	19.9877	20.3435	18.8673	19.0188	20.4350	19.8192	18.6707	19.5004	20.6286	19.7004	19.3816	21.0158	20.9707	19.9139	20.5439	21.7801	20.8387	20.1793	21.6894	22.2118	20.4891	20.5587	22.2571	21.8046	20.2632	21.9853	22.8780	21.8621	21.5264	23.1220	23.1750	22.5834	23.0209	23.9657	23.9843	23.2833	24.1109	24.5937	24.5257	24.2189	24.9888	25.2233	24.8014	24.9789	25.3667	25.2762	24.9361	25.6775	25.7435	25.4207	25.5243	26.0177	25.9769	25.7349	26.1068	26.2738	26.0706	26.0675	26.8959	26.8214	26.3712	26.7650	27.2878	26.9454	26.8545	27.3935	27.4882	27.5565	27.7056	27.8220	27.7418	27.9345	28.3377	28.3700	28.5009	28.9456	28.8816	28.9929	29.1289	29.1434	0.2551	0.9576	2.9315	3.8681	3.2150	3.2868	5.8450	7.3237	5.5280	7.0174	8.9263	10.3342	9.6502	11.4068	13.2091	13.2610	12.8083	14.7397	16.5200	15.7656	16.6148	17.9318	18.2794	17.6471	18.8135	19.5249	19.1678	19.3059	20.1719	21.0838	20.7656	20.8625	21.5471	22.0010	22.0625	22.2929	23.0974	23.2305	23.3671	23.6996	24.2851	24.2255	24.1703	25.0141	24.9819	24.7513	25.2390	25.3782	25.3842	25.2474	25.6986	26.0018	25.5710	25.7735	26.3148	26.3191	26.0859	26.2828	26.6525	26.5633	26.4951	26.9123	27.0048	26.8159	26.9969	27.3914	27.3484	27.5378	27.2227	27.5362	27.1025	27.5055	27.8950	28.0666	28.3671	28.6130	28.9157	28.8948	28.8912	28.8574	28.8766
13.8149	13.2216	13.3246	12.3945	12.0812	12.5268	12.0778	11.2176	11.2837	11.6916	10.7491	10.2960	10.9019	10.8053	9.7747	9.9366	10.7541	10.0584	9.2454	9.9587	10.4810	9.5431	9.0067	10.1285	10.3521	9.1137	9.8508	10.9508	10.5717	10.1201	11.0251	11.6759	11.4134	11.3722	12.0582	12.2746	11.8971	12.3629	12.5806	12.8089	12.6827	13.1689	13.5227	13.5000	13.6028	14.2997	14.4930	14.5630	15.1134	15.7604	15.6033	15.8065	16.2257	16.5285	16.5105	16.7201	16.5901	16.9518	17.2743	17.5252	17.6650	18.0985	18.3674	18.4758	18.7548	18.9066	19.1643	19.7865	18.8013	19.6800	19.6618	19.1185	19.8782	20.9458	21.7943	22.2734	23.2505	23.3343	23.5507	24.1667	24.2565	0.4179	0.2519	0.4468	1.1089	1.2644	1.3446	1.4371	2.2040	2.3244	2.3171	2.7900	3.4430	3.8539	3.4721	4.3822	5.0500	4.8790	5.2386	6.1249	6.4079	6.4873	7.0109	7.7411	7.9987	7.6480	8.3494	8.8423	8.7854	8.6461	9.5740	9.9329	9.6993	9.7725	10.8011	10.9991	10.6357	11.5370	12.1050	12.0265	11.9476	12.8635	12.9027	12.6478	13.2084	13.7962	13.7480	13.7029	14.1183	14.7241	14.4553	14.8884	15.3590	15.4509	15.4646	15.9908	16.2725	16.4279	16.5122	17.0420	17.5922	17.1736	17.6531	18.1099	18.1672	17.8888	18.5865	18.8579	19.3115	18.5569	19.3394	18.8688	19.0659	19.5292	20.1096	20.9929	21.8580	22.4722	22.5699	22.8969	23.3889	23.7493
12.9361	12.2645	11.7328	11.5237	10.9434	11.2874	11.0806	10.2659	9.9220	10.2811	9.7517	9.1895	9.3558	9.2670	8.6158	8.5117	9.1153	8.3570	7.6808	8.2597	8.2423	7.4950	7.1924	8.0756	8.0104	7.2753	7.8289	8.5668	8.2190	8.3101	8.9062	9.2042	9.3682	9.5750	9.8150	9.9968	10.0648	10.3647	10.2896	10.5182	10.7541	11.0228	11.2555	11.3537	11.7266	12.0793	12.3659	12.6485	13.1353	13.7290	13.5023	13.9551	14.0168	14.4157	14.6133	14.7425	14.6035	14.8632	15.4975	15.7843	15.8783	16.5000	16.8112	16.8150	17.0365	17.3970	17.7360	18.3140	17.0285	17.9963	17.9702	17.4057	18.1750	19.1604	20.2229	20.9876	21.8553	22.0010	22.1270	22.9614	23.1644	1.0268	0.3190	0.2519	0.3874	0.8783	1.0243	0.9612	1.1280	1.7142	1.7719	1.6319	2.2308	2.7610	2.6519	2.7468	3.4561	3.6433	3.6916	4.0514	4.7838	4.8651	5.0093	5.6340	6.2115	6.1325	6.2814	6.9053	7.2080	6.8636	7.3905	8.0447	8.1026	7.6340	8.6319	9.0948	8.6122	9.1533	9.7288	9.9696	9.6072	10.2507	10.2394	10.2858	10.5951	10.9685	11.1396	11.3022	11.4554	11.9718	12.0558	12.3709	12.6329	12.9075	13.1766	13.4660	13.5939	14.1346	14.2855	14.5793	15.1122	15.2997	15.4233	15.7969	16.0407	15.9722	16.5926	16.9024	17.6434	16.6817	17.7809	17.3706	17.4215	17.8697	18.7116	19.6043	20.5579	21.2294	21.4062	21.8116	22.4161	22.8169
12.5171	11.9113	11.9618	10.6992	11.0088	11.1156	10.8197	10.0469	9.7903	9.9579	9.4936	8.9565	9.2210	8.9556	8.2935	8.3963	8.8313	7.9690	7.4067	8.0661	7.9593	7.0531	6.9624	7.9376	7.5463	6.8186	7.8293	8.3754	7.7453	8.0239	8.7086	8.8925	8.8489	9.2159	9.6121	9.5231	9.5495	10.0156	9.9363	9.8816	10.1796	10.6950	10.6668	10.6699	11.2277	11.7650	11.7081	11.9380	12.7328	13.1555	12.6572	13.2803	13.5387	13.6349	13.8312	14.2194	14.1892	14.1646	14.8841	15.5103	15.1764	15.6019	16.2018	16.4949	16.0984	16.1953	16.8791	17.6113	16.6256	17.2735	17.4951	16.9642	17.4428	18.4995	19.5908	20.4629	21.4260	21.5018	21.7593	22.5349	22.6850	1.2212	0.7299	0.2955	0.2520	0.3451	0.7458	0.8306	0.7940	1.0089	1.3564	1.3924	1.3984	1.8832	2.1527	2.1854	2.4313	2.8728	3.1111	3.1169	3.6456	4.0774	4.1484	4.4140	5.0656	5.1878	5.5002	5.6312	6.0595	6.0974	6.3421	6.7561	7.1244	7.0169	7.5669	7.9026	7.8382	8.2666	8.5928	8.8621	8.8925	9.3001	9.3412	9.4120	9.8959	10.1418	10.1775	10.4711	10.7652	11.1483	11.1456	11.7599	12.0326	12.0897	12.5310	12.7987	12.8269	13.2979	13.7211	13.8595	14.4442	14.6388	14.9183	15.2473	15.4461	15.5659	16.3635	16.4363	17.2233	16.2029	17.2638	16.8366	16.9511	17.3993	18.3698	19.3198	20.3481	21.0160	21.0695	21.4117	22.0241	22.4487
12.6460	12.0532	11.8625	11.3235	10.2294	10.9200	10.5592	9.8249	9.6588	9.9599	9.3088	8.9921	9.0692	8.8395	8.1941	8.2798	8.5478	7.7726	7.2755	7.8336	7.7391	6.8912	6.6089	7.5581	7.3375	6.4207	7.3523	8.0181	7.4002	7.4093	8.2434	8.4884	8.4011	8.6086	9.1686	9.0782	9.0160	9.4720	9.3592	9.3648	9.6642	10.1161	10.1123	10.0770	10.6650	11.2848	11.2325	11.4108	12.2331	12.7207	12.1096	12.7301	13.1686	13.3712	13.2690	13.7994	13.8786	13.8625	14.4091	15.0094	14.7944	15.0601	15.8279	16.1154	15.9657	15.9348	16.6824	17.1823	16.3561	17.0938	17.3479	16.8411	17.3621	18.4284	19.3979	20.1596	21.2292	21.3577	21.6256	22.4650	22.7573	1.2654	0.7966	0.6357	0.2947	0.2522	0.3336	0.6725	0.7501	0.7732	0.9228	1.2133	1.3535	1.3526	1.7667	2.0540	2.2005	2.3413	2.7733	2.9585	3.0992	3.4197	3.8944	4.0206	4.2537	4.7026	5.1416	5.1652	5.3122	5.6564	5.9397	6.1118	6.3982	6.5509	7.0861	7.2106	7.2876	7.9660	8.1285	8.2004	8.3686	8.9456	8.8686	8.7781	9.4274	9.7502	9.6702	9.9244	10.3061	10.7269	10.6022	11.2797	11.6134	11.6683	11.8478	12.3372	12.5053	12.7481	13.2071	13.5297	14.0487	14.0046	14.6038	14.8578	15.0462	15.1510	15.9133	15.9184	16.6281	15.9051	16.8637	16.2516	16.4108	17.0606	17.8830	18.9259	19.9278	20.5196	20.5437	20.9763	21.5929	22.2260
12.3325	11.5220	11.3748	10.7251	10.2817	9.9015	10.1129	9.6158	9.2435	9.3084	9.0477	8.6523	8.5268	8.2650	7.6413	7.5900	7.9290	7.1122	6.6003	6.9437	6.8515	6.1390	5.7250	6.4782	6.3349	5.4555	6.1251	6.7177	6.1513	6.2207	6.8807	7.1735	7.1949	7.3274	7.6595	7.8473	7.6903	8.0610	8.1751	8.1656	8.2840	8.6705	9.0675	8.8281	9.2431	9.8363	10.0932	10.1982	10.7867	11.6873	11.0682	11.5378	12.0246	12.4120	12.0542	12.6498	12.8770	12.7687	13.2094	13.7407	13.8480	13.9825	14.7480	14.9388	14.8837	15.1842	15.6210	16.0248	15.1260	15.8557	15.9683	15.6167	16.1437	17.2096	18.3653	19.2409	20.3250	20.4310	20.6290	21.5825	21.9231	1.3327	0.8079	0.7037	0.5813	0.2828	0.2526	0.3130	0.6058	0.7038	0.6790	0.8063	1.1456	1.2787	1.1981	1.5991	2.0056	1.9463	2.1133	2.4578	2.7168	2.6525	3.1338	3.5058	3.6412	3.7920	4.4065	4.6218	4.5995	4.7936	5.2991	5.5621	5.5354	5.7506	6.3940	6.5854	6.4033	7.0795	7.3618	7.3390	7.3692	7.9856	7.9418	7.7788	8.2534	8.6299	8.6464	8.7442	9.0674	9.5861	9.4882	9.9012	10.2982	10.5273	10.5171	11.0071	11.2926	11.6069	11.8728	12.1453	12.8648	12.6143	13.2086	13.4524	13.7517	13.6491	14.3148	14.3815	15.1168	14.3738	15.3360	14.7830	14.9783	15.4744	16.2946	17.4138	18.5597	19.2215	19.4039	20.0162	20.7950	21.4343
12.2891	11.6750	11.3261	10.8138	10.2481	10.2427	9.2343	9.5180	9.1403	9.1688	9.0643	8.5962	8.3560	8.0413	7.8092	7.4175	7.7077	6.9147	6.5483	6.7061	6.5950	5.7703	5.5608	6.2485	5.8726	5.3274	6.0128	6.2993	5.8524	6.1879	6.5730	6.6115	6.8843	7.1510	7.2711	7.3139	7.4345	7.7395	7.6211	7.5977	7.9257	8.2647	8.4338	8.3552	8.8737	9.4032	9.6349	9.6710	10.3145	11.0957	10.4527	10.9887	11.4272	11.8010	11.6763	12.1223	12.4616	12.1363	12.8192	13.3893	13.4522	13.5393	14.1668	14.6660	14.3616	14.5014	15.1545	15.6612	15.0682	15.5684	15.7805	15.3881	15.7931	16.9304	18.1832	19.2538	20.2958	20.3650	20.5838	21.4317	21.7393	1.4315	0.9603	0.7228	0.6146	0.5186	0.2730	0.2525	0.2929	0.5334	0.5933	0.5852	0.7656	1.0363	1.1130	1.1362	1.5235	1.7329	1.8514	1.9946	2.3609	2.4274	2.5908	2.9530	3.3114	3.2925	3.7821	4.0735	4.2252	4.3457	4.6308	5.0477	5.1385	5.0981	5.7285	6.0560	5.8825	6.2740	6.7105	6.9060	6.6964	7.2346	7.2699	7.1515	7.6008	7.8738	7.9187	8.0371	8.3944	8.8300	8.7416	9.2630	9.5784	9.7212	9.9813	10.3635	10.5487	11.1265	11.3619	11.4750	12.0809	12.3579	12.5728	12.8027	13.1243	13.0957	13.8484	14.0305	14.6906	14.0422	14.8221	14.4873	14.7473	15.1449	16.1536	17.3533	18.5059	19.2303	19.3689	19.9379	20.6804	21.2335
12.2111	11.5872	11.4572	10.7373	10.0671	10.1756	9.9578	8.9340	8.9820	8.9782	8.9891	8.3380	8.2120	7.9617	7.6724	7.2771	7.4435	6.6344	6.2823	6.5749	6.3333	5.6152	5.4085	6.2703	5.8605	5.1870	6.0226	6.4654	5.8590	5.9830	6.6061	6.7757	6.7726	7.0710	7.3935	7.4121	7.4346	7.7596	7.7149	7.6448	7.9776	8.3267	8.4168	8.3920	8.9033	9.4243	9.4289	9.6303	10.3934	10.9266	10.2758	10.9585	11.3403	11.6140	11.4398	11.9466	12.4391	12.0082	12.5311	13.1828	13.2381	13.2882	14.1048	14.5061	14.2822	14.1870	14.8134	15.3219	14.9411	15.4320	15.7835	15.2236	15.6015	16.7160	17.9022	19.0453	19.9713	20.0369	20.3642	21.2383	21.6049	1.6225	1.1843	0.9270	0.6799	0.5698	0.4825	0.2737	0.2525	0.2933	0.5390	0.5988	0.6182	0.7534	0.9930	1.0900	1.1329	1.4560	1.7743	1.8153	2.0300	2.2487	2.5219	2.6328	2.9409	3.2352	3.5415	3.6554	3.9787	4.2252	4.4930	4.6825	4.9463	4.9768	5.3584	5.6486	5.7214	6.1477	6.3929	6.6713	6.6619	7.0308	7.0693	7.0447	7.5919	7.7683	7.8064	7.9465	8.3277	8.7108	8.6061	9.1909	9.5498	9.5039	9.7797	10.2272	10.4132	10.7547	11.1742	11.2716	11.7291	11.9131	12.2152	12.4631	12.8770	12.8469	13.6126	13.7612	14.4424	14.0168	14.8816	14.4159	14.4434	15.0108	16.0521	17.2803	18.4684	19.0381	19.2072	19.6909	20.4940	21.0989
11.9941	11.2285	11.1494	10.3328	9.7772	9.8764	9.6410	9.0062	8.3050	8.6740	8.5223	8.0458	7.9832	7.8052	7.3506	7.1332	7.2359	6.3984	6.0427	6.3191	6.0960	5.4381	5.0470	5.7297	5.4906	4.8095	5.4503	5.9229	5.5295	5.5295	6.2267	6.3937	6.4128	6.6161	7.0687	7.0523	7.0056	7.4059	7.3438	7.3506	7.5713	7.9722	8.1321	8.0387	8.4900	9.1478	9.1242	9.2740	9.9175	10.7048	10.0333	10.5293	11.1697	11.3992	11.1076	11.7193	12.0716	11.7621	12.2278	12.8548	12.6618	12.8123	13.6415	13.8694	13.7345	13.9650	14.5096	14.9510	14.2927	14.8757	15.1282	14.8168	15.2299	16.3309	17.4695	18.5408	19.5559	19.7011	19.9732	20.9082	21.4672	1.6695	1.2049	1.0907	0.8389	0.6302	0.5504	0.4663	0.2708	0.2528	0.2914	0.5103	0.5787	0.5958	0.7274	0.9688	1.0782	1.1141	1.4485	1.7078	1.8509	1.9738	2.3625	2.5157	2.5696	2.8679	3.3824	3.4042	3.4911	3.9862	4.3108	4.3594	4.4889	4.7951	5.1261	5.2364	5.4005	5.9933	6.1702	6.2325	6.4161	6.8932	6.8256	6.7392	7.3513	7.5661	7.5394	7.7009	8.0480	8.4411	8.2747	8.8678	9.2512	9.3091	9.3492	9.9394	10.2053	10.3367	10.7327	10.9386	11.6156	11.5153	11.9057	12.2519	12.5247	12.5515	13.2300	13.2822	13.9926	13.4754	14.3221	13.8059	14.0136	14.4978	15.4873	16.6855	17.9235	18.5898	18.7645	19.3488	20.2393	21.0338
11.9380	11.3633	10.9866	10.3556	10.0205	9.7582	9.5413	9.1936	8.7207	8.0443	8.4758	8.1925	7.9872	7.6943	7.4529	7.1457	7.3197	6.5480	6.1045	6.2569	6.1756	5.3972	4.9779	5.5747	5.3676	4.5535	5.1929	5.5336	5.1123	5.2953	5.6871	5.7944	6.0219	6.1425	6.3574	6.4217	6.4682	6.7126	6.7421	6.7333	6.9710	7.2587	7.5852	7.4833	7.8896	8.4181	8.5773	8.7458	9.2381	10.1113	9.4766	10.0752	10.4842	10.8431	10.4872	11.1260	11.5029	11.1526	11.6933	12.4341	12.4536	12.4309	13.2885	13.5476	13.4350	13.6971	14.3257	14.6617	14.3358	14.5084	14.5115	14.3224	14.6443	15.9385	17.1207	18.3244	19.2810	19.4531	19.6658	20.6192	21.1087	1.8210	1.3082	1.1376	1.0296	0.8032	0.5822	0.5351	0.4684	0.2677	0.2527	0.2951	0.5408	0.6274	0.5671	0.7685	1.0217	1.1113	1.1749	1.5181	1.8135	1.7822	2.0658	2.3943	2.5057	2.5547	3.0606	3.3154	3.2963	3.6146	4.0738	4.3209	4.2999	4.5067	4.9789	5.1634	5.1282	5.6219	5.9450	6.0025	6.0268	6.5148	6.5521	6.4247	6.8638	7.1231	7.1763	7.2355	7.5792	8.0390	7.9107	8.3458	8.7805	8.9121	9.0068	9.4927	9.8037	10.0933	10.4274	10.5561	11.2529	11.2477	11.4947	11.7491	12.0981	12.1024	12.6346	12.8590	13.5846	13.2161	13.8296	13.4554	13.6029	14.0062	14.9761	16.1747	17.4006	18.1663	18.4376	19.0849	20.0334	20.7185
11.9524	11.3992	11.2424	10.2937	10.0139	9.8823	9.3290	9.0729	8.7223	8.3813	8.0094	8.1677	7.9643	7.2812	7.5446	7.1860	6.9497	6.0977	6.1690	6.1211	5.8019	5.1306	4.9354	5.3964	4.8261	4.5913	5.2733	5.4815	5.1360	5.3485	5.7949	5.8230	6.1136	6.2600	6.4665	6.4883	6.5765	6.8158	6.8670	6.7974	7.0873	7.3970	7.5898	7.4949	7.9999	8.5662	8.5797	8.7329	9.4345	9.9646	9.4656	10.0595	10.4594	10.5290	10.5545	11.0699	11.2063	10.8357	11.6451	12.2093	12.0821	12.5063	13.2977	13.3554	13.1569	13.4964	14.0213	14.2664	14.1740	14.2381	14.4505	14.1006	14.7071	16.2461	17.5604	18.7138	19.4169	19.3914	19.9255	20.7189	21.2260	1.9129	1.5077	1.2136	1.0773	0.9491	0.6957	0.5480	0.5184	0.4447	0.2683	0.2523	0.2858	0.5939	0.5494	0.5583	0.7300	1.0026	1.1544	1.1876	1.5214	1.7711	1.9534	2.0144	2.3339	2.4397	2.7322	2.9061	3.1861	3.3761	3.5837	3.9498	4.1812	4.2562	4.5628	4.9350	4.8769	5.2109	5.6644	5.8107	5.7481	6.1779	6.2674	6.1734	6.6696	6.9098	6.9863	7.0705	7.4486	7.7828	7.7195	8.2805	8.5811	8.5488	8.8165	9.3086	9.4323	9.8407	10.2487	10.2833	10.6240	11.0020	11.2438	11.4427	11.5503	11.7975	12.5174	12.5100	13.1021	12.7205	13.6386	13.3656	13.4827	13.9913	15.0613	16.2650	17.4256	18.1726	18.3572	19.1348	20.0603	20.7612
11.6437	10.9724	10.8999	9.8646	9.4802	9.5592	9.1666	8.6802	8.3650	8.2532	7.8782	7.3126	7.5301	7.4194	6.9968	6.6705	6.7827	6.2367	5.8456	5.8736	5.7528	5.1386	4.7708	5.3449	4.9895	4.3920	4.9873	5.5304	5.0795	5.0208	5.6719	5.9046	5.8633	6.0169	6.5198	6.4014	6.3928	6.7982	6.8524	6.7296	7.0851	7.4156	7.5059	7.4534	7.9515	8.4842	8.3819	8.6211	9.3502	9.9135	9.2595	9.9185	10.3395	10.5903	10.3835	11.0182	11.5646	10.9761	11.4774	12.1837	12.2355	12.0207	12.9137	13.3904	12.9546	13.0142	13.4932	13.9927	13.8541	14.1232	14.4474	14.2795	14.6245	15.7557	16.8926	18.1568	18.9465	19.0357	19.4283	20.3941	20.9705	2.0339	1.6571	1.4905	1.2120	1.0230	0.9175	0.7352	0.5555	0.5175	0.4636	0.2685	0.2524	0.2833	0.4926	0.5471	0.5674	0.7317	1.0359	1.1746	1.2363	1.5321	1.8802	1.9018	2.0343	2.4000	2.6497	2.6623	2.8774	3.2773	3.4696	3.6486	3.9770	4.2240	4.4453	4.5733	4.7692	5.2142	5.4119	5.6088	5.7307	6.1203	6.1648	6.1271	6.6651	6.8492	6.8986	7.1038	7.4411	7.7034	7.6996	8.2021	8.5858	8.5829	8.7718	9.2080	9.5242	9.7196	10.0794	10.2746	10.7329	10.7711	11.1237	11.4512	11.7308	11.7717	12.4377	12.5231	13.1860	12.9883	13.6801	13.3448	13.5236	13.9724	14.9818	16.1790	17.4120	17.9379	18.1938	18.8760	19.8701	20.6390
11.5845	11.0151	10.7268	9.8592	9.5898	9.4894	9.0594	8.5670	8.2988	8.0642	7.9105	7.4974	6.9932	7.0893	6.8037	6.5122	6.5474	5.9477	5.4514	5.6326	5.3684	4.6040	4.4323	4.8755	4.4375	3.9677	4.4165	4.8091	4.4699	4.5090	4.9877	5.2227	5.2943	5.3587	5.7798	5.7742	5.7311	6.1486	6.2001	6.1008	6.3763	6.7134	7.0027	6.8186	7.3212	7.9375	7.8695	8.1453	8.7391	9.4733	8.9375	9.4530	9.9601	10.1600	9.8915	10.4722	10.9273	10.4871	10.8685	11.6934	11.5500	11.4742	12.2401	12.6425	12.4678	12.6799	13.2108	13.5746	13.3764	13.5435	13.7549	13.6164	14.0199	15.1862	16.3794	17.5316	18.4644	18.6742	19.0504	20.0662	20.7269	2.0641	1.6592	1.5583	1.3728	1.1037	0.9231	0.8518	0.6760	0.5227	0.5065	0.4479	0.2667	0.2527	0.2844	0.4870	0.5372	0.5675	0.7386	0.9926	1.1129	1.1259	1.5087	1.7483	1.7835	1.9981	2.3814	2.4808	2.5366	2.8731	3.2594	3.3308	3.5237	3.9146	4.1563	4.1850	4.3533	4.8873	5.1069	5.0262	5.2763	5.8307	5.7673	5.5986	6.2202	6.4789	6.4178	6.5179	6.9435	7.2706	7.1014	7.6514	7.9967	7.9936	8.1030	8.6133	8.8942	9.0537	9.3897	9.5310	10.1668	10.0606	10.4410	10.7594	11.0259	11.0399	11.6334	11.7255	12.3272	12.0954	12.7436	12.4956	12.7209	13.0941	14.2297	15.4000	16.5767	17.3314	17.6974	18.4939	19.5960	20.4196
11.7566	11.3585	10.9635	10.0504	9.9142	9.7916	9.0081	8.7128	8.4600	8.0810	8.1602	7.6149	7.2583	6.5273	6.7569	6.5144	6.1966	5.9889	5.5393	5.4470	5.0027	4.6843	4.2334	4.6706	4.0928	3.7551	4.2884	4.3883	4.0661	4.3391	4.6229	4.6811	5.0113	5.0307	5.0929	5.2838	5.2812	5.4050	5.5494	5.5490	5.7321	6.0178	6.4809	6.2789	6.6935	7.2704	7.3969	7.6036	8.1631	8.8668	8.2733	8.8583	9.1682	9.3757	9.1799	9.7087	10.2139	9.6659	10.1766	10.9826	10.8743	10.9805	11.7710	11.7000	11.8784	12.4341	12.8570	13.1618	13.0320	13.1505	13.2857	13.0372	13.5689	15.0162	16.4111	17.6584	18.4133	18.4549	18.9253	19.7930	20.4867	2.2333	1.7777	1.6185	1.4713	1.3130	1.0035	0.8951	0.8282	0.6479	0.5394	0.5131	0.4461	0.2640	0.2521	0.2756	0.5051	0.5297	0.5687	0.7019	0.9752	1.0747	1.2037	1.4542	1.6764	1.7663	1.9572	2.2050	2.3216	2.4656	2.7472	3.0792	3.1522	3.3965	3.6748	3.9561	3.9711	4.2239	4.7256	4.6780	4.6659	5.2824	5.3737	5.2188	5.6189	5.9416	5.9781	5.9762	6.4480	6.8402	6.6526	7.0282	7.5060	7.5891	7.6559	8.0890	8.3892	8.7091	8.9030	9.0302	9.4725	9.6976	9.9358	10.1428	10.2654	10.4924	11.0873	11.2069	11.7636	11.4317	12.2424	12.0860	12.2651	12.6662	13.7604	14.9912	16.2481	17.0601	17.3720	18.2180	19.3638	20.1856
11.2712	10.8620	10.7834	9.6975	9.4961	9.3144	8.6571	8.0371	7.9683	7.7479	7.3920	6.9800	7.0344	6.7304	6.0886	6.1698	6.2493	5.7766	5.4340	5.3960	5.2659	4.7792	4.2491	4.6508	4.1534	3.8585	4.2860	4.4834	4.1899	4.1385	4.7382	4.9375	5.0076	4.9743	5.3905	5.5507	5.3166	5.6506	5.7560	5.7299	5.8931	6.2681	6.5810	6.4003	6.8725	7.5242	7.4547	7.6538	8.3165	8.9220	8.2839	8.9095	9.1919	9.3428	9.2975	9.8134	10.4309	9.7801	10.2518	10.9646	10.8705	11.1115	11.7668	11.6543	11.6612	12.1542	12.5315	12.7640	12.8540	12.9584	13.2840	13.3489	13.8321	15.1301	16.4777	17.6227	18.3332	18.2611	18.8606	19.7657	20.6065	2.3929	1.9567	1.7201	1.5484	1.4330	1.2233	0.9835	0.9009	0.8225	0.6411	0.5446	0.5167	0.4195	0.2628	0.2521	0.2765	0.4795	0.5334	0.5459	0.7208	0.9653	1.1863	1.1832	1.4518	1.7061	1.8621	1.9353	2.2122	2.4207	2.4631	2.7424	3.0459	3.2077	3.2942	3.6872	3.8490	4.0761	4.3811	4.5921	4.5154	5.0002	5.1632	5.0652	5.5118	5.7958	5.9103	5.9460	6.3934	6.7216	6.6319	7.0457	7.4098	7.4751	7.5366	7.9975	8.3018	8.3890	8.7416	9.0091	9.1751	9.3200	9.8154	10.0895	10.0300	10.3645	10.9782	10.9017	11.4806	11.2365	12.2103	12.0536	12.2177	12.6841	13.8248	15.0794	16.3344	17.0195	17.2800	18.1479	19.2795	20.2313
11.1565	10.7076	10.4555	9.5141	9.2231	9.1626	8.5535	8.1121	7.8682	7.7547	7.4038	7.1008	6.8020	6.6967	6.2210	5.8921	5.9142	5.6178	5.4239	5.1719	5.0504	4.3392	4.1463	4.5657	4.1849	3.7321	4.2246	4.4298	4.0859	4.1104	4.6483	4.9142	4.7761	4.8333	5.4087	5.2928	5.0776	5.6643	5.6708	5.4099	5.8393	6.1575	6.2214	6.0420	6.6723	7.2309	6.9989	7.3677	8.0127	8.5891	7.9914	8.5801	9.1104	9.3483	9.0417	9.6910	10.3515	9.5891	9.9713	10.6276	10.6692	10.4419	11.2215	11.5117	11.2831	11.5590	12.0463	12.5138	12.7557	12.6505	12.9745	13.2062	13.4003	14.4747	15.5842	16.9156	17.6740	17.7880	18.3245	19.3376	20.1776	2.5384	2.1398	1.9796	1.7212	1.5251	1.4359	1.2408	0.9965	0.9112	0.8774	0.6824	0.5219	0.5074	0.4531	0.2707	0.2523	0.2882	0.5392	0.5440	0.5816	0.7466	1.1394	1.1800	1.1730	1.5483	1.8769	1.8213	1.9467	2.2867	2.4037	2.5041	2.7756	3.1731	3.2007	3.3310	3.7148	4.0947	4.1973	4.2300	4.5247	4.9438	4.9013	4.8774	5.4621	5.6337	5.6543	5.8669	6.2395	6.5081	6.4475	6.9716	7.2548	7.2825	7.4697	7.8835	8.1092	8.3089	8.6159	8.8212	9.2561	9.1648	9.6418	9.9917	10.0242	10.2922	10.9463	10.9330	11.4577	11.3004	11.8750	11.6375	11.9957	12.3140	13.4223	14.7098	15.9044	16.5672	16.9323	17.8022	19.0488	19.9370
11.2692	10.8536	10.5103	9.6799	9.2960	9.2422	8.6873	8.1758	7.9197	7.5940	7.5784	7.1930	6.7081	6.4684	6.0537	5.9308	5.4449	5.2882	4.8780	4.8316	4.4678	4.0636	3.7550	4.1172	3.7389	3.2665	3.6627	3.8374	3.6353	3.6129	3.9580	4.2169	4.2260	4.3377	4.5604	4.7382	4.6566	4.8516	5.1143	4.8660	5.0794	5.4579	5.8648	5.4617	6.0500	6.6176	6.6134	6.8573	7.4727	8.1429	7.6666	8.1982	8.5571	8.6696	8.5019	9.0618	9.7327	9.1480	9.4328	10.4125	10.4783	10.2204	10.8359	11.2329	11.1901	11.3994	11.9556	12.2924	12.4419	12.3249	12.5702	12.5754	12.9884	14.1584	15.4639	16.7448	17.5565	17.6951	18.1171	19.2227	19.9783	2.7354	2.2308	2.1525	1.9463	1.6745	1.4831	1.3852	1.2021	1.0141	0.9092	0.8401	0.6674	0.5141	0.4818	0.4265	0.2619	0.2523	0.2932	0.4896	0.5369	0.5534	0.8042	1.0455	1.0997	1.1907	1.6137	1.7848	1.7800	1.9704	2.2986	2.4896	2.5258	2.9004	3.1288	3.2319	3.4732	3.7801	4.0178	3.9863	4.1666	4.7068	4.7292	4.5842	5.1383	5.4376	5.4470	5.4239	5.8528	6.2533	6.1003	6.4817	6.8646	6.9548	6.9703	7.3724	7.6967	7.8508	8.1001	8.2206	8.8058	8.7767	9.1517	9.4013	9.5824	9.8443	10.1718	10.2656	10.8968	10.8085	11.3567	11.2505	11.4686	11.7623	12.8880	14.1212	15.3177	16.1031	16.5527	17.4973	18.8132	19.7322
11.0045	10.6496	10.4228	9.5579	9.2639	9.2982	8.8306	8.1685	7.8979	7.9158	7.1818	7.0252	6.6556	6.1807	5.8488	5.7721	5.7256	5.2246	4.7775	5.0652	4.6088	4.5107	3.6419	4.1600	3.8225	3.2014	3.6932	3.7888	3.6489	3.5877	3.9215	4.1465	4.2018	4.2953	4.4484	4.6563	4.5396	4.7755	4.9665	4.8051	5.0681	5.4143	5.7339	5.4840	5.9958	6.5658	6.5568	6.8116	7.4077	8.1285	7.7134	8.1808	8.2405	8.5662	8.6119	9.0581	9.3311	9.1133	9.5686	10.1106	9.9858	10.4225	11.1339	10.9399	11.1515	11.6831	12.3873	12.8633	12.2448	13.1292	13.0081	12.9992	13.4889	14.4898	16.0392	17.1101	17.7404	17.8727	18.3954	19.4809	20.1488	3.0892	2.5073	2.3651	2.1212	1.8996	1.6261	1.5496	1.4295	1.2617	1.0513	0.9445	0.8972	0.6754	0.5492	0.4840	0.4308	0.2671	0.2522	0.2850	0.5385	0.5536	0.6682	0.8234	1.0703	1.2072	1.3242	1.6124	1.7570	1.8777	2.0825	2.3664	2.4512	2.5481	2.8490	3.1585	3.2423	3.4083	3.8817	3.9725	3.8697	4.4188	4.7061	4.3768	4.8236	5.2275	5.2388	5.1893	5.6500	6.0331	5.7925	6.2292	6.5460	6.6323	6.7136	7.1341	7.3497	7.3185	7.8629	8.0131	8.0505	7.9753	8.6508	8.7669	8.7838	9.1608	9.7668	9.8086	10.2220	10.1389	10.9867	11.1402	11.2940	11.7578	12.8371	14.0237	15.2973	16.2417	16.6521	17.5895	19.0217	19.9041
10.7740	10.2097	10.1708	9.2513	8.8035	8.7049	8.1581	7.4178	7.2846	7.0986	6.6556	6.2498	6.2505	6.0043	5.5368	5.3879	5.3163	4.8714	4.3580	4.5753	4.5261	4.0214	3.5107	4.0101	3.8364	3.2866	3.5920	3.7234	3.6798	3.4449	3.8974	4.0387	4.1435	4.1679	4.5027	4.6105	4.4288	4.8555	4.9424	4.7628	5.1049	5.4717	5.4982	5.3969	5.9644	6.4045	6.1671	6.7167	7.2512	7.6080	7.2418	7.8705	8.0550	8.2649	8.2876	8.7107	9.2398	8.6151	9.2056	9.5144	9.6891	9.4926	10.4876	10.4141	10.4711	10.8827	11.5405	11.9158	11.6901	12.0748	12.3462	12.5115	12.7440	13.9369	15.2356	16.6451	17.3860	17.3841	18.0648	19.1951	19.9926	3.1746	2.6479	2.4795	2.2316	2.0540	1.8617	1.6396	1.4463	1.4062	1.2451	1.0208	0.9175	0.8586	0.6845	0.5326	0.4640	0.4215	0.2724	0.2526	0.2782	0.4640	0.6181	0.5376	0.7123	1.0711	1.1848	1.1748	1.4770	1.7935	1.7924	1.9852	2.1933	2.3766	2.4003	2.6596	2.9971	3.1778	3.2966	3.6681	3.7258	3.9997	4.0708	4.2292	4.5562	4.7284	4.9739	5.0708	5.3774	5.6787	5.6936	6.0772	6.3288	6.4852	6.5418	6.8470	7.0761	7.2334	7.5903	7.7147	8.0418	8.0992	8.4615	8.7371	8.7962	9.2007	9.5610	9.7391	10.3266	10.2431	11.1772	11.0712	11.0628	11.5547	12.7529	14.1398	15.3791	16.1015	16.4333	17.3329	18.7274	19.6641
10.3618	9.7584	9.5618	8.8823	8.5504	8.3295	7.8790	7.3155	7.0878	6.9529	6.6379	6.4322	5.9973	5.8625	5.4245	5.2864	5.0440	4.5824	4.4008	4.2950	4.1798	3.7122	3.5188	3.6686	3.2654	3.0225	3.3837	3.4050	3.2651	3.0702	3.4599	3.7310	3.6026	3.6761	4.0040	4.0982	3.8545	4.2501	4.4044	4.0317	4.3465	4.7530	4.7654	4.5412	5.2603	5.6460	5.3620	5.8672	6.4120	6.8983	6.5399	7.0842	7.4821	7.5861	7.5200	8.0533	8.6899	8.0466	8.4115	8.9525	9.2344	8.9166	9.5757	9.8745	9.6805	10.1849	10.6931	10.9683	11.4148	11.3412	11.6843	11.8943	12.0547	13.2344	14.4349	15.8341	16.6210	16.8367	17.3514	18.5950	19.4886	3.2709	2.8126	2.6720	2.4196	2.1015	1.9645	1.8242	1.5928	1.4543	1.3886	1.2166	0.9793	0.8838	0.8745	0.7016	0.5073	0.4734	0.4429	0.2700	0.2523	0.2789	0.4961	0.5167	0.5014	0.7383	1.0728	1.0167	1.0704	1.4494	1.6256	1.7046	1.8239	2.0934	2.2060	2.2442	2.5861	2.9295	3.0208	3.1009	3.3566	3.7339	3.7370	3.6922	4.1653	4.5076	4.4935	4.6285	5.0221	5.3515	5.1465	5.5619	5.9260	5.9290	5.9656	6.3156	6.6043	6.6462	6.9498	7.1150	7.6002	7.5196	7.8668	8.2037	8.2967	8.5236	8.9402	9.1949	9.6353	9.5822	10.1273	10.1357	10.4166	10.6192	11.8048	13.1023	14.4691	15.2216	15.7137	16.7123	18.2677	19.2725
10.7405	10.1055	9.8172	9.2422	8.8444	8.6329	8.0854	7.6764	7.3565	7.0502	6.9482	6.5499	6.0596	5.6858	5.6850	5.4484	4.8566	5.0118	4.3323	4.2272	3.9827	3.6948	3.0620	3.3680	3.1604	2.5284	3.1570	3.0313	3.0359	3.0162	3.0963	3.3203	3.2787	3.3538	3.4162	3.7185	3.5807	3.8461	4.0112	3.8345	4.1531	4.4094	4.5431	4.3354	4.8535	5.2895	5.2502	5.5047	6.0630	6.8978	6.2447	6.8379	7.0555	7.2587	7.0924	7.5819	7.9951	7.6584	7.9687	8.8196	8.8325	8.8223	9.4556	9.2800	9.6157	10.1581	10.7611	11.0189	10.9728	11.2657	11.3956	11.5977	11.8668	13.2628	14.5345	15.8623	16.6911	16.7748	17.3484	18.5613	19.4691	3.6080	3.0718	2.9843	2.7048	2.4445	2.1802	2.0771	1.8763	1.6528	1.4954	1.4079	1.2383	1.0015	0.9336	0.8855	0.6752	0.5317	0.5148	0.4429	0.2619	0.2521	0.2882	0.4942	0.5023	0.5415	0.7772	0.9746	1.0452	1.1393	1.4362	1.6287	1.6822	1.8163	2.1038	2.1997	2.3951	2.5579	2.8286	2.9800	3.0407	3.4174	3.5507	3.5825	3.8110	4.1563	4.2785	4.3273	4.6902	5.0481	4.9734	5.2022	5.5628	5.7093	5.7036	6.0080	6.3174	6.3681	6.6981	6.7953	7.2621	7.4247	7.6856	7.8309	7.9219	8.4031	8.5823	8.7781	9.3997	9.1724	9.9593	10.0080	10.1788	10.4538	11.5809	12.9041	14.2388	15.1315	15.6059	16.5642	18.1815	19.2340
9.9115	9.3715	9.0654	8.4656	8.0967	7.9367	7.3947	6.9650	6.5934	6.4558	6.2086	5.8977	5.6182	5.3048	4.9537	4.9730	4.8480	4.3841	4.1163	4.0907	3.8053	3.4657	3.2035	3.0515	3.0774	2.8721	2.8264	2.9723	2.2880	2.9038	3.1411	3.0114	3.2369	3.2180	3.1254	3.3294	3.2605	3.5481	3.6030	3.6110	3.8505	4.1069	4.2140	4.1320	4.6267	5.0135	4.9443	5.1488	5.6977	6.2357	5.9683	6.5647	6.5598	6.6386	6.8728	7.1888	7.2621	7.1599	7.6223	8.7567	8.3952	8.3769	9.1541	9.2267	8.9221	9.7131	10.0340	10.4592	10.3888	10.6772	11.0694	11.1419	11.4459	12.8849	14.1625	15.5690	16.2769	16.3757	16.9863	18.2777	19.1544	3.8900	3.2819	3.2395	3.0506	2.6983	2.4373	2.3000	2.1108	1.9119	1.7256	1.5559	1.4240	1.2611	1.0708	0.9502	0.8563	0.6585	0.5869	0.5186	0.3932	0.2646	0.2519	0.2780	0.4084	0.4570	0.4863	0.6428	0.8417	0.9657	0.9905	1.2666	1.4228	1.4333	1.7004	1.8918	1.9958	2.0542	2.2906	2.5519	2.6018	2.7989	3.0583	3.1317	3.2930	3.5141	3.8071	3.8355	4.1085	4.4534	4.4968	4.8127	4.9087	5.0650	5.1065	5.3803	5.5554	5.7730	6.0101	6.1053	6.4675	6.5530	6.9038	6.8858	7.0603	7.6636	7.7129	7.8115	8.4716	8.5000	9.3837	9.5583	9.5876	9.9934	11.2175	12.4807	13.8811	14.8102	15.2375	16.1702	17.8211	18.8901
9.3852	8.6443	8.5419	7.9603	7.5211	7.2850	7.0478	6.5110	6.3083	6.1646	5.7523	5.4928	5.1250	4.9464	4.6065	4.4614	4.3003	3.8885	3.5327	3.7575	3.4498	3.3696	3.0785	3.0766	2.7606	2.4817	2.7441	2.7904	2.3882	2.6574	2.7127	2.8094	3.1454	2.9847	3.0130	3.1975	3.1713	3.3831	3.3963	3.3338	3.5393	3.8825	3.7484	3.6864	4.2594	4.5833	4.3282	4.7167	5.3543	5.7937	5.2919	5.9416	6.1244	6.3783	6.3020	6.7540	7.1956	6.7262	7.1901	7.7068	7.7134	7.5867	8.4517	8.5323	8.3545	8.9772	9.4855	9.7785	9.9232	10.1631	10.5282	10.6251	10.8873	12.1871	13.4506	14.9480	15.7677	16.0049	16.6788	17.9834	18.9159	3.9997	3.5107	3.3441	3.1044	2.7997	2.5720	2.4312	2.1558	1.9746	1.8826	1.6932	1.4734	1.3562	1.2656	1.0349	0.8918	0.8422	0.7523	0.5217	0.4415	0.3957	0.2637	0.2520	0.2645	0.4176	0.4430	0.4518	0.5758	0.8119	0.8487	0.9310	1.1578	1.2812	1.3934	1.5141	1.7090	1.8640	1.9769	2.1301	2.3727	2.5503	2.6789	2.7391	3.0012	3.2732	3.3131	3.4463	3.7339	4.0881	4.0420	4.3927	4.6544	4.7716	4.7804	5.0821	5.3312	5.4770	5.6233	5.7703	6.0857	5.9995	6.4474	6.6310	6.6160	7.2186	7.4266	7.5661	8.1779	8.0169	8.9169	9.0138	9.0708	9.4948	10.8876	12.2728	13.7308	14.4885	14.9554	15.9363	17.6192	18.7281
9.1870	8.5554	8.3501	7.9011	7.5736	7.3247	6.9617	6.7516	6.4035	6.0762	5.9956	5.7717	5.1790	4.9775	4.8293	4.6708	4.2478	4.1023	3.8006	3.5968	3.3644	3.1092	2.9665	2.9419	2.6387	2.2703	2.6255	2.5457	2.2952	2.3709	2.4582	2.7023	2.7395	2.5031	2.6081	2.8186	2.5731	2.9110	3.0594	2.7843	3.0273	3.3748	3.3816	3.1370	3.6601	3.9760	3.8427	4.0740	4.4577	5.1232	4.5670	5.0342	5.4528	5.5013	5.4117	5.9269	6.6012	6.2631	6.2598	7.0380	7.2859	7.0739	7.5927	7.9051	7.8430	8.4287	8.8206	9.0582	9.1926	9.5159	9.8222	9.9578	10.2898	11.6840	12.9521	14.5378	15.4113	15.7187	16.2613	17.6196	18.6315	4.1264	3.6327	3.5486	3.2412	2.9239	2.7299	2.5873	2.3422	2.0804	1.9802	1.8582	1.5821	1.4333	1.3862	1.2485	0.9721	0.8910	0.9007	0.6623	0.4636	0.4524	0.3870	0.2577	0.2519	0.2719	0.4102	0.4202	0.4198	0.5655	0.7694	0.8414	0.8709	1.1052	1.2796	1.2820	1.4466	1.6860	1.8394	1.8658	1.9986	2.2954	2.3931	2.4080	2.6494	2.9374	2.9677	3.0197	3.3524	3.6869	3.5684	3.9008	4.1799	4.2938	4.2864	4.5966	4.8884	4.8446	5.1246	5.3031	5.7367	5.7610	5.9786	6.2886	6.4699	6.7253	6.9835	7.2267	7.7187	7.7089	8.3092	8.4792	8.6632	9.0120	10.3052	11.5908	13.1087	13.9727	14.5005	15.5228	17.2883	18.4884
8.6679	7.9427	7.7546	7.3575	6.9706	6.7155	6.3608	6.1455	5.6977	5.4303	5.2555	4.9074	4.4594	4.2594	4.2045	3.9860	3.6563	3.6494	3.2024	3.0927	2.9239	2.7322	2.4959	2.3484	2.2817	1.8651	1.8430	1.9493	1.8600	2.0011	1.9148	1.9002	2.2178	2.2604	2.1345	2.4851	2.2819	2.4042	2.4894	2.4155	2.6338	2.8800	2.8375	2.8320	3.2727	3.3532	3.3823	3.5888	3.8942	4.7590	4.2518	4.5527	4.6688	5.1657	4.9914	5.3446	5.6077	5.5152	5.7180	6.3600	6.2429	6.3954	6.9851	7.0704	6.9124	7.5798	7.8510	8.2885	8.2121	8.8089	9.1459	9.3863	9.7640	11.3036	12.6759	14.3169	15.0252	15.2129	15.8764	17.2796	18.3120	4.2848	3.7181	3.6955	3.4246	3.0726	2.8668	2.7623	2.5026	2.2795	2.1016	1.9541	1.7807	1.5650	1.4505	1.3736	1.1496	0.9377	0.9297	0.8303	0.5746	0.4637	0.4197	0.3461	0.2576	0.2520	0.2589	0.3431	0.3782	0.3651	0.4878	0.6629	0.7188	0.7519	0.9536	1.0988	1.1534	1.2562	1.4630	1.5987	1.6224	1.7743	1.9665	2.0794	2.0862	2.2863	2.4967	2.5204	2.6817	3.0262	3.0013	3.2093	3.4539	3.6233	3.6981	3.9036	4.1793	4.3262	4.5411	4.6115	4.9577	5.0535	5.3376	5.4029	5.6321	6.0703	6.1026	6.3019	6.9274	6.8438	7.7755	7.9096	7.9917	8.5079	9.7720	11.1742	12.7614	13.6793	14.1686	15.1701	16.8764	18.1569
7.7259	7.1709	7.0548	6.6210	6.2875	5.9903	5.7453	5.5164	5.1243	4.8431	4.7479	4.4759	4.0582	3.9844	3.8915	3.6156	3.2813	3.2244	2.9377	2.8416	2.7358	2.4773	2.0397	2.2466	1.9479	1.8037	1.7692	1.9139	1.7979	1.9606	1.9727	2.0040	2.1555	2.0357	1.9932	2.4629	2.0906	2.1726	2.1320	2.2297	2.3711	2.5415	2.6263	2.6006	2.9730	3.2136	3.2358	3.3927	3.7683	4.3567	4.0744	4.4316	4.4540	5.0004	4.9641	5.4031	5.7665	5.5481	5.9422	6.2875	6.3124	6.2439	6.9248	6.9450	6.6507	7.2011	7.4952	7.8590	7.9459	8.4727	8.9106	9.0722	9.4390	10.9439	12.2952	13.9753	14.6794	14.9863	15.7694	17.2077	18.2556	4.5645	4.0519	3.9679	3.7233	3.3997	3.1894	3.0645	2.7686	2.5020	2.4181	2.1729	1.8963	1.7862	1.6676	1.4643	1.2460	1.1489	1.0419	0.8445	0.6877	0.5517	0.4282	0.3645	0.3167	0.2553	0.2518	0.2567	0.3203	0.3340	0.3428	0.4366	0.5794	0.6350	0.6898	0.8378	0.9974	1.0597	1.1453	1.3144	1.4078	1.4997	1.6527	1.7554	1.8053	1.9921	2.1171	2.2253	2.3510	2.6527	2.6615	2.8654	3.0373	3.2725	3.2347	3.4786	3.7131	3.7592	3.9871	4.1061	4.4283	4.4708	4.7890	4.8982	5.0215	5.4916	5.5812	5.6893	6.2021	6.1974	7.2280	7.3866	7.5501	8.2229	9.5896	11.0883	12.6987	13.4421	13.9027	14.9335	16.6880	18.0747
7.8886	7.2790	7.1822	6.7783	6.4020	6.0443	5.9120	5.6556	5.3164	5.0786	4.9974	4.7880	4.3045	4.0826	3.8534	3.8084	3.4106	3.1532	3.1052	2.9198	2.5801	2.5039	2.3501	2.2552	1.9348	1.8698	2.1870	1.9446	1.9201	1.8544	2.0127	1.9580	2.0176	2.0276	2.0381	2.2669	1.9641	2.2232	2.3283	2.0507	2.3377	2.6080	2.5326	2.4419	2.8798	3.0263	2.9294	3.1246	3.3969	4.0471	3.4374	3.9229	4.3396	4.1995	4.2655	4.7987	5.2090	4.8505	5.0591	5.8105	5.7511	5.6160	6.0705	6.4269	6.3191	6.7389	7.0968	7.3822	7.4287	8.0862	8.5550	8.7456	9.2024	10.5771	11.8811	13.6350	14.4127	14.7000	15.3562	16.7941	17.7972	4.5607	4.1173	4.0397	3.7287	3.3627	3.1847	3.0565	2.7533	2.4859	2.4159	2.2728	1.8964	1.8017	1.7590	1.5152	1.3094	1.2542	1.1921	0.9257	0.7847	0.7247	0.5594	0.4028	0.3673	0.3424	0.2539	0.2522	0.2574	0.3344	0.3351	0.3353	0.4550	0.6073	0.6753	0.6774	0.8814	1.0214	1.0317	1.1524	1.3535	1.4294	1.4776	1.6168	1.8091	1.9002	1.9847	2.1231	2.3294	2.5141	2.5297	2.7989	3.0273	3.1003	3.1805	3.5145	3.6957	3.6853	3.9950	4.1508	4.3893	4.4381	4.7681	4.9113	5.0151	5.3445	5.6071	5.7783	6.1883	6.2253	7.0744	7.2633	7.5161	8.1003	9.5024	10.8627	12.4152	13.1897	13.6489	14.7186	16.5113	17.7333
8.3132	7.5084	7.3879	6.9963	6.5628	6.3648	6.1164	5.9851	5.5814	5.3105	5.2753	4.9786	4.5818	4.3038	4.1327	3.9834	3.6242	3.4723	3.2842	3.0625	2.8219	2.9834	2.6426	2.4372	2.2088	1.9764	2.1160	2.0845	1.8698	1.7950	1.6816	1.8625	1.7295	1.7601	1.7831	1.9734	1.8571	1.8490	1.9717	1.8416	1.9392	2.2110	2.2387	2.0700	2.5098	2.6651	2.6340	2.7679	2.9962	3.6340	3.2236	3.3058	3.7013	3.9766	3.7458	4.0897	4.6811	4.4594	4.5064	5.0807	5.3761	5.1790	5.5951	5.9399	5.9139	6.5495	6.7663	7.0195	7.0263	7.7994	8.1448	8.4230	8.9247	10.4390	11.8071	13.6404	14.3161	14.6625	15.2395	16.6701	17.7496	4.7915	4.3075	4.2129	3.9052	3.5444	3.3410	3.2447	2.9540	2.7188	2.5838	2.4404	2.1645	1.9238	1.8587	1.7219	1.4376	1.3043	1.3232	1.1183	0.8152	0.7749	0.7119	0.4877	0.3873	0.3660	0.3330	0.2540	0.2524	0.2576	0.3414	0.3502	0.3430	0.4764	0.6340	0.6454	0.6767	0.8926	1.0098	1.0252	1.1194	1.3046	1.3930	1.4032	1.5346	1.7533	1.8149	1.8071	2.0381	2.2661	2.2187	2.3627	2.6585	2.7425	2.7153	3.0766	3.2721	3.2730	3.5409	3.6800	3.8754	4.0405	4.2443	4.4176	4.5914	4.9263	5.0869	5.2603	5.7475	5.7999	6.7560	6.9275	7.1726	7.8149	9.2290	10.6099	12.2090	12.9541	13.4740	14.5208	16.3637	17.7068
7.8117	7.2672	7.1281	6.6618	6.3594	6.1106	5.7999	5.6217	5.2497	4.9902	4.7592	4.4527	4.0901	3.8595	3.7587	3.5582	3.2922	3.1947	2.9004	2.9188	2.6898	2.6200	2.2228	2.0506	1.9971	2.0773	1.5779	1.5730	1.3582	1.7675	1.4283	1.7182	1.8752	1.7867	1.5223	1.8281	1.6915	1.7249	1.6886	1.7758	1.7498	1.9329	1.9965	1.9508	2.3506	2.6418	2.6356	2.7531	3.0685	3.6733	3.4306	3.6117	3.7627	4.2028	4.1911	4.5371	4.8709	4.5389	4.8503	5.1444	5.2280	5.1691	5.7386	5.7451	5.7031	6.2218	6.6295	6.9466	6.8925	7.6958	8.1424	8.4364	8.9254	10.4292	11.9854	13.8201	14.4609	14.7337	15.3706	16.8055	17.7939	4.7941	4.2922	4.2651	4.0010	3.5851	3.4210	3.3073	3.0375	2.7234	2.6270	2.4731	2.2022	2.0024	1.8769	1.7307	1.5255	1.3639	1.2790	1.1532	0.9121	0.7718	0.6744	0.5909	0.4308	0.3476	0.3120	0.2892	0.2536	0.2522	0.2546	0.2941	0.3132	0.3178	0.4054	0.5326	0.5836	0.6345	0.7674	0.8896	0.9238	0.9713	1.1396	1.2489	1.2434	1.3705	1.5299	1.6435	1.6647	1.8562	1.9364	2.0545	2.1814	2.3473	2.3302	2.6221	2.8183	2.7879	3.1209	3.2272	3.4579	3.6036	3.8055	3.8849	4.0784	4.4865	4.5946	4.6898	5.2294	5.2659	6.3508	6.5272	6.8287	7.6350	9.0547	10.5200	12.1987	12.9492	13.3886	14.4319	16.2491	17.6840
7.7666	7.1691	7.0885	6.6059	6.2311	5.9101	5.7528	5.4713	5.0772	4.8263	4.7069	4.5176	4.0574	3.8650	3.6980	3.5479	3.2140	3.1806	2.8942	2.7411	2.6640	2.6376	2.2587	2.2143	2.3084	1.8605	1.7118	1.6315	1.5426	1.5515	1.4453	1.6034	1.7872	1.5789	1.5232	1.8021	1.6000	1.6565	1.7293	1.7166	1.7742	1.9721	1.9469	2.0960	2.4452	2.4072	2.4707	2.5509	2.9012	3.4126	3.0280	3.3710	3.5585	3.8682	3.7782	4.3785	4.4674	4.4191	4.6191	5.1472	4.9183	4.8435	5.4002	5.7037	5.3950	5.9628	6.3023	6.6182	6.6972	7.5361	7.9328	8.2022	8.6197	10.2062	11.6272	13.5013	14.2308	14.5419	15.2148	16.6703	17.7261	5.0243	4.4722	4.3966	4.1496	3.7864	3.5945	3.4739	3.1968	2.9359	2.8296	2.6917	2.3403	2.1897	2.1353	1.8368	1.6020	1.5594	1.4644	1.2312	1.0362	0.9537	0.7587	0.6474	0.5579	0.4390	0.3325	0.3153	0.2985	0.2537	0.2517	0.2552	0.3141	0.3252	0.3239	0.4309	0.5712	0.6150	0.6548	0.8133	0.9014	0.9326	1.0691	1.1866	1.2380	1.3537	1.4716	1.6114	1.6468	1.8577	1.9136	2.0143	2.2305	2.3548	2.3750	2.6083	2.8242	2.9106	3.2316	3.2724	3.4999	3.6443	3.9337	3.9632	4.1924	4.5555	4.6701	4.8029	5.2399	5.2963	6.4217	6.5624	6.8633	7.6720	9.1213	10.5342	12.1872	12.9378	13.3462	14.4084	16.2513	17.5926
7.5968	7.1147	6.9343	6.5188	6.2833	5.9288	5.5942	5.4524	5.2469	4.8526	4.8211	4.6446	4.2771	4.0265	3.8498	3.7914	3.3504	3.2689	3.0244	2.8772	2.5718	2.6473	2.2912	2.1654	2.1321	1.9275	1.9130	1.7905	1.6497	1.6211	1.7679	1.5123	1.4986	1.5284	1.6332	1.5818	1.4202	1.5636	1.5990	1.4367	1.5429	1.8418	1.8888	1.7239	2.1911	2.4059	2.2634	2.4792	2.6423	3.0891	2.6881	3.0121	3.2090	3.4463	3.3369	3.6034	4.0665	3.5963	4.0000	4.6358	4.4799	4.5192	4.9525	5.2133	5.2387	5.8051	5.9292	6.2803	6.2524	7.3008	7.6680	7.9711	8.5720	10.2314	11.6198	13.4082	14.1411	14.5081	15.1271	16.5571	17.6437	5.1994	4.7589	4.6161	4.2822	3.9306	3.7625	3.6062	3.3164	3.0352	2.9428	2.8133	2.4326	2.2633	2.2280	1.9909	1.6429	1.6226	1.5824	1.2814	1.0999	1.0923	0.9202	0.7098	0.6381	0.5862	0.4291	0.3370	0.3293	0.3018	0.2537	0.2521	0.2553	0.3164	0.3216	0.3190	0.4220	0.5751	0.6019	0.6325	0.7875	0.8908	0.9347	1.0086	1.1752	1.2744	1.2997	1.4342	1.5942	1.7154	1.7030	1.9227	2.1366	2.1130	2.1605	2.5286	2.6940	2.5899	2.9806	3.1593	3.2776	3.3518	3.7079	3.8475	3.9541	4.2831	4.5471	4.6658	5.0270	5.0890	6.2086	6.3875	6.7778	7.5574	9.0104	10.4002	12.0109	12.7989	13.2308	14.3216	16.2446	17.5926
7.6471	6.9637	6.8025	6.4118	6.0923	5.8806	5.5429	5.4445	5.1111	4.8336	4.7081	4.4607	4.1694	3.9269	3.7208	3.6045	3.2816	3.2050	2.8571	2.7784	2.5948	2.5840	2.3720	2.2302	2.1219	2.0648	1.8634	1.7171	1.6877	1.6600	1.3493	1.5652	1.3689	1.3333	1.2142	1.5257	1.2261	1.2125	1.1847	1.2304	1.3119	1.5607	1.6448	1.5147	1.8092	2.1257	1.9588	2.1374	2.3129	2.7102	2.5013	2.7219	2.8045	3.1730	3.1501	3.3207	3.7591	3.4168	3.7442	4.2561	4.2972	4.2203	4.6394	4.7735	4.7790	5.4093	5.5339	5.8526	5.7970	7.0345	7.3608	7.7834	8.4324	9.9830	11.5526	13.5313	14.1233	14.4550	15.0472	16.5086	17.6230	5.1727	4.6610	4.6518	4.2804	3.9115	3.7921	3.6557	3.3364	3.0965	2.9798	2.8341	2.4998	2.3284	2.2264	2.0389	1.7815	1.6223	1.5667	1.3830	1.1078	1.0664	0.9635	0.7891	0.6297	0.5821	0.5069	0.3922	0.3238	0.3011	0.2963	0.2532	0.2520	0.2545	0.2909	0.2979	0.2950	0.3894	0.5129	0.5510	0.5634	0.7007	0.8069	0.7792	0.8564	1.0415	1.1097	1.1261	1.2210	1.4016	1.4219	1.4475	1.6411	1.7092	1.7039	1.9379	2.1101	2.0508	2.3150	2.4965	2.6028	2.7173	2.9781	3.0920	3.2423	3.5413	3.7282	3.8404	4.3209	4.3435	5.6176	5.7711	6.2789	7.1335	8.5990	10.0451	11.7581	12.5271	12.9656	14.0717	16.0230	17.5938
7.7704	7.3032	7.1380	6.6920	6.4753	6.2266	5.8733	5.7480	5.3539	5.0432	4.9060	4.7975	4.3691	4.1637	3.8892	3.8656	3.5338	3.4416	3.0669	3.1423	3.0272	2.8876	2.4821	2.6756	2.5320	2.1103	1.7286	1.9156	1.6004	1.6695	1.4524	1.5236	1.5736	1.3911	1.3393	1.6043	1.3019	1.3055	1.2441	1.2544	1.2518	1.4229	1.6554	1.6277	1.9311	2.1339	2.1223	2.1251	2.2323	2.9638	2.4905	2.8745	3.0082	3.5183	3.6172	3.8491	4.1609	3.7890	4.2625	4.6361	4.4220	4.3646	4.9870	4.9749	4.7659	5.5182	5.7723	5.9627	5.8703	7.1074	7.4829	7.9883	8.4601	10.0157	11.6167	13.5806	14.2427	14.5830	15.1801	16.6717	17.7791	5.1959	4.7249	4.6782	4.3586	3.9686	3.8529	3.7002	3.4353	3.1652	3.0506	2.8797	2.5616	2.3945	2.3157	2.0366	1.8590	1.7458	1.6302	1.4370	1.2575	1.1530	0.9837	0.8873	0.7372	0.6354	0.5330	0.4900	0.3929	0.3157	0.2929	0.2774	0.2536	0.2519	0.2534	0.2833	0.2925	0.3041	0.3740	0.4858	0.4941	0.5368	0.6682	0.7331	0.7563	0.8586	0.9706	1.0623	1.0918	1.2394	1.3114	1.3820	1.5242	1.6108	1.6189	1.8566	1.9923	1.9602	2.1764	2.3502	2.4716	2.5563	2.8292	2.8953	3.0442	3.4011	3.5910	3.6914	4.1263	4.1769	5.5055	5.7648	6.3132	7.2031	8.6158	10.0982	11.8594	12.4939	12.9229	13.9642	15.9334	17.4526
7.7813	7.3151	7.1490	6.7005	6.4947	6.0539	5.7304	5.5399	5.2030	4.8407	4.7435	4.6613	4.1690	3.9389	3.8604	3.8282	3.3303	3.1763	3.1041	2.9219	2.6524	2.7458	2.4410	2.2627	2.3478	2.1765	1.9434	1.8884	1.6450	1.6146	1.5016	1.3774	1.3878	1.5339	1.3402	1.5282	1.2102	1.4271	1.2979	1.2043	1.4158	1.5748	1.6469	1.5946	1.9704	2.1414	2.1332	2.4473	2.5388	2.6518	2.5618	2.8623	3.0210	3.1710	3.1559	3.5536	3.6666	3.2335	3.7742	4.3312	4.0325	4.1233	4.6869	4.7409	4.6931	5.3796	5.6174	5.8448	5.7638	7.0566	7.4172	7.8168	8.4867	10.1227	11.4964	13.2558	13.9397	14.3740	14.9702	16.4335	17.5646	5.4791	4.9837	4.8672	4.5806	4.2118	4.0204	3.8678	3.6270	3.3391	3.2258	3.0741	2.7195	2.5909	2.5054	2.2238	1.9622	1.9443	1.8416	1.5299	1.3664	1.3511	1.1021	0.9203	0.8590	0.7791	0.6250	0.5646	0.5178	0.3931	0.3215	0.3071	0.2922	0.2529	0.2522	0.2552	0.3084	0.3124	0.3268	0.4447	0.5415	0.5713	0.6293	0.7627	0.8423	0.8908	0.9924	1.1498	1.2281	1.3223	1.4172	1.5823	1.6857	1.7353	1.8424	2.0578	2.1776	2.1999	2.4851	2.6137	2.7688	2.9401	3.1831	3.2914	3.4738	3.7616	3.9515	4.1122	4.4765	4.5969	5.8487	6.0696	6.6504	7.4187	8.7937	10.2394	11.8766	12.6328	13.0751	14.1313	16.1195	17.3933
8.0861	7.5040	7.3140	6.8533	6.6452	6.3806	5.8723	5.7457	5.6190	5.1269	4.9357	4.9249	4.6887	4.1872	4.1232	4.2418	3.7108	3.6041	3.3847	3.3651	2.9512	2.7940	2.7086	2.6107	2.2012	2.3792	2.2211	2.0562	1.7271	1.9136	1.8711	1.4944	1.6278	1.4914	1.6504	1.4797	1.2421	1.3836	1.2664	1.1017	1.2563	1.5041	1.5447	1.3949	1.7404	2.0550	1.8588	2.0429	2.4395	2.5364	2.3419	2.6017	2.6909	2.8943	2.9186	3.0574	3.3386	3.0054	3.3994	3.8429	3.6840	3.8412	4.2465	4.3681	4.4218	5.1775	5.3121	5.6070	5.5616	6.9171	7.2738	7.7852	8.3914	10.0527	11.5166	13.2866	13.9515	14.3779	15.0108	16.4446	17.5795	5.7373	5.2646	5.1641	4.7901	4.3993	4.2592	4.0786	3.7819	3.5060	3.4244	3.2405	2.8733	2.7246	2.6536	2.3837	2.0973	2.0230	1.9716	1.7079	1.4275	1.4479	1.3072	1.0404	0.9313	0.9129	0.7651	0.6129	0.5616	0.5193	0.4208	0.3141	0.3145	0.3025	0.2538	0.2525	0.2548	0.3086	0.3212	0.3268	0.4195	0.5535	0.5745	0.5806	0.7616	0.8627	0.8527	0.9571	1.1224	1.2086	1.1796	1.3807	1.5629	1.5299	1.5563	1.8725	1.9942	1.8943	2.1685	2.4166	2.5071	2.5980	2.9111	3.0287	3.1481	3.4168	3.6702	3.7906	4.1446	4.2679	5.6127	5.7695	6.4124	7.2700	8.6843	10.1177	11.7461	12.5026	12.9547	14.0481	16.1213	17.5419
8.1723	7.5675	7.4213	6.9125	6.7158	6.4844	6.1012	5.9964	5.7150	5.3566	5.1718	5.0953	4.7367	4.4039	4.2915	4.1816	3.8060	3.7235	3.2427	3.2944	3.1364	2.7198	2.7512	2.8424	2.6406	2.6432	2.3532	2.2121	2.0857	1.9741	1.6372	1.7171	1.6368	1.4453	1.3435	1.1399	1.3472	1.2307	1.1102	1.1892	1.2013	1.3307	1.4291	1.3192	1.6094	1.9376	1.8156	1.9666	2.2889	2.5660	2.3524	2.5698	2.7680	3.1728	3.2964	3.4468	3.9086	3.5124	3.8532	4.1574	4.0603	4.1353	4.6126	4.6938	4.5542	5.3426	5.5522	5.7605	5.6257	7.1568	7.4729	8.0474	8.6681	10.2134	11.8103	13.7416	14.3788	14.7044	15.2122	16.6690	17.7637	5.3671	5.0072	4.9472	4.5903	4.2532	4.1240	3.9508	3.6603	3.4196	3.3171	3.1310	2.7998	2.6584	2.5458	2.3036	2.1077	1.9810	1.8570	1.6837	1.4720	1.3823	1.2188	1.1038	0.9291	0.8541	0.7589	0.6657	0.5599	0.5001	0.4962	0.3722	0.2949	0.2826	0.2775	0.2529	0.2524	0.2541	0.2806	0.3057	0.3063	0.3759	0.4776	0.4885	0.5366	0.6729	0.7498	0.7554	0.8613	1.0108	1.0747	1.1108	1.2558	1.3513	1.4192	1.5435	1.6734	1.6562	1.8175	1.9980	2.1269	2.1947	2.4375	2.5416	2.7018	2.9849	3.1704	3.3166	3.7198	3.8670	5.3730	5.6105	6.3012	7.1757	8.7759	10.1537	11.8643	12.5689	12.9759	14.0658	16.0608	17.6263
8.0803	7.6383	7.5112	7.0262	6.7628	6.4326	6.0461	5.9748	5.5613	5.1763	5.0644	5.0755	4.4722	4.1690	4.0439	4.1103	3.5599	3.3275	3.2930	3.1369	2.8259	2.7024	2.6027	2.6332	2.5838	2.3437	2.2371	2.2161	1.9226	1.9337	1.6719	1.4760	1.6998	1.3715	1.2328	1.6067	1.2285	1.2383	1.1059	1.1528	1.1568	1.2666	1.3578	1.2960	1.5646	1.7592	1.7687	2.1019	2.2131	2.3429	2.3893	2.5576	2.6571	2.6867	3.0146	3.2586	3.3304	3.2437	3.8202	3.9984	3.8407	4.0459	4.5971	4.4218	4.3663	5.2080	5.3883	5.5735	5.4051	6.9338	7.3400	7.9276	8.5089	10.1102	11.5952	13.4035	14.0277	14.3513	14.9670	16.4378	17.7239	5.7139	5.2101	5.1482	4.8195	4.4971	4.3148	4.1342	3.8838	3.6405	3.5271	3.3431	3.0290	2.9264	2.7770	2.4949	2.3409	2.2888	2.1043	1.8264	1.7063	1.6410	1.3658	1.2371	1.1353	1.0120	0.8657	0.8037	0.7155	0.5986	0.5522	0.4927	0.3865	0.3022	0.3077	0.2844	0.2538	0.2517	0.2542	0.3037	0.3196	0.3175	0.4157	0.4983	0.5410	0.6093	0.7298	0.8051	0.8454	0.9705	1.1185	1.1797	1.2771	1.4171	1.5280	1.6111	1.7446	1.8308	1.9688	2.0886	2.3067	2.3797	2.6188	2.7370	2.9321	3.2236	3.3972	3.5522	3.9301	4.0829	5.5473	5.8275	6.5779	7.3249	8.7243	10.1606	11.8708	12.5680	13.0133	14.0377	16.0647	17.4668
8.2946	7.8985	7.6911	7.1825	7.1312	6.6838	6.1511	6.0899	5.9238	5.2569	5.0560	5.2903	4.7967	4.2016	4.1659	4.5084	3.8386	3.5153	3.6364	3.6610	3.0368	2.7955	2.9476	2.6970	2.3291	2.5385	2.4780	2.0902	2.0034	2.0244	1.9024	1.5203	1.4176	1.6975	1.3833	1.3393	1.1142	1.4150	1.0958	0.9967	1.1624	1.3490	1.2142	1.2064	1.6206	1.7387	1.6712	1.9198	2.2538	2.6667	2.1649	2.6037	2.7730	2.6756	2.7898	2.9925	3.2786	2.9473	3.4955	3.8089	3.5713	3.7123	4.2232	4.1223	4.0848	4.9162	5.1432	5.2657	5.2240	6.6723	7.2755	7.7568	8.3657	9.9394	11.3428	13.0673	13.6369	14.0597	14.7255	16.2234	17.4281	6.0754	5.6674	5.5752	5.2047	4.8400	4.7060	4.5140	4.1929	3.9096	3.8531	3.6415	3.2345	3.1749	3.0441	2.7004	2.4894	2.5163	2.3393	2.0104	1.8558	1.8611	1.5986	1.3438	1.2908	1.2176	1.0093	0.9079	0.8754	0.7637	0.6336	0.5728	0.5308	0.3915	0.3320	0.3136	0.2897	0.2528	0.2521	0.2556	0.3160	0.3187	0.3241	0.4230	0.5433	0.5770	0.6027	0.7588	0.8629	0.8836	0.9596	1.1791	1.2528	1.2608	1.4658	1.6302	1.6896	1.6675	2.0007	2.1122	2.1651	2.3409	2.6856	2.7411	2.8746	3.2018	3.4260	3.5119	3.8449	3.9899	5.4310	5.7220	6.4533	7.2461	8.6220	10.0257	11.7278	12.4656	12.8906	13.9721	16.0408	17.3852
8.7663	8.2380	8.0045	7.4483	7.2475	6.9676	6.5051	6.3228	6.1896	5.7833	5.5387	5.5202	5.2364	4.7834	4.6118	4.7307	4.3138	4.0743	3.7638	3.8409	3.5025	2.9695	2.8978	2.9764	2.6538	2.5517	2.6013	2.5087	2.3357	2.1046	2.0742	1.7217	1.8416	1.5051	1.4732	1.5164	1.3068	1.2659	1.2093	1.1143	1.1557	1.1449	1.1911	1.1787	1.4124	1.5833	1.5608	1.8918	2.1389	2.4084	2.0912	2.3642	2.6313	2.5805	2.6551	2.8461	3.1619	2.8803	3.3887	3.5576	3.6312	3.7351	4.0896	4.1218	4.1745	4.8789	5.0819	5.3581	5.2952	6.8580	7.3267	7.8404	8.4816	10.0662	11.7171	13.4872	14.0008	14.3362	15.0114	16.4478	17.6116	6.3453	5.9639	5.8438	5.5136	5.1775	4.9750	4.7582	4.4782	4.2346	4.0972	3.9101	3.5622	3.4455	3.2757	3.0111	2.8409	2.7461	2.5736	2.3452	2.1616	2.0313	1.8270	1.6651	1.4874	1.3799	1.2394	1.1121	1.0021	0.9226	0.8577	0.6995	0.6117	0.5544	0.4482	0.3555	0.3172	0.3010	0.2534	0.2518	0.2551	0.3009	0.3134	0.3164	0.4106	0.5535	0.5621	0.5818	0.7615	0.8550	0.8481	0.9843	1.1686	1.2160	1.2815	1.4612	1.6211	1.6012	1.7588	1.9882	2.0862	2.1614	2.4207	2.5734	2.7543	2.9851	3.1775	3.3374	3.7210	3.8672	5.2840	5.5251	6.2582	7.0857	8.5703	10.0445	11.6774	12.4467	12.8850	14.0088	16.0642	17.5383
9.1139	8.5364	8.3592	7.7550	7.6315	7.3569	6.9044	6.7515	6.5033	6.1716	5.9917	5.9414	5.4901	5.1792	5.0203	5.0069	4.6083	4.3731	4.0797	3.9371	3.7575	3.3375	3.0195	3.0982	2.9040	2.5821	2.7781	2.8447	2.3966	2.4033	2.1374	1.9010	2.0875	1.8062	1.6814	1.3923	1.4749	1.3493	1.2226	1.1122	1.1880	1.2415	1.1576	1.2760	1.5411	1.6951	1.6185	1.9496	2.1590	2.5565	2.2644	2.5754	2.5564	2.5227	3.0005	2.9631	3.2725	3.2533	3.5685	3.7445	3.8207	4.1324	4.5456	4.4095	4.5497	5.3442	5.4636	5.7321	5.5883	7.1246	7.4738	8.0619	8.7268	10.1300	11.8607	13.5972	14.1851	14.4534	14.9835	16.4401	17.6422	6.6651	6.3361	6.1772	5.7579	5.5047	5.3969	5.0473	4.7572	4.5602	4.4216	4.1098	3.8148	3.7116	3.4828	3.1836	3.0391	2.9684	2.7171	2.5172	2.3913	2.2654	1.9772	1.8831	1.7739	1.5996	1.4363	1.3847	1.2454	1.0504	1.0360	0.8985	0.7243	0.6329	0.6065	0.4623	0.3496	0.3224	0.3118	0.2538	0.2516	0.2546	0.3075	0.3372	0.3394	0.4214	0.5361	0.5429	0.6060	0.7407	0.8265	0.8420	0.9636	1.1657	1.2506	1.2565	1.4927	1.6299	1.6750	1.7873	2.0373	2.1364	2.3024	2.4353	2.6447	2.9383	3.0591	3.2406	3.6445	3.9098	5.4021	5.8237	6.4289	7.2183	8.6808	10.0831	11.7796	12.4800	12.9119	13.9859	15.9159	17.4182
8.8532	8.4270	8.2750	7.7291	7.5699	7.0471	6.7158	6.6017	6.2284	5.7024	5.6098	5.7291	5.0271	4.6605	4.6378	4.7881	4.0942	3.8088	3.9694	3.7606	3.2571	3.2656	3.2266	2.8968	2.7086	2.7299	2.7256	2.3449	2.5779	2.3956	2.1394	1.8796	1.7986	1.8125	1.4879	1.3140	1.3256	1.3072	1.0631	0.9754	1.2360	1.1806	1.1321	1.0909	1.5103	1.5435	1.4648	1.8589	2.1076	2.3991	2.2090	2.5971	2.6973	2.7316	2.8476	3.0197	3.1807	3.0456	3.5655	3.8374	3.7539	3.8064	4.3581	4.2011	4.1134	4.9315	5.1174	5.2142	5.2287	6.6497	7.3454	7.8875	8.4706	9.8446	11.3934	13.0637	13.5961	14.0021	14.6965	16.2369	17.5126	6.5713	6.1411	6.0709	5.6234	5.2707	5.1306	4.9357	4.5776	4.3031	4.2519	3.9845	3.5986	3.5289	3.4009	3.0525	2.8736	2.9180	2.6607	2.3402	2.2675	2.2250	1.8964	1.6924	1.6792	1.5502	1.3007	1.2381	1.2003	1.0259	0.9100	0.8644	0.7624	0.6152	0.5870	0.5439	0.4022	0.3254	0.3148	0.3040	0.2531	0.2520	0.2545	0.3200	0.3214	0.3369	0.4278	0.5400	0.5749	0.6375	0.7904	0.9041	0.9457	1.0423	1.2495	1.2971	1.3708	1.5104	1.7136	1.8037	1.8965	2.1287	2.3519	2.4170	2.6314	2.9600	3.1454	3.2372	3.5991	3.8346	5.3563	5.7433	6.5329	7.2385	8.5916	9.9434	11.7010	12.4087	12.8842	13.9317	16.0043	17.3215
9.3830	8.8355	8.5805	8.1068	7.9131	7.5594	7.1482	6.9849	6.7339	6.2368	6.0414	6.0911	5.6453	5.0782	5.0015	5.2211	4.6041	4.1962	4.2570	4.2839	3.6359	3.5476	3.5269	3.3109	2.9173	2.8507	2.9570	2.7140	2.6754	2.5933	2.5199	2.1649	2.2375	2.2124	1.8367	1.6377	1.5823	1.6541	1.2794	1.1030	1.3198	1.4797	1.2251	1.1612	1.4147	1.4854	1.4442	1.5907	1.8664	2.2098	1.9031	2.1391	2.6307	2.6684	2.5288	2.8441	3.2204	2.7845	3.1861	3.6526	3.4674	3.4534	4.1159	3.9622	3.8740	4.5805	4.9083	5.0173	5.0801	6.5014	7.1841	7.7584	8.2136	9.8099	11.3180	13.1655	13.6132	13.9974	14.6780	16.1868	17.3530	6.9879	6.6460	6.5370	6.0973	5.7157	5.5553	5.3423	4.9990	4.6838	4.6136	4.3726	3.9558	3.8005	3.6986	3.3743	3.1662	3.1477	2.9319	2.6608	2.4877	2.4796	2.1648	1.9560	1.8714	1.8041	1.5891	1.4403	1.3721	1.2924	1.0903	0.9917	0.9374	0.8027	0.6797	0.6119	0.5681	0.4425	0.3610	0.3332	0.3263	0.2533	0.2526	0.2566	0.3223	0.3525	0.3315	0.4564	0.5923	0.6427	0.6284	0.8345	0.9786	0.9665	1.0911	1.2872	1.3946	1.3434	1.6088	1.8153	1.9128	1.9769	2.2865	2.4350	2.5223	2.8015	3.0416	3.1885	3.4812	3.6912	5.2242	5.5324	6.2117	7.0215	8.4549	9.8246	11.5674	12.3408	12.7629	13.9022	15.9690	17.2581
9.3822	8.7552	8.5243	7.8890	7.6895	7.4107	7.0060	6.7825	6.4981	6.2736	5.9576	5.9019	5.5423	5.2065	5.0171	5.0781	4.6902	4.4096	4.1654	4.0970	3.8689	3.6495	3.3789	3.2272	3.1157	3.0027	2.7496	2.8033	2.6531	2.5735	2.6369	2.3648	2.3872	2.2047	1.8071	1.8486	1.6960	1.4672	1.2214	1.2135	1.1761	1.2417	1.0662	1.2768	1.3442	1.5778	1.6542	1.7919	1.7357	2.1457	2.0855	2.2714	2.5371	2.7689	2.8419	2.8715	3.1433	3.0352	3.5132	3.5714	3.6388	3.8955	4.1919	4.2033	4.1853	4.8138	5.0235	5.2567	5.2648	6.9011	7.4841	8.1641	8.7391	10.2064	11.8902	13.7353	14.1731	14.4456	14.9481	16.4465	17.5987	6.5008	6.2067	6.1373	5.7385	5.4319	5.2129	5.0169	4.7381	4.4809	4.3374	4.1278	3.8303	3.6397	3.4792	3.2592	3.0671	2.9469	2.8012	2.5651	2.3765	2.2560	2.0449	1.9213	1.7670	1.6386	1.5423	1.4412	1.2925	1.2478	1.1568	0.9902	0.8869	0.8466	0.7611	0.6243	0.5415	0.5278	0.4085	0.3221	0.3164	0.2899	0.2535	0.2520	0.2550	0.2904	0.3135	0.3208	0.4056	0.5349	0.5487	0.5919	0.7685	0.8566	0.8576	0.9844	1.1891	1.2276	1.2988	1.4609	1.6425	1.7391	1.8881	2.0261	2.2726	2.4535	2.5612	2.7944	3.1796	3.5164	5.0824	5.5075	6.2000	6.9375	8.5703	9.8922	11.7466	12.4695	12.8909	13.9580	15.9202	17.3844
9.4432	8.9719	8.8132	8.1410	7.9598	7.6861	7.3089	7.0647	6.8020	6.4716	6.2470	6.1791	5.7401	5.3973	5.2515	5.2139	4.8012	4.5173	4.3529	4.2474	3.9250	3.7122	3.5322	3.4052	3.1758	2.9668	2.9738	2.7919	2.8076	2.6364	2.5324	2.3877	2.3458	2.2617	1.9958	1.7696	1.5680	1.5104	1.2623	1.1377	1.2615	1.2025	1.1705	1.2206	1.3671	1.5334	1.5470	1.6983	1.5717	1.9288	1.7912	2.1861	2.1549	2.5225	2.6781	2.6649	2.9960	2.8886	3.3672	3.3784	3.5650	3.8736	4.3338	4.2379	4.2853	5.0914	5.1041	5.3311	5.2711	6.7786	7.3306	7.8114	8.4724	9.8682	11.5530	13.2322	13.7982	14.1216	14.7657	16.2959	17.4512	7.2239	6.8833	6.7327	6.2631	5.9888	5.8290	5.5119	5.2035	4.9734	4.8409	4.4824	4.1985	4.0520	3.8257	3.5159	3.3738	3.3405	3.0711	2.8373	2.7131	2.5912	2.2611	2.1830	2.0677	1.8852	1.7062	1.6925	1.5580	1.3790	1.3122	1.2637	1.0716	0.9223	0.9248	0.8333	0.6298	0.6005	0.5594	0.4233	0.3348	0.3441	0.3074	0.2540	0.2519	0.2549	0.3161	0.3250	0.3213	0.4346	0.5571	0.5590	0.6264	0.8113	0.8823	0.8985	1.0455	1.2241	1.3083	1.3802	1.5985	1.7567	1.8666	2.0166	2.2740	2.5069	2.6171	2.8170	3.1985	3.5012	5.1253	5.6109	6.2166	6.9185	8.4249	9.8272	11.6781	12.3545	12.8360	13.9350	15.8974	17.1713
9.6821	9.2747	9.1503	8.5580	8.3788	7.9812	7.6146	7.3517	7.0310	6.6415	6.4187	6.4036	5.8359	5.4222	5.2553	5.3399	4.7608	4.3394	4.3688	4.2658	3.7908	3.6008	3.6568	3.3661	2.9963	3.0824	3.0036	2.7101	2.7638	2.5908	2.5856	2.2973	2.2348	2.3048	1.8632	1.8261	1.6848	1.6513	1.2825	1.2395	1.4359	1.2747	1.1557	1.2434	1.6592	1.4699	1.4345	1.6273	1.8646	1.9089	1.7584	2.2349	2.1748	2.2755	2.2630	2.6417	3.0242	2.5866	3.0646	3.3862	3.3085	3.3481	4.0529	4.0014	3.9286	4.5937	4.7986	5.0087	5.0729	6.4877	7.3674	7.8603	8.3416	9.9794	11.4004	13.2018	13.6903	14.0180	14.6641	16.1357	17.3273	7.2746	7.0017	6.8928	6.4653	6.1290	5.9092	5.7033	5.3486	5.0632	4.9539	4.6782	4.3157	4.1647	4.0125	3.6662	3.4473	3.4544	3.2194	2.9281	2.7814	2.7521	2.4053	2.2123	2.1770	2.0080	1.7729	1.6972	1.6493	1.5149	1.3415	1.2988	1.2025	1.0076	0.9483	0.9358	0.7835	0.6420	0.6131	0.5799	0.4206	0.3394	0.3549	0.3093	0.2535	0.2523	0.2559	0.3163	0.3234	0.3350	0.4261	0.5670	0.6101	0.6413	0.8437	0.9297	0.9647	1.0621	1.3026	1.3893	1.4586	1.7086	1.9295	1.9943	2.1827	2.4897	2.6768	2.7745	3.1294	3.4212	4.9981	5.4966	6.1602	7.0257	8.4379	9.7207	11.5164	12.2967	12.7754	13.8383	15.8732	17.0583
9.9241	9.3533	9.1055	8.4426	8.2654	7.9549	7.5810	7.3178	7.0308	6.7057	6.4732	6.3756	6.0032	5.5490	5.4084	5.4936	5.0090	4.5837	4.5158	4.5597	4.1132	3.8942	3.8063	3.6737	3.3500	3.3285	3.1495	2.9463	2.8951	2.6172	2.5556	2.6538	2.5131	2.4837	2.3624	2.3217	1.9218	1.7431	1.5632	1.4597	1.3384	1.3684	1.4063	1.3726	1.3137	1.6298	1.6082	1.6654	1.4126	1.8456	1.7937	1.7403	1.8582	2.0514	2.3567	2.5130	2.8394	2.7570	3.1313	3.2903	3.1291	3.4054	3.8220	3.6698	3.7889	4.5349	4.8137	5.0691	5.0254	6.6840	7.3476	7.7648	8.2771	9.9691	11.6479	13.4809	13.9586	14.2252	14.8280	16.3053	17.3108	7.0144	6.8472	6.7534	6.3180	6.0333	5.8035	5.5861	5.2548	4.9894	4.8613	4.6014	4.2501	4.0748	3.9169	3.6281	3.3902	3.3093	3.1303	2.8881	2.7006	2.6298	2.3484	2.2247	2.0808	1.9474	1.8042	1.7080	1.6007	1.5401	1.4320	1.2965	1.2294	1.1121	0.9798	0.8898	0.8082	0.7099	0.6026	0.5520	0.5190	0.4114	0.3308	0.3176	0.3023	0.2535	0.2520	0.2543	0.2920	0.3230	0.3121	0.3915	0.5447	0.5340	0.5736	0.7267	0.8438	0.8414	0.9820	1.1713	1.2917	1.3740	1.5584	1.7489	1.9068	2.1458	2.3282	2.5341	2.8525	3.1525	4.9137	5.2423	5.7162	6.7940	8.3128	9.6998	11.6441	12.2763	12.7155	13.7533	15.7097	16.9680
9.7823	9.1337	8.9089	8.1577	8.0056	7.7271	7.2963	7.0354	6.8310	6.5700	6.2548	6.1538	5.9358	5.5317	5.2964	5.3455	5.0348	4.6515	4.5254	4.4378	4.1712	3.9553	3.7777	3.5934	3.5137	3.3082	3.1731	3.0542	3.0327	2.6434	2.5255	2.3826	2.4077	2.3872	2.0611	1.9443	1.8475	1.7775	1.4953	1.3881	1.4516	1.4254	1.3440	1.4187	1.5480	1.6432	1.6811	1.7138	1.6830	2.0221	1.8644	1.8268	2.1046	2.1471	2.3810	2.4816	3.0910	2.6656	2.8061	3.0687	3.1320	3.3080	3.6379	3.7158	3.8577	4.6400	4.7327	5.1282	5.0731	6.6903	7.2285	7.7168	8.4771	9.9516	11.5952	13.4064	13.9667	14.2075	14.7214	16.2673	17.3300	7.1497	6.8775	6.7611	6.3027	6.0439	5.7964	5.5714	5.2568	4.9719	4.8124	4.5428	4.2420	4.0667	3.8535	3.5920	3.4089	3.3025	3.1132	2.9096	2.7399	2.6104	2.3640	2.2566	2.1011	1.9561	1.7921	1.7722	1.6593	1.5731	1.4870	1.3825	1.2421	1.1657	1.1169	0.9912	0.8347	0.7745	0.7201	0.6123	0.5351	0.4943	0.4015	0.3217	0.3073	0.2849	0.2531	0.2522	0.2538	0.2941	0.3097	0.3073	0.3969	0.5017	0.5083	0.5481	0.7298	0.8037	0.8584	0.9370	1.1577	1.2876	1.3313	1.5210	1.8195	1.9642	2.0775	2.3232	2.6946	3.1142	4.8054	5.3390	5.7826	6.5462	8.3912	9.7641	11.6776	12.3610	12.7598	13.8065	15.7239	16.9739
10.0149	9.3756	9.1710	8.4350	8.2771	8.0278	7.5945	7.3086	7.1113	6.8450	6.5366	6.4318	6.1272	5.7229	5.4849	5.4969	5.1155	4.6594	4.5912	4.4340	4.1239	3.7973	3.8519	3.5443	3.2426	3.3343	3.1524	2.9620	3.1107	2.8296	2.7261	2.5171	2.3744	2.5965	2.1067	2.1430	2.0875	1.9130	1.6036	1.6028	1.6327	1.4054	1.3243	1.4372	1.4984	1.5921	1.6677	2.0033	1.5731	2.1720	1.7288	2.2718	1.9488	1.9709	2.1655	2.4863	2.7728	2.4857	2.9532	3.0489	3.1377	3.2656	3.8717	3.8642	3.8928	4.7165	4.7867	5.0462	4.9733	6.3802	7.0778	7.4828	8.1916	9.8036	11.2859	12.9424	13.5772	13.9008	14.5422	16.0628	17.0703	7.7675	7.5517	7.3744	6.9006	6.6342	6.3856	6.1015	5.8095	5.4815	5.2983	4.9911	4.6525	4.4660	4.2648	3.9017	3.7024	3.6872	3.4240	3.1177	3.0228	2.9718	2.6049	2.4581	2.3850	2.1936	1.9641	1.9645	1.8712	1.6853	1.5626	1.5662	1.4134	1.2242	1.2212	1.2025	1.0001	0.8669	0.8534	0.7920	0.6148	0.5737	0.5508	0.4080	0.3510	0.3160	0.3068	0.2537	0.2529	0.2549	0.3189	0.3138	0.3257	0.4409	0.5461	0.5516	0.6299	0.7971	0.9191	0.9562	1.0927	1.3133	1.4058	1.4950	1.7936	2.0798	2.1708	2.3601	2.7440	3.1601	4.8129	5.2973	5.9056	6.6834	8.2403	9.5208	11.4657	12.2276	12.7349	13.8026	15.7006	16.8580
10.4799	9.8035	9.6392	8.8858	8.7113	8.4222	8.0875	7.6742	7.4251	7.2215	6.9566	6.7255	6.3683	6.0632	5.8090	5.7812	5.3215	4.8921	4.8444	4.7152	4.2272	4.0028	4.1094	3.7618	3.3777	3.5318	3.4399	3.0069	3.0293	3.0307	2.7304	2.4520	2.3660	2.5079	2.3869	2.2915	2.1211	2.1170	1.6680	1.5794	1.6252	1.5268	1.3568	1.4341	1.6333	1.4965	1.5393	1.6301	1.7602	1.7252	1.5027	1.7980	1.8322	1.7881	1.8869	2.1463	2.4179	2.5553	2.3909	2.9719	2.8408	2.9481	3.4397	3.5729	3.6052	4.3113	4.4091	4.7255	4.6842	6.3918	7.2195	7.5065	8.2746	9.8801	11.4871	13.2754	13.8338	14.1334	14.7035	16.1208	17.1743	7.6943	7.5476	7.4276	6.9620	6.7307	6.5140	6.2388	5.9254	5.6409	5.4973	5.2006	4.9017	4.7077	4.5462	4.2082	3.9935	3.9480	3.6949	3.3975	3.2356	3.1651	2.8600	2.6650	2.5500	2.3978	2.1820	2.0804	1.9916	1.8406	1.6932	1.6316	1.5257	1.3772	1.2826	1.2638	1.1261	0.9723	0.8834	0.8725	0.7490	0.6151	0.5866	0.5261	0.4191	0.3246	0.3205	0.2970	0.2535	0.2524	0.2551	0.3029	0.3206	0.3175	0.4118	0.5362	0.5705	0.6315	0.7841	0.9105	0.9859	1.1358	1.3485	1.4434	1.6446	1.9942	2.1608	2.2893	2.6133	2.9507	4.7133	5.1947	5.9399	7.0189	8.4094	9.7072	11.5603	12.3265	12.7883	13.8314	15.7764	16.8875
10.3637	9.5502	9.3222	8.6154	8.3044	8.0361	7.7387	7.4372	7.1198	6.9047	6.6986	6.4653	6.1372	5.9097	5.6846	5.7021	5.3673	5.0527	4.8817	4.8865	4.6057	4.2326	4.1887	4.0849	3.7838	3.7035	3.5439	3.3235	3.4119	3.1756	2.8885	2.6304	2.8210	2.4513	2.1648	2.1867	2.0798	2.0138	1.5657	1.5291	1.5053	1.3870	1.5721	1.3650	1.3615	1.7541	1.8872	1.6222	1.5179	1.3744	1.8270	1.6543	2.0070	1.9016	1.7733	1.9032	2.6342	2.3848	2.5997	2.7653	3.1586	3.1068	3.2793	3.3704	3.5647	4.2367	4.3218	4.7453	4.6731	6.5340	7.1944	7.6211	8.3535	10.0506	11.7376	13.5741	14.1952	14.4646	14.9015	16.3009	17.1957	7.3627	7.2524	7.1226	6.6782	6.4657	6.2494	5.9764	5.6668	5.3784	5.2244	4.9751	4.6545	4.4336	4.2830	4.0183	3.8061	3.6854	3.5226	3.2646	3.0809	2.9837	2.7017	2.5933	2.4379	2.3042	2.0340	2.0381	1.9222	1.7662	1.6624	1.6129	1.4984	1.3399	1.2937	1.2225	1.1196	0.9951	0.8986	0.8219	0.7471	0.6612	0.5744	0.4974	0.4704	0.3699	0.2973	0.2849	0.2769	0.2525	0.2521	0.2544	0.2847	0.2989	0.2912	0.3741	0.4894	0.5210	0.5706	0.6969	0.8659	0.9387	1.0166	1.2202	1.4646	1.6126	1.7664	2.0282	2.3999	2.7813	4.6880	5.0489	5.5231	6.5403	8.3284	9.5614	11.5451	12.1689	12.5776	13.5577	15.4519	16.6070
10.1641	9.5964	9.2830	8.5289	8.3292	8.1392	7.6525	7.3326	7.1681	6.9311	6.6160	6.4247	6.2649	5.8885	5.5960	5.5591	5.2908	4.9112	4.7288	4.5611	4.3345	4.0252	3.9007	3.5686	3.3901	3.3305	3.0593	2.9379	2.9948	2.7219	2.5248	2.5436	2.4788	2.3606	2.0882	2.1269	2.1266	1.8834	1.5603	1.6198	1.6812	1.4605	1.4575	1.3884	1.3652	1.8089	1.4562	1.6548	1.3887	1.8663	1.6162	1.5380	1.7236	1.6794	1.8337	1.9652	2.4489	2.3021	2.3180	2.4768	2.8459	2.7615	3.0925	3.2589	3.4563	4.2531	4.2892	4.7558	4.5486	6.2410	6.8133	7.3190	8.1218	9.6191	11.2510	13.0195	13.6937	14.0718	14.6089	16.1410	16.9659	7.8695	7.6678	7.5086	7.0436	6.7745	6.5840	6.3118	6.0118	5.6295	5.4849	5.2399	4.8851	4.6384	4.4630	4.1970	3.9384	3.8855	3.6828	3.4212	3.2516	3.1536	2.8778	2.6984	2.5679	2.4435	2.1958	2.1399	2.0531	1.8662	1.7833	1.7482	1.5827	1.4664	1.4409	1.3719	1.1881	1.1004	1.0776	0.9373	0.8031	0.7707	0.7085	0.5582	0.5129	0.4739	0.3881	0.3013	0.2942	0.2839	0.2541	0.2520	0.2545	0.2974	0.3054	0.3095	0.4016	0.5127	0.5282	0.5941	0.7930	0.9106	0.9691	1.1024	1.4115	1.5723	1.6769	1.9673	2.3634	2.8841	4.6486	5.1462	5.7079	6.6093	8.1787	9.5740	11.5235	12.3446	12.8703	13.8924	15.8271	16.8143
10.8358	10.2915	10.1553	9.2771	9.0084	8.8540	8.4919	7.9831	7.7353	7.6202	7.3044	7.1075	6.7771	6.5103	6.2322	6.1311	5.7388	5.3692	5.3313	4.9733	4.6028	4.4794	4.4365	3.9080	3.5933	3.7458	3.5562	3.1523	3.3571	3.2662	2.8643	2.8108	2.8089	2.6886	2.3915	2.4140	2.4068	2.2103	1.7427	1.7958	1.8053	1.5682	1.5763	1.6201	1.6246	1.4805	1.5048	1.9221	1.6019	1.6988	1.6955	2.0415	1.8465	1.8853	1.9455	2.1102	2.1139	2.0994	2.4106	2.5377	2.9770	2.8574	3.2836	3.5034	3.6174	4.2842	4.3695	4.6562	4.5606	6.2605	6.9067	7.2255	7.9747	9.7658	11.1632	12.9247	13.6316	13.9581	14.5049	16.0415	17.0117	8.4762	8.3505	8.1339	7.6700	7.4570	7.2454	6.9071	6.6127	6.3187	6.1195	5.8070	5.5348	5.3183	5.0752	4.7596	4.5700	4.5449	4.1792	3.9365	3.7665	3.7220	3.3600	3.1294	3.0385	2.9005	2.6205	2.5105	2.4783	2.2288	2.0553	2.0640	1.8761	1.6636	1.6326	1.6482	1.4589	1.2947	1.3122	1.2180	1.0113	0.9238	0.9575	0.7681	0.6269	0.6021	0.5771	0.4068	0.3355	0.3297	0.2982	0.2535	0.2524	0.2550	0.3087	0.3256	0.3243	0.4317	0.5528	0.6331	0.7059	0.8957	1.0295	1.1198	1.3496	1.6908	1.7894	1.9379	2.3511	2.7995	4.5380	4.9916	5.7337	6.7774	8.1593	9.5069	11.3408	12.1316	12.6102	13.6645	15.5974	16.6759
11.2119	10.3951	10.1350	9.4139	9.1575	8.8442	8.5594	8.0858	7.9401	7.6140	7.4047	7.1004	6.8325	6.5787	6.3035	6.2428	5.8009	5.5429	5.4062	5.2849	4.9265	4.6580	4.7802	4.4614	4.1223	4.1988	4.0908	3.6917	3.6692	3.5454	3.1449	2.9380	3.1617	2.7361	2.3831	2.5898	2.3244	2.3910	1.9911	1.8048	1.9640	1.7299	1.7992	1.6325	1.6125	1.6921	1.7517	1.6229	1.5044	1.9720	1.7701	1.5565	1.9249	1.7682	1.6897	1.8682	2.2946	2.1626	2.3531	2.4138	2.7641	2.9547	3.0375	3.0964	3.2900	3.9875	3.9223	4.3353	4.3502	6.2700	6.7453	7.2382	8.1389	9.6837	11.4460	13.4599	13.8550	14.1671	14.7214	16.0794	16.9634	8.2644	8.3788	8.1815	7.7377	7.5522	7.3621	6.9742	6.6335	6.4222	6.2107	5.7957	5.6162	5.3982	5.1216	4.8129	4.6632	4.5562	4.3047	4.0732	3.8544	3.7334	3.4627	3.3161	3.0922	3.0239	2.7634	2.6467	2.5082	2.3241	2.2134	2.1131	1.9421	1.7340	1.6896	1.6484	1.5280	1.3462	1.2770	1.2106	1.0818	0.9432	0.8770	0.7579	0.6859	0.5898	0.5551	0.4738	0.3918	0.3202	0.2941	0.2888	0.2530	0.2521	0.2542	0.2926	0.3166	0.3232	0.4038	0.5567	0.6357	0.6910	0.8471	1.0719	1.2394	1.4660	1.6737	1.8816	2.1963	2.5550	4.4510	4.9720	5.3954	6.7083	8.1419	9.5781	11.4281	12.1093	12.5722	13.6198	15.5749	16.5680
11.1072	10.5371	10.0785	9.2572	9.1794	8.8958	8.4228	8.0435	8.0147	7.5942	7.3114	7.0899	6.8968	6.6005	6.3116	6.2938	5.9191	5.7918	5.5427	5.4447	5.0841	4.9089	4.7301	4.5182	4.3402	4.1347	4.0093	3.7922	3.6726	3.4109	3.2620	3.1293	3.2165	2.9344	2.5910	2.6266	2.3435	2.3381	1.8823	1.8463	1.9707	1.7534	1.7527	1.7228	1.7152	1.7781	1.6862	1.6623	1.8013	1.8614	1.7646	1.6648	1.9991	1.7475	1.6494	2.0361	2.4148	2.0706	2.2534	2.9695	2.7863	2.6216	2.9766	3.1719	3.1123	3.8599	3.8929	4.3470	4.3418	6.2608	6.7632	7.1019	8.0907	9.4833	11.3779	13.2071	13.8129	14.1192	14.5953	16.0590	16.9168	8.2975	8.2159	7.9830	7.5362	7.3778	7.1812	6.8646	6.5744	6.2939	6.0847	5.7823	5.5163	5.2672	5.0293	4.7503	4.5759	4.3898	4.2517	3.9915	3.7515	3.6321	3.3911	3.2359	3.0093	3.0180	2.7143	2.6061	2.5358	2.3097	2.1956	2.1166	1.9693	1.8074	1.7532	1.7013	1.5677	1.4254	1.3502	1.2376	1.1378	1.0470	0.9742	0.8171	0.7612	0.6768	0.5976	0.4970	0.4649	0.3818	0.3114	0.2969	0.2808	0.2534	0.2519	0.2538	0.2876	0.3062	0.3165	0.3988	0.5564	0.5935	0.6664	0.8965	1.1628	1.2984	1.4238	1.6754	2.0201	2.6030	4.4581	5.1327	5.4364	6.6231	8.1490	9.5481	11.4079	12.0895	12.4841	13.4229	15.4166	16.4529
10.9650	10.4287	10.1487	9.2833	9.1853	9.0383	8.4991	8.0214	8.0393	7.7989	7.3567	7.1973	7.0299	6.6815	6.3458	6.3374	6.0636	5.6773	5.5651	5.3554	5.0167	4.8311	4.7634	4.3089	4.1091	4.0681	3.8645	3.5345	3.6097	3.5930	3.1047	3.0481	3.1190	2.8652	2.5880	2.5420	2.4631	2.4369	1.9805	1.9508	2.0759	1.8397	1.7836	1.7713	1.6738	1.7780	1.6531	1.8110	1.5587	1.8588	1.8013	1.7417	1.8989	1.8622	2.1626	1.9518	2.2277	2.1269	2.3347	2.6368	2.9283	2.7525	2.9979	3.2875	3.3607	4.1181	4.0461	4.5602	4.3900	6.1495	6.4977	7.0785	7.8442	9.4508	11.0864	12.7167	13.4056	13.7645	14.3620	15.8493	16.6258	8.8231	8.7200	8.4714	8.0508	7.8808	7.6418	7.2987	7.0320	6.7092	6.4652	6.2023	5.9400	5.6722	5.3741	5.1757	4.9840	4.7974	4.5508	4.2594	4.1329	4.0116	3.6533	3.4568	3.3750	3.2356	2.9351	2.8407	2.7956	2.5293	2.3833	2.3343	2.1355	1.9402	1.9209	1.8696	1.6421	1.5460	1.5587	1.4284	1.2496	1.2281	1.1801	0.9592	0.8659	0.8405	0.7285	0.5748	0.5664	0.5228	0.3900	0.3148	0.3046	0.2985	0.2531	0.2527	0.2545	0.3131	0.3190	0.3335	0.4762	0.6063	0.6731	0.7723	1.0888	1.2854	1.4310	1.5702	1.9594	2.4778	4.2783	4.8881	5.3736	6.3720	7.9001	9.3758	11.1679	11.9186	12.4263	13.5280	15.4559	16.4484
11.9255	11.2453	10.9595	9.9740	9.9427	9.6783	9.2476	8.6328	8.5898	8.3743	8.0298	7.7863	7.5319	7.2672	6.9956	6.9312	6.5041	6.2451	6.1282	5.7522	5.3916	5.4568	5.4113	4.7373	4.6312	4.7838	4.4326	3.9108	3.9679	4.1294	3.4634	3.2852	3.5849	3.1742	2.8240	2.7959	2.7516	2.7724	2.2932	2.2806	2.3588	2.1068	2.0500	2.0361	1.9732	1.8885	1.9439	2.1366	1.8029	2.1493	2.0838	2.1776	2.1102	2.3025	2.2706	2.5749	2.3875	2.1151	2.5072	2.5733	2.6856	2.8747	2.9940	3.0844	3.2317	3.8961	3.7273	4.1666	4.0861	6.0171	6.5041	7.0966	7.8404	9.1778	10.9521	12.8615	13.3473	13.7544	14.3426	15.8507	16.8319	9.3454	9.4168	9.1333	8.6592	8.4810	8.3556	7.9009	7.5557	7.3381	7.1167	6.6925	6.5176	6.3035	5.9297	5.6675	5.5599	5.3923	5.1016	4.8923	4.6845	4.5575	4.2125	4.0271	3.7813	3.7672	3.4060	3.2325	3.1802	2.9716	2.7541	2.6660	2.4949	2.2480	2.2241	2.1577	1.9538	1.7702	1.7592	1.6592	1.4874	1.3639	1.3486	1.1841	1.0171	0.9297	0.9076	0.7671	0.6338	0.6044	0.5419	0.4109	0.3292	0.3285	0.3011	0.2535	0.2528	0.2564	0.3199	0.3504	0.3951	0.5020	0.6711	0.7726	0.9809	1.2927	1.4740	1.5656	1.9686	2.3238	4.1772	4.9075	5.4722	6.6439	7.9261	9.5447	11.2892	12.0168	12.5108	13.6244	15.5071	16.5250
12.2178	11.3622	10.9814	10.0316	10.0872	9.8153	9.2360	8.7968	8.8860	8.4277	8.0037	7.7552	7.7926	7.4501	7.1338	7.2627	7.0025	6.6378	6.3381	6.3164	6.0091	5.5097	5.5833	5.3907	5.0646	5.3171	4.8472	4.4963	4.6389	4.2501	3.9055	3.7580	3.9526	3.5370	3.0961	3.2067	3.0070	2.8405	2.4710	2.4336	2.4133	2.2250	2.1396	2.0453	2.1042	2.0687	2.0980	2.0446	1.8671	2.5548	1.9345	1.7802	2.1481	2.1677	1.8682	2.2972	1.9629	2.4864	2.1826	2.9270	3.3415	3.1083	3.0310	3.3897	3.5672	3.9423	3.8471	4.3669	4.1901	6.0579	6.4939	6.9021	7.7989	9.2702	11.1398	13.0154	13.5771	13.9779	14.5133	15.8661	16.6892	9.0344	8.9462	8.7781	8.3364	8.1969	8.0106	7.6865	7.3499	7.0854	6.9383	6.5870	6.3057	6.0624	5.8628	5.5850	5.3739	5.2505	5.0565	4.8135	4.6204	4.5242	4.2121	4.0557	3.7915	3.8283	3.5362	3.3884	3.3011	3.1116	3.0232	2.8165	2.6502	2.3942	2.4026	2.2668	2.0504	1.9183	1.8630	1.7193	1.5980	1.4767	1.4015	1.2676	1.1548	1.0061	0.9478	0.8543	0.7372	0.6447	0.5765	0.5244	0.3942	0.3205	0.2981	0.2857	0.2533	0.2520	0.2549	0.3022	0.3631	0.3847	0.5070	0.7209	0.9060	1.1374	1.2998	1.5786	1.9245	2.4117	4.2582	4.9407	5.3806	6.4567	7.8180	9.3945	11.3104	11.7887	12.2163	13.1350	15.2490	16.4272
12.3473	11.8147	11.2545	10.3306	10.4846	10.1948	9.4894	9.0646	9.2022	8.7721	8.3741	8.2025	8.1044	7.7288	7.3821	7.5106	6.9988	6.8597	6.5757	6.4472	6.0094	6.0919	5.7133	5.4522	5.2898	5.1447	4.8722	4.5207	4.4567	4.4407	4.0399	3.8579	4.0248	3.6712	3.3203	3.2483	3.0775	3.0787	2.6483	2.6120	2.7707	2.4741	2.3237	2.3895	2.3390	2.1925	2.2535	2.2387	2.2971	2.4579	2.0684	1.9419	2.5494	2.3663	2.2725	2.2336	2.7983	2.1294	2.6567	3.1391	2.7335	2.8275	3.1403	3.4236	3.3195	3.8824	3.9303	4.3784	4.3850	6.2273	6.4969	7.0025	8.1758	9.2508	10.9319	12.6358	13.2313	13.7861	14.3423	15.7997	16.4995	9.9231	9.8046	9.5099	9.0334	8.9150	8.7030	8.3023	8.0526	7.7463	7.5460	7.2349	6.9601	6.6281	6.3884	6.1980	5.9318	5.7254	5.7291	5.3923	5.1035	5.0267	4.8041	4.4916	4.2675	4.3323	3.9937	3.7817	3.7128	3.5904	3.2960	3.1983	2.9851	2.6687	2.6376	2.5471	2.2818	2.1808	2.1126	1.9856	1.8517	1.7230	1.6236	1.4595	1.3708	1.2375	1.1126	0.9976	0.9205	0.8143	0.6807	0.6183	0.5330	0.4246	0.3234	0.3287	0.3025	0.2550	0.2520	0.2577	0.3399	0.3732	0.4004	0.5869	0.8583	0.9987	1.0715	1.4236	1.8065	2.5096	4.1606	4.9816	5.4588	6.4312	7.6719	9.1862	10.9562	11.7840	12.2193	13.2674	15.2603	16.1840
13.1034	12.7054	12.4550	11.4303	11.4569	11.2561	10.6535	10.1016	10.1552	9.8599	9.4818	9.2434	8.9855	8.6456	8.3711	8.3653	7.8655	7.6306	7.4571	7.2715	6.8423	6.8558	6.8630	6.2074	6.0693	6.1546	5.7723	5.3856	5.4776	5.4401	4.8299	4.6098	4.7274	4.4130	4.1542	3.9310	3.7311	3.7017	3.3916	3.2955	3.2097	3.0578	2.8339	2.8446	2.6783	2.3981	2.4853	2.5322	2.0825	2.4812	2.3862	2.3176	2.3236	2.4734	2.5584	2.7354	2.7820	2.7759	3.1331	3.3451	3.3009	3.4700	3.6945	3.7971	3.8758	4.6576	4.4389	4.7819	4.6652	6.3171	6.5942	7.2703	7.9887	9.6392	11.0070	12.6229	13.3220	13.7857	14.4258	15.8299	16.7938	11.0624	10.9967	10.7711	10.2228	10.0637	10.0309	9.4920	9.2048	9.0437	8.8120	8.3534	8.2122	8.0072	7.5122	7.3075	7.2840	6.9692	6.7393	6.4858	6.2668	6.0070	5.7824	5.5196	5.3678	5.2808	4.9663	4.7811	4.7588	4.4413	4.2847	4.1326	3.9706	3.5987	3.5589	3.4066	3.0891	3.0316	2.9268	2.7438	2.5612	2.4393	2.3466	2.0843	1.9732	1.8392	1.6352	1.4589	1.4076	1.2832	1.0582	0.9296	0.8250	0.7304	0.5181	0.4185	0.3804	0.3526	0.2575	0.2530	0.2635	0.3852	0.4255	0.4989	0.7898	1.0513	1.1778	1.3411	1.7795	2.4418	4.1229	4.8544	5.1954	6.2669	7.6259	9.1803	11.0545	11.9028	12.4280	13.5153	15.3867	16.5615
14.7619	14.0730	13.5370	12.7311	12.8698	12.3308	11.4645	11.2896	11.4866	10.6937	10.3408	10.3420	10.2468	9.6947	9.3802	9.5336	8.9029	8.5648	8.2059	8.4074	7.8162	7.9501	7.5859	7.1610	7.0437	7.0601	6.7983	5.9575	6.1246	6.3005	5.7344	5.2758	5.5771	5.3790	4.8869	4.6523	4.5330	4.4693	3.8451	3.8080	3.8780	3.5096	3.3616	3.4465	3.2341	2.9522	3.0572	3.1026	2.7649	3.2410	2.8769	2.8252	2.9309	3.1608	2.9618	3.2555	3.1953	3.2737	3.3415	3.4016	3.6736	3.5879	3.8898	3.4956	3.7113	4.7070	4.3355	4.5765	4.3553	6.0839	6.2752	6.8686	7.3793	9.0601	10.5347	12.6452	13.2098	13.6397	14.2192	15.7129	16.4347	11.6187	11.5417	11.4639	10.7843	10.5094	10.5455	10.1105	9.6585	9.3707	9.4188	8.9300	8.6923	8.5329	8.2761	7.9523	7.8405	7.6766	7.3204	7.0795	6.8871	6.6881	6.2794	6.1703	5.8735	5.7799	5.4632	5.3440	5.1848	4.9646	4.8501	4.6499	4.4324	4.0885	4.0711	3.9230	3.4592	3.4277	3.3165	3.0874	2.8384	2.7313	2.6257	2.3385	2.1671	2.0069	1.8374	1.6630	1.4992	1.3812	1.2393	1.0709	0.8833	0.8573	0.7332	0.5603	0.4427	0.4285	0.3743	0.2583	0.2526	0.2766	0.3978	0.4718	0.6321	0.8974	1.1007	1.3017	1.7237	2.1557	3.9570	4.7238	4.9188	6.1661	7.2650	8.9217	10.8521	11.4781	12.2501	13.2936	15.2457	16.3869
14.9748	14.1748	13.4987	12.6030	12.8362	12.3140	11.4298	11.2389	11.4800	10.7403	10.3666	10.4237	10.4272	9.8350	9.3320	9.6549	9.3209	8.6271	8.2395	8.5828	8.2896	7.6920	7.7227	7.7215	7.3168	7.4521	7.2771	6.6416	6.7963	6.4683	6.0361	5.7841	6.0499	5.6238	5.0413	4.9250	4.6903	4.5347	4.1084	4.0167	4.0615	3.7842	3.4854	3.5124	3.5521	3.0874	3.1473	3.1443	3.0877	3.3997	3.1274	3.1819	3.1695	2.8981	3.0351	3.6255	3.0714	2.8891	3.5105	4.3960	3.4285	3.9846	4.0212	3.7353	4.1494	4.7456	4.6461	4.6407	4.6554	6.3925	6.8688	7.3743	8.0786	9.3975	10.9697	12.9854	13.3953	13.9182	14.4524	15.6442	16.4159	11.7618	11.6526	11.4737	10.8692	10.7553	10.5972	10.1765	9.8683	9.6715	9.5404	9.2098	8.9440	8.7073	8.5589	8.2960	7.9192	7.8459	7.6544	7.2783	7.0099	7.0346	6.6485	6.2834	6.0651	6.2323	5.7383	5.5767	5.5197	5.3615	5.1600	4.8480	4.8512	4.3817	4.2895	4.1102	3.6986	3.5996	3.4461	3.2833	3.0023	2.8904	2.6959	2.4822	2.3311	2.1205	1.9814	1.8645	1.7329	1.5575	1.4308	1.2668	1.0925	0.9578	0.8644	0.7173	0.5411	0.4712	0.3949	0.3569	0.2621	0.2522	0.2687	0.4055	0.5208	0.6489	0.8597	1.1285	1.5118	1.9888	3.7229	4.6450	5.0312	6.0035	7.4826	8.8249	10.8473	11.5319	12.2031	13.1997	15.1502	16.3733
14.9280	14.3600	13.9368	12.9515	13.0611	12.8571	12.0668	11.6556	11.8736	11.3750	10.8865	10.8474	10.7231	10.3869	9.8945	10.0286	9.6315	9.1497	8.7433	8.7152	8.5147	8.2579	7.9368	7.7947	7.6695	7.3991	7.4868	7.1177	7.1130	6.9465	6.5046	6.1086	6.3692	6.0057	5.4918	5.2363	5.0464	5.0111	4.4147	4.3116	4.4554	4.2389	3.7453	3.9048	3.9974	3.4965	3.5663	3.5077	3.5369	3.4689	3.3299	3.2170	3.4402	3.1803	3.0747	3.3764	3.1846	3.1166	3.5650	3.7011	3.4162	3.8803	4.1310	3.7237	4.1564	4.9511	4.7998	5.1320	4.9587	6.4881	6.6586	7.2359	8.2667	9.4103	10.8987	12.7969	13.4752	14.0228	14.5741	15.8628	16.5451	12.9006	12.6709	12.4277	11.6572	11.4734	11.4314	10.9743	10.5531	10.3842	10.2603	9.9307	9.6143	9.3465	9.2318	8.8817	8.6443	8.4570	8.5011	7.9969	7.6264	7.6245	7.3975	6.9581	6.6148	6.9089	6.4859	6.0698	6.1376	5.9924	5.7054	5.4197	5.4406	5.0379	4.8445	4.6764	4.2511	4.1522	3.9860	3.7920	3.5170	3.4085	3.2216	3.0464	2.8624	2.5825	2.4113	2.3144	2.1794	1.9000	1.8072	1.6405	1.4349	1.3030	1.1509	0.9728	0.8618	0.6408	0.4890	0.4382	0.4228	0.2659	0.2527	0.2853	0.4953	0.5968	0.6840	0.9873	1.4279	2.0584	3.7858	4.7374	5.1702	6.1042	7.3792	8.9619	10.9111	11.5262	12.2870	13.3375	15.3629	16.4592
15.9669	15.2777	14.9025	13.8856	13.9850	13.6796	12.8916	12.4671	12.8396	12.0826	11.7762	11.6933	11.5568	11.2579	10.9776	11.0735	10.4930	10.2860	9.8517	9.8442	9.4104	9.5151	9.1629	8.6726	8.4751	8.5644	8.2746	7.9288	8.0018	7.7896	7.0246	6.9125	6.9766	6.4349	5.9367	5.7745	5.5645	5.2783	4.8707	4.7930	4.8664	4.5156	4.3003	4.4093	4.2450	3.8098	4.1066	4.0523	3.6340	3.9114	4.0152	3.7992	3.3470	3.7116	3.7154	3.8919	3.5540	3.7524	4.2975	4.0826	3.8641	4.4988	4.7710	4.2979	4.4551	5.4668	5.0849	5.3254	4.9397	6.4023	6.6505	7.5030	7.9636	9.4511	10.9689	12.8991	13.5293	13.8906	14.3112	15.6999	16.5311	13.5053	13.3898	13.0483	12.1889	12.0930	12.1571	11.5360	11.0293	11.0917	10.9314	10.3916	10.2243	10.0930	9.7089	9.3133	9.4103	9.1506	8.7883	8.5407	8.3857	8.1517	7.8180	7.6642	7.3142	7.3687	6.9012	6.7300	6.7372	6.4166	6.2858	6.0600	6.0028	5.4585	5.5978	5.4366	5.0067	4.9006	4.8794	4.6473	4.2305	4.2326	4.0895	3.7101	3.4766	3.3196	3.1664	2.8770	2.7274	2.5609	2.4784	2.0684	1.9382	1.8607	1.5659	1.3044	1.2189	1.1747	0.7191	0.6071	0.6045	0.5321	0.2765	0.2532	0.3229	0.6071	0.7407	0.8673	1.3766	1.9376	3.9183	4.7980	5.1336	6.0298	7.2672	8.8880	11.1469	11.6214	12.3153	13.4460	15.1765	16.4618
17.8065	17.2856	16.5670	15.6032	16.1142	15.5860	14.3465	14.3236	14.8466	13.6417	13.4079	13.4364	13.5099	12.7321	12.2377	13.0514	12.3432	11.5814	11.4108	11.7312	11.0593	10.3954	10.8037	10.4171	10.3336	10.2876	10.0697	9.3303	9.8108	9.3587	8.6770	8.5719	8.6404	8.1074	7.5186	7.5348	7.1653	6.6898	6.1542	6.3085	6.2769	5.8844	5.8078	5.7816	5.6450	5.0289	5.3461	5.3557	5.0287	5.0591	5.0467	5.1202	4.4403	4.8241	4.8539	4.8473	4.3871	4.5741	4.9219	4.5490	4.5278	5.0861	5.1642	5.1399	4.7867	5.9263	5.5501	5.6152	5.2701	6.4132	6.4062	7.4716	7.7608	9.5107	11.1455	13.1785	13.7573	13.9959	14.3029	15.5499	16.5116	15.2493	15.0480	14.7810	14.0990	13.9316	13.8140	13.3130	12.6942	12.7367	12.7046	11.9861	11.7116	11.8055	11.3653	10.9864	10.7179	10.6986	10.4058	9.8312	9.9115	9.6103	9.3549	8.9320	8.9037	9.0437	8.3006	8.2572	8.2565	7.9940	7.6321	7.4667	7.5227	6.7960	6.8439	6.8661	6.2911	6.1279	6.0645	6.0708	5.5231	5.3284	5.1989	4.7337	4.5120	4.2536	4.0795	3.7816	3.3017	3.2910	3.1708	2.6474	2.3304	2.3649	2.2316	1.6897	1.5402	1.6007	1.2452	0.8347	0.8024	0.7299	0.5454	0.2908	0.2522	0.3388	0.7398	0.9055	1.3092	1.8720	3.7502	4.7974	5.1589	6.0197	7.3913	8.5707	10.8498	11.4228	12.1245	13.2281	14.9331	16.1707
17.9073	17.2633	16.8368	15.9046	16.2023	15.8219	14.8639	14.6640	14.9402	14.2350	13.7161	13.7797	13.7854	13.2582	12.5560	13.1714	12.8003	11.7850	11.4620	11.8967	11.6081	10.4580	10.9170	10.6904	10.5156	10.3345	10.1051	9.7797	10.0323	9.4716	8.9107	8.8064	8.9425	8.3765	7.7481	7.7905	7.2505	6.9187	6.4316	6.5961	6.4114	6.0858	5.8753	5.8888	5.8779	5.3223	5.5464	5.5250	5.6091	5.2742	5.1683	5.5366	4.9016	4.7643	5.0281	5.1078	4.6936	4.2791	5.1264	5.0323	4.7525	5.2365	5.3023	5.0631	5.2832	6.1440	5.9148	6.0863	5.5043	7.1391	7.0790	7.5600	8.3922	9.6165	11.0948	13.1649	13.8537	14.3644	14.7556	16.0435	16.6059	15.6654	15.4136	15.0862	14.0326	14.0416	14.0927	13.3986	12.9531	12.9847	12.9498	12.2016	12.2434	12.1227	11.7817	11.4136	11.3617	11.2000	11.1017	10.5952	10.3919	10.2586	9.9968	9.3901	9.2878	9.4827	8.8669	8.5174	8.6118	8.3094	7.9355	7.7038	7.6695	7.0218	7.0994	7.0501	6.3976	6.2851	6.2831	6.1079	5.6663	5.6140	5.5135	5.1066	4.9957	4.7235	4.5330	4.3850	3.9998	3.6426	3.6354	3.2955	2.9375	2.7665	2.8535	2.3608	2.0310	1.9602	1.4812	1.3454	1.0407	0.8535	0.7018	0.6413	0.2967	0.2521	0.3264	0.7469	1.2142	1.9994	3.7166	4.8634	5.3543	5.8927	7.3496	8.5267	10.5596	11.3426	12.1976	13.2359	15.2335	16.3562
18.2199	17.6556	17.2867	16.1546	16.3983	16.3066	15.4569	14.9818	15.4172	14.8722	14.1973	14.4314	14.3474	14.0756	13.2061	13.7322	13.2956	13.0242	12.4150	12.2469	12.2229	12.1999	11.4037	11.0848	11.2585	11.0546	10.6121	10.4293	10.6159	10.0629	9.5134	9.5524	9.3727	8.8113	8.5174	8.5258	7.9341	7.4336	7.2449	7.1153	6.8281	6.6770	6.3126	6.3214	6.1497	5.8395	5.9844	5.8512	5.6002	5.7584	5.4571	5.2202	5.0887	5.0682	4.9611	4.8920	4.4222	4.5657	5.2162	4.6023	4.5395	5.5468	5.6972	5.0609	5.6460	6.7057	6.1787	6.4424	5.8131	7.2856	7.2478	7.9224	8.4743	10.1409	11.6856	13.5637	14.2602	14.5324	14.9530	16.3137	16.8743	16.7523	16.2364	15.7988	14.8700	14.8305	14.7903	14.1305	13.6996	13.7241	13.5651	12.9785	12.9851	12.6407	12.3260	12.0363	11.9773	11.5736	11.9528	11.2468	10.8791	10.6420	10.6273	10.1802	9.7406	9.9626	9.5161	9.0757	9.0295	8.8145	8.6372	8.2310	8.1918	7.7035	7.6925	7.5637	7.0168	7.0358	6.9584	6.7762	6.3905	6.4590	6.3349	5.6116	5.7676	5.6809	5.2635	5.0800	4.9453	4.6155	4.3381	4.0736	3.9289	3.5748	3.1593	3.2209	2.9673	2.5046	2.0043	1.8801	1.7734	1.1940	1.0841	1.0904	0.8749	0.3043	0.2524	0.4206	1.0520	2.1964	3.8027	4.6976	5.1709	5.9729	7.0039	8.6446	11.0770	11.6422	12.5017	13.5131	15.4157	16.5112
20.1208	19.7831	19.4229	18.6480	19.1077	18.4735	17.5556	17.5319	17.9316	16.7352	16.1103	16.9189	16.5723	16.2622	15.5709	16.4689	15.6189	15.3923	14.9002	14.9262	14.5617	14.8306	13.8900	13.4989	13.7091	13.2351	13.0833	12.6471	12.9589	12.5092	11.7249	11.7530	11.7153	10.8816	10.2314	10.5271	9.9675	9.0379	8.8006	8.9473	8.5018	8.1377	8.0051	8.0537	7.8071	7.1621	7.7591	7.7435	7.0517	7.1118	7.4321	7.2479	6.3857	6.7339	6.8827	6.7246	5.8300	6.0595	6.8767	6.1882	5.7394	6.6643	6.8500	6.0784	6.5396	7.6223	6.6671	6.7058	6.0872	7.4249	7.4753	8.3657	8.7762	10.3494	11.5533	13.5626	14.0369	14.3568	14.5978	15.8848	16.7320	18.9428	18.7011	18.1611	17.3424	17.5076	17.3969	16.5385	15.9715	16.5449	16.3384	15.4044	15.4169	15.6231	14.9782	14.2594	14.6336	14.1128	13.8288	13.4908	13.6615	12.9756	12.5699	12.6900	12.2814	12.0611	11.5544	11.6301	11.3865	10.7239	10.5757	10.6352	10.1716	9.3159	9.7744	9.6847	8.7967	8.7992	8.9664	8.8088	7.9618	8.2253	8.1676	7.1971	7.1821	7.3846	6.9495	6.4048	6.2343	6.2055	5.7598	5.0395	5.0364	4.8184	4.4287	3.7123	3.9247	3.7130	2.8035	2.5117	2.3452	2.3150	1.4026	1.2780	1.3868	0.8746	0.3426	0.2523	0.5347	2.0029	3.7860	4.9020	5.4607	6.1570	7.4333	8.8142	11.3175	11.7448	12.4510	13.4722	15.2532	16.3801
25.2191	25.0906	25.0160	24.9106	25.1690	24.4639	24.2760	24.5699	24.4273	23.5433	23.4316	24.2111	23.5930	23.0641	22.7996	23.7685	22.7519	23.1415	22.5911	22.6022	21.6541	21.9491	21.5304	20.7286	20.5870	20.4532	20.3400	19.4266	19.4495	19.6666	18.3126	18.1602	18.0219	17.3024	16.6956	17.0163	16.1976	15.3750	15.5758	15.5870	14.7760	14.3192	14.2657	14.2100	13.8024	13.1833	13.3645	13.2638	12.8999	12.5297	12.7654	12.5254	11.5424	11.8589	11.8314	11.1382	9.9330	10.4885	10.7223	9.3197	9.2649	10.1385	9.3682	8.5790	9.0341	10.1633	8.7354	8.6484	7.5093	9.0141	8.9026	9.2929	10.2800	11.6418	13.2474	14.9304	15.3877	15.4274	15.4439	16.5339	17.2566	24.7631	24.3462	23.9755	23.5093	23.7301	23.4679	23.0574	22.8528	23.1200	23.0193	22.3404	22.6683	22.7536	22.2455	21.9733	22.1548	21.7518	21.7465	21.4846	21.4676	20.7367	20.2178	20.0550	19.8493	19.3784	18.5246	18.8432	18.4241	17.4662	17.3796	17.3806	16.7287	15.6684	16.2079	16.2520	15.0495	15.2500	15.1518	15.0080	14.2675	14.2592	14.1963	13.0859	13.0678	12.7592	12.4685	12.0157	11.4593	11.1969	11.1565	10.3024	9.2503	9.3729	9.0667	7.8303	6.9878	6.9539	6.3956	4.9705	4.8722	5.0228	3.9050	2.6370	2.7017	2.5912	1.6805	0.6012	0.2532	0.7128	2.5492	4.1148	5.1100	5.8014	6.7553	8.3732	10.6418	11.1866	11.9093	12.9396	14.8000	16.2320
26.3078	26.5087	26.2517	26.0698	26.2673	25.9221	25.5045	25.6175	25.7723	25.2582	24.8434	25.3164	25.1138	25.0087	24.6968	24.9141	23.8081	25.3747	24.3526	23.5463	23.5616	24.4902	23.0377	22.3016	22.5582	21.8671	21.8093	21.3212	21.1434	21.1431	20.2809	20.1669	19.8980	18.9877	18.5653	18.3722	17.8442	16.8250	16.7694	16.9042	15.9496	15.2557	15.4796	15.2601	14.6495	14.1329	14.5914	14.1619	13.6653	13.5310	13.4309	12.9131	12.3669	12.5103	12.2819	11.3818	10.3768	10.7306	10.3589	8.6091	8.9278	9.8301	8.9778	8.0969	8.5029	9.8035	8.6198	8.5909	7.1652	8.4579	8.3888	9.1123	10.2938	11.9239	13.6217	15.3460	15.6944	15.5322	15.5262	16.6629	17.4160	25.8694	25.6966	25.5190	25.3516	25.5319	25.1284	24.7154	24.5408	24.9365	24.4723	23.6092	24.1195	24.3528	23.3943	23.0987	23.4648	22.8913	22.8189	22.1843	22.7504	21.7598	21.3442	21.3075	21.2685	20.4402	20.2256	20.7984	20.0254	19.2217	19.3684	19.4039	18.5594	17.8837	18.5353	18.1244	17.0086	17.2824	17.1869	16.8435	15.9253	16.2472	15.7669	14.4962	14.7705	14.8574	14.1734	13.8662	13.7043	13.4116	12.6054	12.2938	12.1483	11.6280	11.0115	10.4287	10.5579	9.4415	8.5104	8.0121	7.2261	6.3250	6.2373	5.5046	3.2733	3.0651	3.3920	2.5202	0.6077	0.2522	0.8922	2.6542	4.0225	4.1792	4.9812	6.9641	9.6867	10.3169	11.2432	12.1191	14.0545	15.5509
28.1502	28.3232	28.2008	28.1026	28.2257	27.9964	27.7812	27.7086	27.7773	27.5417	27.3243	27.3958	27.2812	27.0059	27.0381	26.8380	26.6381	27.1848	26.6906	26.0614	25.8333	26.0083	25.2517	24.7792	24.8901	24.3662	23.8223	23.6370	23.6398	23.0548	22.7443	22.6480	22.3106	21.8802	21.4920	21.3050	20.8705	20.2093	20.2086	20.1609	19.3681	18.9124	18.8358	18.5894	18.2103	17.6759	17.8127	17.4529	17.0363	16.3281	16.3204	15.9159	14.7235	14.9621	14.7605	13.5439	12.2416	12.3709	12.1694	10.2209	10.9071	11.4467	10.4305	8.8167	10.0168	11.2530	10.3290	9.9041	8.4077	8.9078	9.0521	9.9403	10.8020	12.2670	14.1388	16.1543	16.3498	16.2900	16.2966	17.6513	18.0432	27.9534	28.0129	27.9227	27.8666	27.8899	27.6960	27.2923	27.2997	27.4790	27.0509	26.6023	26.8292	26.8540	26.1007	25.7027	26.0095	25.2630	25.3682	24.9306	25.2621	24.2667	23.8220	24.2737	23.9222	23.3321	23.2640	23.6048	22.8541	22.3565	22.6649	22.3836	21.7322	21.5707	21.8169	21.4561	20.7053	21.2192	20.7944	20.4830	19.9928	20.1222	19.6369	18.3957	18.8986	18.7248	17.9466	17.5112	17.7207	17.2700	16.1074	16.2368	15.7899	14.6722	14.2107	14.0350	13.3623	11.7414	11.2262	10.8684	9.5325	7.6262	7.9351	7.7518	5.0183	4.7328	5.5052	3.7845	2.7458	0.5810	0.2521	0.8807	2.4037	3.0336	4.2321	6.2277	9.7756	10.1821	11.3057	12.0090	14.0237	15.4160
28.1801	28.3093	28.0415	27.8146	28.1086	27.9026	27.4667	27.3912	27.6477	27.3152	26.8013	27.0453	27.1875	26.6559	26.5230	26.8357	26.4750	26.5378	26.1810	26.0097	25.8334	25.2894	25.4166	24.8820	24.7877	24.3309	24.1018	23.6827	23.5750	23.2080	22.8137	22.7318	22.4028	21.9596	21.5647	21.2537	21.0353	20.1580	20.0125	19.9876	19.4528	18.7502	18.8065	18.7708	18.1324	17.6714	17.7270	17.7293	16.6847	16.0896	16.2542	15.7378	14.4704	14.1061	14.5736	12.9035	11.7675	12.0099	12.0173	10.4685	10.3342	10.9138	10.2262	9.2787	10.0261	11.0635	10.3057	10.4174	8.7614	9.7652	9.2824	9.8547	10.9680	12.7139	14.3959	16.4339	16.8652	16.6269	16.6493	17.7431	18.4274	28.0204	27.9627	27.8478	27.7538	27.7468	27.5237	26.9868	26.9537	27.1896	26.6445	26.0093	26.3860	26.4290	25.6607	25.2571	25.5818	25.0280	24.9827	24.3605	24.8345	24.0304	23.4971	23.9473	23.6597	23.1821	23.1528	23.3884	22.7910	22.0417	22.6268	22.2297	21.9481	21.3369	21.7078	21.4044	20.5172	21.0018	20.3215	20.3863	19.6625	19.7226	19.2021	18.0570	18.5829	18.3469	17.4336	17.0742	17.4656	16.5599	15.2330	16.1866	15.4811	14.1869	13.8801	13.8597	13.2012	11.2212	10.4387	10.9109	9.6444	7.5009	8.1756	8.1413	5.5849	5.6115	6.1712	4.9542	3.7772	2.5232	0.5185	0.2521	0.9137	2.1832	3.7901	6.2471	9.1746	10.0968	11.0607	11.9483	13.6963	14.8745
27.8198	28.1388	27.9083	27.6548	27.8673	27.5867	27.0722	26.8131	27.2101	26.7435	26.3409	26.4582	26.5171	26.5400	26.3317	26.3047	25.8563	26.2672	25.8103	25.5492	25.3335	25.1436	25.1167	24.5434	24.6285	24.1156	23.8691	23.5461	23.4979	22.9268	22.5991	22.7723	22.1273	21.5061	21.3518	20.8078	20.4934	19.6555	19.5696	19.4467	18.6770	18.0281	17.9630	17.8981	17.0020	16.9600	16.8195	16.7380	15.6484	15.5042	15.7067	15.1123	13.9421	13.8674	14.4623	11.8474	10.6236	11.6248	11.5222	9.8581	9.0656	10.5112	9.7666	8.8226	9.7616	11.2717	10.2291	10.0063	8.1731	9.3679	9.3664	9.6316	11.1472	13.0494	14.4238	16.4312	16.7073	16.7464	16.8550	17.8575	18.4828	28.0673	28.0505	27.9025	27.7682	27.7650	27.5550	26.8569	26.8062	27.2622	26.6106	26.0174	26.3245	26.4805	25.6038	25.1600	25.8044	25.2079	24.9802	24.4387	25.0167	23.9718	23.4131	23.9860	23.8092	22.9868	23.0644	23.5881	22.7726	21.9169	22.7153	22.3693	21.6784	21.2428	21.8566	21.4118	20.2463	20.9380	20.6219	20.0293	19.4350	19.6764	19.2297	17.4423	18.3371	18.1061	17.0513	16.7553	17.3072	16.2581	14.8385	15.8526	15.6577	14.0547	12.9240	13.9268	13.4133	9.9628	9.7018	11.1829	9.6618	7.1926	8.1696	8.7344	6.3868	6.6254	8.1356	6.8868	5.7547	3.4977	2.0197	0.5201	0.2519	0.7609	2.6734	5.0673	8.0387	9.3132	10.3374	11.0857	13.0618	14.2320
28.5598	28.8091	28.6346	28.4738	28.6134	28.3577	28.0181	27.9021	27.9947	27.6876	27.6187	27.5437	27.5494	27.5620	27.5333	27.2695	26.9946	26.8206	26.8543	26.5983	26.3163	26.1099	25.9772	25.6812	25.6471	25.2477	25.1139	24.8319	24.4521	24.2884	24.2028	24.0623	23.4902	23.3048	23.0333	22.3934	22.2448	21.5867	21.5981	21.2097	20.4957	20.1220	19.5472	19.6138	18.9439	18.6435	18.3198	18.3527	17.3464	16.7189	17.1781	16.5953	14.8352	14.6656	15.0677	13.1714	11.6011	11.9207	12.0750	10.4720	9.4364	10.2782	9.9449	8.1041	9.2335	10.7850	10.0910	9.6604	8.4918	9.3972	9.8712	10.2996	11.7004	13.0193	14.3719	16.7279	17.1256	17.2587	17.3669	18.5216	18.9043	28.8396	28.9373	28.7332	28.6372	28.7610	28.5217	27.9072	27.8942	28.2722	27.6655	27.2560	27.4490	27.4481	26.8766	26.5305	26.8803	26.3528	26.0953	25.8210	26.0847	25.6064	25.3381	25.6279	25.2477	24.9973	25.0852	25.0889	24.5288	24.2362	24.3793	23.9975	23.6786	23.4297	23.4893	23.0339	22.3243	22.7127	22.2879	21.7800	21.5036	21.4288	20.8498	19.2102	20.2815	19.7342	18.6371	18.4937	18.9412	18.0230	16.5431	17.1003	16.9133	15.3622	13.4556	14.0644	13.9127	10.3413	10.5611	10.9941	9.8041	7.6454	8.6214	9.5061	7.0693	7.4497	9.1374	9.1310	7.3155	4.6505	3.3522	2.5306	0.5565	0.2524	1.1355	3.4207	5.9768	7.7920	9.4726	10.6430	13.1389	14.2249
30.1218	30.2414	30.0987	29.9550	30.0446	29.9988	29.7548	29.7214	29.8218	29.5971	29.5449	29.5565	29.5349	29.4492	29.4187	29.3052	29.1956	29.0772	29.0339	28.8661	28.7044	28.6660	28.6206	28.3520	28.2629	28.1026	27.9858	27.6336	27.6416	27.4563	27.1616	26.9546	26.8571	26.6686	26.4443	26.1857	26.0728	25.6111	25.3748	25.2733	24.9302	24.3522	24.0853	24.0261	23.6854	22.8173	22.7717	23.0246	21.7420	20.4638	21.2699	20.7519	17.9216	17.5762	18.8540	16.3028	14.2029	15.1120	16.2097	12.8711	12.7300	14.9395	14.4531	12.0523	14.0965	16.4656	15.4682	15.7010	13.3819	14.2082	13.1315	12.3839	14.1246	16.8846	17.9387	19.4304	20.2354	20.2846	20.1862	21.1418	20.9511	30.2964	30.3908	30.2249	30.2256	30.2723	30.1505	29.8721	29.9379	30.0174	29.7336	29.5673	29.6596	29.5458	29.3393	29.1694	29.2779	29.0028	28.9321	28.8694	28.8403	28.6640	28.5516	28.6041	28.4048	28.4697	28.3397	28.3152	28.0201	27.9997	27.7076	27.5192	27.5099	27.1433	26.9470	26.9266	26.6397	26.2455	25.9374	25.8738	25.5877	24.9923	24.6533	24.0415	23.8285	23.4105	22.7809	22.3996	22.0563	21.1941	20.2577	19.7628	18.8069	17.7148	16.0960	16.1249	14.8637	12.6602	11.8111	12.3112	11.0005	8.6908	10.0446	11.5347	10.0419	9.4335	12.4299	13.3285	11.8972	8.7231	6.5655	5.1934	3.1148	1.0246	0.2548	1.3030	3.9781	6.3825	8.8116	10.5772	13.2635	14.4712
30.7347	30.8283	30.7317	30.6476	30.6791	30.6789	30.5507	30.5344	30.5711	30.4294	30.4494	30.3966	30.3562	30.3003	30.2577	30.1350	30.1024	30.0643	29.9555	29.7831	29.7723	29.7546	29.5375	29.4167	29.4436	29.1974	29.0308	28.9193	28.8313	28.5782	28.4144	28.3133	27.9905	27.8684	27.8417	27.4467	27.1753	27.0027	26.8730	26.4549	26.2333	25.8520	25.4525	25.0838	24.9582	24.3496	23.6259	23.5967	22.7359	21.3045	21.4097	20.7949	18.5304	17.6787	18.5553	16.7477	15.0363	15.3717	15.8367	13.9650	14.0116	15.4759	14.9567	13.5369	15.5123	17.7929	16.4882	17.4993	15.1774	16.8277	15.8690	15.3620	16.6499	18.9572	20.9971	21.5566	22.7288	22.9601	22.9352	23.4288	23.0824	30.7999	30.8391	30.7090	30.6817	30.7424	30.6707	30.4845	30.5152	30.5794	30.3743	30.2661	30.2772	30.2211	30.0080	29.8364	29.9091	29.7681	29.6367	29.6261	29.5289	29.4414	29.2618	29.2916	29.1590	29.1512	29.0345	28.9692	28.7289	28.7462	28.5908	28.3915	28.2115	28.2100	28.0498	27.6580	27.5723	27.5155	27.0370	26.6563	26.7912	26.5259	25.8189	25.2689	25.5365	25.2468	24.0268	24.1187	24.2807	23.3345	21.8740	22.4399	21.9547	19.6588	18.2682	19.5980	18.8520	15.3924	15.0183	16.9920	15.4005	12.2712	13.9409	15.9598	13.3152	12.4051	15.5795	16.4955	13.2987	10.6428	7.5932	6.4462	4.9381	3.8933	0.7451	0.2526	1.4997	4.2251	7.3457	9.7599	12.4372	14.0561
31.0419	31.1062	31.0314	31.0049	31.0177	31.0080	30.9327	30.8926	30.9364	30.8274	30.7841	30.8157	30.8155	30.7395	30.6775	30.6821	30.6331	30.5822	30.4882	30.4114	30.3852	30.3387	30.2225	30.1015	30.1091	29.9470	29.8046	29.7007	29.6756	29.5105	29.2319	29.1795	29.0799	28.7907	28.6984	28.5453	28.2855	27.9743	27.7814	27.7343	27.4199	26.7897	26.8015	26.6018	26.1486	25.3340	25.3392	25.3354	24.0331	22.7739	23.5476	22.6351	20.4009	20.6568	21.7102	19.0428	17.6503	19.5249	19.8642	17.0090	18.0336	20.2302	19.1176	17.4120	19.8320	21.6664	20.1605	20.6898	18.8398	20.2499	19.4635	18.6778	21.1481	22.6540	23.9300	23.9192	25.0171	24.6876	24.7096	24.6693	24.4856	31.1035	31.1208	31.0393	31.0073	30.9984	31.0323	30.9264	30.8804	30.9408	30.8699	30.7122	30.6983	30.7646	30.6049	30.4130	30.4622	30.4629	30.3501	30.1826	30.1963	30.1942	29.8746	29.9152	30.0048	29.8904	29.7562	29.7671	29.7014	29.7163	29.3825	29.4235	29.2546	29.2399	29.1117	28.9356	28.8099	28.5442	28.4652	28.0629	28.0147	27.9337	27.4538	26.9562	26.8244	26.7537	25.8592	25.3887	25.6498	25.0749	23.6018	23.3263	23.5631	21.8727	20.1019	21.3031	21.2152	17.9339	16.9419	19.1200	18.1571	15.0174	16.0474	18.3712	15.5674	14.0454	17.0417	18.1316	14.7346	12.1139	8.9536	8.9550	8.3082	5.4363	3.8462	0.8670	0.2537	1.4313	4.4902	7.4703	10.3085	12.1909
31.1648	31.2466	31.1917	31.1812	31.2070	31.1924	31.1501	31.1149	31.1659	31.0830	31.0380	31.0516	31.0796	31.0350	30.9842	30.9726	30.9360	30.8931	30.8186	30.7946	30.7659	30.7401	30.6332	30.5970	30.5768	30.4870	30.3848	30.3223	30.3537	30.2105	30.0183	29.9625	29.9759	29.7206	29.6383	29.6027	29.3384	29.0785	29.0765	29.0221	28.6697	28.3261	28.4701	28.1859	27.7530	27.4620	27.4692	27.1775	26.4245	25.8549	26.1074	25.3903	23.7079	24.2108	24.5058	22.5521	21.6696	22.8758	22.6370	20.3557	21.2647	22.5987	21.4512	19.3446	21.6029	22.4842	20.9987	21.2397	19.9792	21.5418	21.0278	20.9068	22.9699	23.9799	25.0893	25.0539	25.5935	25.2902	25.4412	25.4336	25.5918	31.1873	31.2643	31.2021	31.1831	31.1946	31.2020	31.1269	31.1034	31.1645	31.1056	31.0068	30.9937	31.0564	30.9606	30.8367	30.8562	30.8614	30.7869	30.6475	30.7039	30.6600	30.4505	30.4847	30.5688	30.3968	30.3863	30.4360	30.3192	30.3451	30.1716	30.1674	29.9513	30.0222	29.9078	29.7831	29.6906	29.4619	29.4500	29.1807	29.1733	29.0411	28.7591	28.4846	28.3482	28.2712	27.7168	27.4793	27.4666	27.2086	26.2474	25.8930	25.8973	24.8616	23.7116	23.7279	23.7033	21.6992	20.4754	21.3843	20.8673	17.7174	17.8901	19.5417	17.1654	15.2335	17.7190	18.2992	15.0318	13.2238	10.6483	11.1531	11.3882	9.4767	6.7282	4.3307	1.2055	0.2564	1.6069	4.4499	6.3181	8.7968
31.2172	31.3235	31.2660	31.2929	31.3097	31.2971	31.2660	31.2646	31.2988	31.2438	31.2083	31.2264	31.2461	31.2082	31.1494	31.1713	31.1390	31.0864	31.0489	31.0358	31.0069	30.9467	30.8943	30.8763	30.8371	30.7428	30.7232	30.6521	30.6652	30.5821	30.4532	30.3632	30.4020	30.2157	30.1366	30.1183	29.8909	29.6971	29.6958	29.6820	29.3724	29.1475	29.2898	28.9590	28.6835	28.4830	28.3950	28.1084	27.6815	27.1801	27.1242	26.5842	25.2654	25.5071	25.5940	23.8393	22.9743	23.8459	23.2841	21.0357	21.3958	22.7969	21.3498	19.4087	21.3920	22.2559	20.5422	21.0729	19.7957	21.4634	21.3228	21.1839	23.0845	24.1579	25.1590	25.2445	25.6346	25.0545	25.1338	25.1001	25.3784	31.2515	31.3268	31.2870	31.2979	31.2951	31.2973	31.2581	31.2371	31.2807	31.2398	31.1636	31.1704	31.2049	31.1299	31.0374	31.0630	31.0678	31.0297	30.9077	30.9520	30.9026	30.7315	30.7756	30.8266	30.7077	30.7027	30.7071	30.6155	30.6646	30.5193	30.4593	30.3263	30.4146	30.2392	30.1369	30.1588	29.9315	29.8388	29.6897	29.7723	29.5189	29.2424	29.2166	29.0433	28.8561	28.4811	28.4347	28.2883	27.9561	27.5155	27.1257	26.9163	26.2708	25.3982	25.2339	25.0440	23.4306	22.4843	23.0551	22.0344	19.3540	19.5935	20.8764	18.0853	16.0583	18.7609	18.9487	15.4346	13.4181	11.3683	11.6724	12.7625	11.7448	9.2023	6.9151	3.9372	0.8515	0.2535	1.3611	3.8257	5.7941
31.2885	31.3684	31.3149	31.3268	31.3591	31.3401	31.3185	31.3198	31.3590	31.3128	31.2849	31.3032	31.3278	31.2790	31.2235	31.2553	31.2292	31.1596	31.1338	31.1431	31.1129	31.0586	31.0207	31.0065	30.9408	30.8993	30.8842	30.7953	30.8046	30.7642	30.6371	30.5387	30.5884	30.4165	30.3217	30.3129	30.1119	29.9528	29.9398	29.9330	29.6653	29.4855	29.5367	29.2703	29.0359	28.7705	28.6932	28.4464	27.9700	27.5310	27.4088	27.0264	25.8332	25.8227	25.8560	24.3645	23.3773	23.8272	23.3450	21.1878	21.1989	22.5176	21.0296	19.2619	20.9913	21.7304	19.7769	20.3378	19.3274	20.9378	20.9695	20.9466	22.7783	23.8265	24.9184	25.1044	25.4734	24.7820	24.9560	24.8547	25.1323	31.3245	31.3871	31.3415	31.3500	31.3730	31.3522	31.3116	31.2984	31.3502	31.3060	31.2430	31.2501	31.2867	31.2278	31.1548	31.1652	31.1642	31.1418	31.0344	31.0736	31.0433	30.9390	30.9360	30.9688	30.8886	30.8999	30.8668	30.7882	30.8640	30.7188	30.6476	30.5645	30.6224	30.4269	30.3619	30.3706	30.1315	30.0589	29.9604	29.9844	29.7327	29.4991	29.4243	29.2959	29.0938	28.7391	28.6685	28.5560	28.1453	27.7424	27.4334	27.2094	26.5643	25.9337	25.7585	25.3499	23.9055	23.1465	23.7157	22.5129	20.1457	20.6398	21.4813	18.4776	17.0204	19.4843	19.2422	16.1891	14.0708	12.1847	12.3825	13.3597	12.8169	10.3484	8.3910	6.0617	3.5843	0.7703	0.2539	1.1862	3.5018
31.2598	31.3502	31.2948	31.3011	31.3461	31.3314	31.2951	31.3061	31.3517	31.3009	31.2485	31.2981	31.3159	31.2692	31.1944	31.2385	31.2048	31.1322	31.0945	31.1207	31.0950	30.9865	30.9855	30.9835	30.9136	30.8866	30.8736	30.7628	30.7985	30.7472	30.6060	30.4998	30.6006	30.3984	30.3019	30.3022	30.0723	29.9552	29.9152	29.9045	29.6484	29.4488	29.4749	29.2081	28.9524	28.7412	28.5845	28.3285	27.8567	27.3684	27.3146	26.8133	25.7242	25.6094	25.6889	24.1151	22.8517	23.5072	22.7814	20.4504	20.8616	22.0004	20.5401	19.2052	20.5799	21.2210	19.4865	20.0023	19.1968	20.5944	20.6687	20.9021	22.3662	23.2621	24.4976	24.5478	25.1324	24.4447	24.5677	24.1876	24.6998	31.3104	31.3909	31.3513	31.3531	31.3872	31.3661	31.3169	31.3086	31.3498	31.3072	31.2437	31.2661	31.2733	31.2209	31.1586	31.1569	31.1429	31.1005	31.0322	31.0548	31.0151	30.9220	30.9308	30.9517	30.8628	30.8984	30.8621	30.7675	30.8420	30.7343	30.6600	30.5584	30.6245	30.4626	30.3862	30.3933	30.1576	30.1047	29.9890	29.9738	29.7631	29.4860	29.3854	29.2750	29.1186	28.7243	28.5743	28.5152	28.1236	27.5889	27.3700	27.1933	26.5100	25.5975	25.7178	25.3573	23.6293	22.9120	23.5894	22.2816	19.9413	20.6375	21.6702	18.5618	17.2473	20.0093	19.6711	16.5441	14.3024	12.3996	12.4190	13.3217	12.5839	10.2029	9.4250	7.4883	5.1109	3.6098	0.7170	0.2525	1.2967
31.3516	31.4185	31.3725	31.3681	31.4036	31.3931	31.3613	31.3651	31.3860	31.3435	31.2929	31.3328	31.3423	31.2989	31.2374	31.2638	31.2245	31.1623	31.1382	31.1638	31.1246	31.0251	31.0446	31.0585	30.9856	30.9596	30.9771	30.8602	30.8848	30.8683	30.7382	30.6198	30.7001	30.5448	30.4488	30.4838	30.2911	30.1827	30.1560	30.1727	29.9334	29.7502	29.8089	29.5485	29.3446	29.1946	29.0347	28.7942	28.4001	28.0213	27.8294	27.4325	26.5299	26.2433	26.1133	24.5776	23.5720	24.1089	23.0732	21.0219	21.2348	22.0971	20.9958	19.5140	20.5542	21.0453	19.4453	19.7078	19.2141	20.6177	20.8127	21.1661	22.7615	23.8684	24.9149	24.9546	25.3317	24.7480	24.7849	24.7772	24.8163	31.3778	31.4341	31.4011	31.4074	31.4242	31.3968	31.3501	31.3481	31.3687	31.3307	31.2853	31.2962	31.2954	31.2725	31.2313	31.1968	31.1809	31.1720	31.1147	31.1076	31.0953	31.0293	31.0283	31.0473	30.9802	31.0242	30.9688	30.8911	30.9575	30.8757	30.7951	30.6907	30.7438	30.6128	30.5425	30.5571	30.3601	30.3112	30.2353	30.2115	30.0544	29.8174	29.7423	29.6040	29.5307	29.1437	29.0080	28.9616	28.6466	28.0278	27.9508	27.8361	27.0156	26.5309	26.6108	26.1222	24.2798	24.1476	24.7778	23.1779	21.0505	22.0536	22.6655	19.5374	18.8729	21.2752	20.5489	17.9646	15.7116	13.9843	13.6115	14.6434	14.3489	12.2842	12.2222	10.3492	7.8309	5.1771	3.6049	0.8019	0.2536
