0.2519	2.3069	4.6325	7.2753	5.4525	5.2734	7.9206	9.7559	8.5929	10.4676	13.0262	14.2368	15.4619	16.2791	18.7205	18.5981	20.1543	20.9459	22.9672	23.4816	23.8864	24.6286	24.7264	25.2315	25.8229	25.0461	26.0009	25.7133	26.5037	26.2010	26.9741	26.7002	26.3985	27.1780	27.1587	27.4640	27.7464	28.1403	28.5503	28.5335	28.8440	28.6955	28.8240	28.9436	29.5310	28.7335	29.2015	29.4663	29.1095	29.3324	29.6022	29.5339	29.3172	29.2959	29.4843	29.6510	29.5767	29.7462	29.7301	29.9061	30.0016	30.2331	29.9714	29.7835	29.9155	30.1994	30.0509	30.0625	30.2801	30.1478	30.2844	30.1154	30.2151	30.3203	30.3014	30.2429	30.4167	30.3844	30.1959	30.8328	31.2282	31.1524	31.1496	31.0938	31.1038	31.1523	31.0808	31.1568	31.0819	31.0927	31.0687	31.0582	31.1226	31.1331	31.0583	31.1656	31.0715	31.2064	31.1393	31.2184	31.2162	31.1586	31.2310	31.1722	31.2347	31.1446	31.1507	31.2238	31.1582	31.0646	31.1507	31.0778	31.0809	31.0974	31.1378	31.1378	31.0260	31.1170	30.9944	31.0916	31.0042	31.1174	31.0782	31.0193	30.9424	31.2144	31.2047	31.1935	31.2359	31.2930	31.1984	31.1779	31.1023	31.1925	31.1535	31.2219	30.9426	31.2211	31.2172	31.0942	30.8812	31.1157	31.1025	30.9805	31.0151	31.1430	31.1823	31.0314	31.0536	31.2150	31.2485	30.9643	31.1692	31.1659	31.1460	31.0806	31.0821	31.1128	31.1171	31.0792	31.1630	31.1792	31.2073	31.1239	31.0896	31.1380	31.1414	31.1029	31.2317	31.1101	31.1319	31.1219	31.1139	31.1170	31.0752	31.0681	31.0188	31.0138	31.1672	31.2047	31.1389	31.0462	31.0429	31.0657	31.0071	31.0104	31.0016	31.0358	30.9834	31.0878	31.0387	31.1526	31.1016	30.9769	31.1170	30.9693	30.9295	30.9636	31.0040	30.9718	31.0552	31.0316	31.0757	30.9728	31.0369	31.0693	30.9858	30.9486	30.9526	30.9861	31.0312	31.0385	30.9400	30.9762	30.9507	31.0155	31.0636	31.0399	30.8064	30.9846	30.9834	30.7735	30.9214	30.8979	30.8459	30.8462	30.8682	30.9109	30.7052	30.6040	30.7344
0.7618	0.2500	1.3535	3.1652	3.3216	3.4168	2.9148	5.4511	5.0857	4.9843	5.0584	6.5967	8.0060	8.2083	8.1064	8.0286	9.6445	10.6405	11.2963	12.7341	13.6366	12.6088	16.2184	16.6560	18.0069	17.2740	18.7709	19.7979	18.4691	19.8927	20.6621	20.6557	20.6762	21.6315	21.9619	22.2377	22.5390	21.4534	22.2540	23.5520	23.1490	22.9269	23.3033	24.3683	24.6704	24.8061	25.3480	25.6985	25.4821	26.2960	26.1939	27.2250	26.3548	26.9379	27.2084	27.6451	28.1596	28.2570	28.6172	28.8922	28.5219	29.2172	29.1584	28.6405	28.8663	29.0705	29.1781	28.8832	29.4270	29.3445	29.1553	29.0824	29.4445	29.6181	29.3170	29.4035	29.6213	29.7746	29.6187	29.8075	31.1210	31.1269	31.0744	31.0756	31.0849	30.9622	30.9590	31.0675	31.0420	30.9200	31.0429	30.9554	30.9562	30.9135	30.9612	30.9904	30.9929	31.0419	30.9847	31.0579	31.1010	31.0548	31.0740	31.0088	31.1620	31.1267	30.8693	30.6473	30.9944	30.9498	31.1170	31.0384	30.7252	31.0416	31.0858	31.0776	30.9365	30.9564	30.9483	30.9401	30.7941	30.7843	30.8465	30.8822	30.7271	31.0926	30.8313	30.9482	31.1685	31.1149	31.0087	31.0177	30.8825	31.0014	30.9867	31.0061	30.9893	30.9271	30.9890	30.9735	30.7905	31.0239	31.0790	30.8741	30.7449	30.9667	30.9971	30.8612	30.8625	31.0241	31.0044	30.8736	31.0069	30.9849	30.9518	30.9393	30.9945	31.0141	31.0102	30.9945	31.0497	31.0387	31.0980	31.0908	31.0815	30.9844	31.0651	31.0178	31.0460	30.9440	31.0675	30.8970	30.9933	31.0106	31.0079	30.8998	30.8239	31.0370	30.8262	31.0660	30.8605	30.9310	30.9194	30.9151	30.9835	30.9194	30.9362	30.7790	30.9024	30.7538	30.8606	30.9288	30.8726	30.8873	30.8546	30.8778	30.8718	30.8774	30.7447	30.9074	30.8822	30.7930	30.8771	30.8605	30.7222	30.6982	30.8900	30.7454	30.8475	30.7485	30.7659	30.9124	30.7351	30.7274	30.7886	30.8813	30.8069	30.8626	30.8695	30.7613	30.7038	30.7483	30.9068	30.6024	30.8237	30.7448	30.7345	30.7605	30.5975	30.5327	30.6540
2.1401	0.6392	0.2500	0.7544	1.7869	2.3844	1.9361	2.1990	4.0161	3.7829	4.4414	5.0368	5.7057	5.7255	6.4161	7.0055	7.6903	7.9817	8.4434	8.6837	9.9791	9.8194	10.5256	11.2017	12.3988	12.4355	13.6643	15.5884	16.5381	16.4099	16.5054	17.5722	16.4928	17.9702	19.2618	18.6070	17.6677	18.0257	19.7474	19.7976	19.0588	19.5810	21.0738	21.1907	21.0566	22.3374	22.6214	22.6835	23.4032	23.8307	24.4687	24.9606	25.0560	25.2205	26.4719	26.6798	26.9481	27.4083	27.9882	28.0866	28.0367	28.5365	28.4638	28.0554	28.2978	28.4599	28.1915	28.1392	28.2536	28.3366	28.2173	28.2570	28.6539	28.6404	28.5143	28.3734	28.7298	29.0751	28.9534	29.1197	31.0146	30.9206	30.8721	30.8058	30.7709	30.7602	30.7539	30.8090	30.8181	30.6726	30.7711	30.7198	30.7797	30.7558	30.8100	30.7462	30.8153	30.9173	30.8965	30.9405	30.7931	30.8978	30.8671	30.9154	30.8948	30.8526	30.9658	30.7153	30.8727	30.9137	30.7495	30.8551	30.7379	30.7086	30.7902	30.8427	30.7647	30.7763	30.7704	30.7051	30.4818	30.6391	30.7657	30.7690	30.7193	30.8681	30.7346	30.9007	31.0044	31.0108	30.9066	30.9116	30.8013	30.8345	30.8097	30.8615	30.8107	30.8663	30.8338	30.7618	30.6999	30.8282	30.8504	30.6485	30.7288	30.8956	30.8597	30.7467	30.8308	30.9854	30.8981	30.6076	31.0565	30.8974	30.8712	30.8647	30.9274	30.8152	30.9486	30.8749	30.9000	30.9380	31.0057	30.9541	31.0170	30.9907	30.9099	30.8814	30.9350	30.8508	30.8045	30.9241	30.9464	30.8274	30.8532	30.8509	30.7461	30.8943	30.9029	30.9122	30.7245	30.7202	30.7611	30.7472	30.8171	30.6928	30.7602	30.7547	30.7100	30.6578	30.7107	30.7578	30.6683	30.6378	30.6543	30.7132	30.6502	30.7071	30.6562	30.6217	30.6524	30.6334	30.7884	30.7462	30.6448	30.6909	30.7459	30.6087	30.7319	30.5691	30.6366	30.7632	30.6646	30.5973	30.5616	30.6580	30.7851	30.7747	30.6976	30.7229	30.7112	30.6435	30.6898	30.6609	30.5810	30.6477	30.5957	30.6246	30.4029	30.4357	30.4417
2.7798	1.6058	0.6060	0.2500	0.6142	1.5312	2.0800	1.7639	2.0656	4.3361	3.9018	5.6299	7.6804	6.4510	7.1747	7.8802	9.8087	10.1611	9.4764	11.4311	12.3689	12.2743	14.9891	14.9103	15.3466	16.4029	18.0330	19.7116	19.8816	20.8137	20.9021	21.9801	21.0816	22.0896	23.7542	22.5977	22.6300	23.0749	23.5758	24.2428	24.1815	24.7561	25.2671	25.4283	25.1487	25.7633	25.4857	25.8004	25.7691	26.3991	26.4984	26.4407	26.7258	26.5891	26.7729	27.4044	27.3843	27.9313	27.6958	28.4194	28.0852	28.8459	28.1978	28.0175	27.8847	28.6776	28.5631	27.9873	28.5902	28.7636	28.6306	28.6309	28.9027	28.8078	28.6032	28.8806	28.8274	29.0547	29.1403	29.0017	30.9540	31.0166	30.8357	30.8191	30.8259	30.9009	30.8804	30.8580	30.8321	30.7742	30.7857	30.7179	30.8329	30.8320	30.8450	30.8575	30.8473	30.9796	30.9134	30.9365	30.8130	30.9973	30.8794	30.8597	30.9626	30.8759	30.7901	30.7953	30.8327	30.7374	30.8541	30.7463	30.6602	30.7916	30.8782	30.7921	30.7936	30.7408	30.7834	30.7694	30.6996	30.6968	30.6729	30.6340	30.6562	30.9179	30.5705	30.9037	30.9481	30.9812	30.9099	30.9730	30.8129	30.8955	30.8737	30.9091	30.8407	30.9582	30.9744	30.7702	30.7374	30.9540	30.9254	30.7484	30.6502	30.8352	30.7827	30.7893	30.7959	31.0093	30.9273	30.6868	30.8097	30.9377	30.8278	30.6878	30.8530	30.8412	30.8200	30.7314	30.9706	30.8182	30.9389	30.8336	30.9296	30.8820	30.8199	30.8758	30.9961	30.7154	30.7436	30.8193	30.9288	30.8997	30.7762	30.7788	30.7206	30.7783	30.7585	30.9061	30.8292	30.7180	30.8028	30.7855	30.8293	30.7570	30.6935	30.7094	30.6539	30.5660	30.6821	30.7962	30.7381	30.6136	30.6444	30.7932	30.6691	30.6392	30.6646	30.5951	30.6663	30.5851	30.7105	30.6319	30.5181	30.7154	30.7345	30.7317	30.5920	30.5754	30.7432	30.6801	30.5816	30.5280	30.6411	30.6090	30.7467	30.6948	30.7084	30.6953	30.6506	30.6523	30.6704	30.6170	30.6264	30.5392	30.5850	30.5410	30.4074	30.2999	30.1721
3.0226	2.7291	1.6234	0.5120	0.2500	0.6841	1.5544	2.2501	1.7176	2.4057	4.2863	5.1500	6.3221	5.9840	5.9860	6.9206	8.2440	8.0240	9.1121	10.1429	10.8445	10.3288	12.5310	13.3383	12.9078	14.4416	15.8732	17.4818	17.4961	18.3642	19.3152	19.6260	18.8784	19.4637	20.5943	19.7975	19.8004	19.4805	20.8551	21.5872	21.3916	22.1519	22.4962	22.8445	23.4443	23.3752	23.5352	24.0693	24.4865	25.0851	25.3930	25.8499	25.7028	25.7524	26.5944	27.3930	27.3125	27.7863	28.2363	28.3907	28.5185	28.9553	28.6251	28.2848	28.5015	28.8148	28.6335	28.3487	28.6908	28.8431	28.6486	28.4896	28.7122	28.6899	28.5065	28.9253	28.9823	29.0592	29.3038	29.3018	30.9165	31.0120	30.8930	30.8000	30.8286	30.7767	30.7452	30.8987	30.8176	30.7104	30.8380	30.7312	30.8277	30.8365	30.8536	30.7920	30.8234	30.9036	30.8148	30.8832	30.8543	30.8624	30.8461	30.8128	30.9634	30.7986	30.8360	30.6517	30.7456	30.8118	30.6860	30.8108	30.6169	30.6938	30.7628	30.7542	30.6742	30.6778	30.6651	30.7418	30.6609	30.5757	30.5817	30.6325	30.6086	30.6884	30.5007	30.7647	30.9591	30.9557	30.8359	30.8106	30.7803	30.8992	30.8688	30.9766	30.8485	30.9140	30.9194	30.8606	30.6627	30.8952	30.8994	30.7812	30.7984	30.9132	30.8696	30.8286	30.7799	30.9707	30.9353	30.7431	30.9491	30.9458	30.8176	30.8860	30.9353	30.9350	30.9025	30.9536	30.9830	30.9840	31.0442	30.9614	31.0347	30.9689	30.9129	30.9416	31.0156	30.8284	30.7928	30.8684	30.9015	30.7943	30.8699	30.7685	30.7497	30.8557	30.8858	30.8072	30.7295	30.7362	30.7857	30.7505	30.8591	30.7370	30.7687	30.6678	30.7555	30.6497	30.6810	30.7763	30.7727	30.6440	30.6515	30.6600	30.5766	30.7043	30.7037	30.6855	30.7130	30.7090	30.7754	30.6454	30.6056	30.7172	30.7374	30.6630	30.7462	30.5611	30.7081	30.7288	30.6603	30.6272	30.5916	30.7418	30.6792	30.5964	30.6503	30.6953	30.6480	30.6530	30.6690	30.5879	30.6523	30.5562	30.5602	30.5141	30.3218	30.3754	30.4179
3.4490	1.8530	2.2216	1.3005	0.4866	0.2500	0.6389	1.4415	2.6089	2.0177	3.2341	4.9325	5.7047	5.3409	5.1653	6.0693	6.9599	6.9390	7.6992	8.4144	9.5708	9.4769	10.3565	11.5119	12.9081	12.0869	13.8051	16.0225	16.0619	16.4364	17.0836	17.6223	16.7659	18.0784	18.3197	19.3069	18.5577	18.7353	19.1207	19.9962	20.6999	21.2848	21.4775	21.6836	22.0976	22.3194	22.4260	23.4134	23.1273	24.0329	24.0896	24.7041	25.2663	25.1159	26.1383	26.3874	26.8792	27.1663	27.6068	28.1659	27.9060	28.6912	28.2097	27.9797	27.9557	28.4665	28.1064	27.7136	28.2497	28.3401	28.0749	27.8771	28.3052	28.1482	27.9469	28.0446	28.6215	28.8328	28.7465	28.7370	30.9891	30.9580	30.8219	30.8163	30.8138	30.7094	30.7334	30.7732	30.7292	30.6700	30.7848	30.7466	30.7946	30.8207	30.7504	30.7855	30.8034	30.8733	30.8710	30.8691	30.9316	30.8955	30.8969	30.8442	30.9672	30.8681	30.7168	30.7683	30.8815	30.7208	30.8186	30.8942	30.5837	30.7689	30.9202	30.8546	30.7893	30.7148	30.7770	30.8073	30.5565	30.7577	30.8279	30.7430	30.6044	30.9999	30.7359	30.8404	30.9922	31.0190	30.9414	30.7972	30.7274	30.8090	30.7906	30.8809	30.8892	30.8665	30.7922	30.8059	30.6817	30.8384	30.8510	30.7109	30.6861	30.8826	30.8420	30.8362	30.6545	30.9111	30.8308	30.6549	30.8811	30.8969	30.9337	30.8372	30.8759	30.9035	30.9273	30.9203	30.9735	31.0325	31.0196	30.9509	31.0331	30.9658	30.9206	30.8566	30.9267	30.8186	30.8456	30.7209	30.8802	30.8410	30.8108	30.8323	30.7901	30.6657	30.8644	30.8972	30.7822	30.8248	30.8257	30.7642	30.8179	30.7093	30.7537	30.5619	30.6947	30.6403	30.6718	30.7685	30.6621	30.4852	30.6066	30.5729	30.6357	30.5967	30.4197	30.5771	30.6943	30.6031	30.5797	30.7013	30.7271	30.5457	30.7060	30.6581	30.5120	30.6100	30.7115	30.7244	30.6290	30.5560	30.7110	30.6561	30.6624	30.6276	30.6844	30.6316	30.6706	30.5452	30.6684	30.5016	30.6562	30.5953	30.5799	30.4818	30.2308	30.2582	30.2163
3.3676	2.2314	1.8044	1.8594	1.1965	0.4189	0.2500	0.7176	1.4244	2.3226	2.9114	3.3373	4.6920	4.8572	5.8005	6.7074	6.9998	7.2845	8.4339	8.2506	8.8754	9.6053	10.5532	11.5378	12.7153	12.4455	13.6648	15.2888	16.2376	16.5192	17.6608	18.0861	19.3419	18.7346	19.5833	18.9240	20.7609	20.1144	20.2588	21.1673	21.3659	21.3255	22.5179	22.5984	22.5203	22.5928	22.7600	23.3845	23.6209	24.1302	24.3696	24.5912	25.0072	25.1100	25.5882	25.6623	26.9641	26.8760	27.8004	28.0543	27.7055	28.8088	28.1229	27.6964	28.1028	28.6000	28.1414	28.2707	28.4784	28.2368	28.2138	27.9485	28.4787	28.4758	28.0678	28.3979	28.5315	28.7948	28.9537	29.0273	31.0337	30.9526	30.8403	30.8033	30.7546	30.7146	30.8239	30.8551	30.7718	30.7660	30.8447	30.7385	30.9044	30.8208	30.8169	30.7713	30.8138	30.9296	30.8708	30.9110	30.8903	30.9472	30.8862	30.8405	30.8799	30.8008	30.7952	30.9209	30.9400	30.7597	30.8309	30.7818	30.7000	30.7634	30.8052	30.8819	30.7200	30.7452	30.8195	30.7162	30.7523	30.6925	30.8817	30.7266	30.7741	30.9806	30.8446	30.9316	30.9973	31.0171	30.9011	30.8679	30.9023	30.9618	30.8983	30.9564	30.8089	31.0749	30.8818	30.8470	30.8108	30.8794	30.8724	30.7409	30.7356	30.9192	30.8551	30.8729	30.8267	30.9111	31.0063	30.6831	30.9426	30.9845	30.8993	30.8101	30.9573	31.0326	31.0126	30.9527	31.0061	30.9657	31.1062	30.8887	30.9830	30.9250	30.9068	30.9975	30.9755	30.8232	30.8182	30.8304	30.9245	30.8646	30.7834	30.7865	30.7427	30.7649	30.7811	30.8787	30.8970	30.6967	30.7634	30.7143	30.9367	30.5760	30.7035	30.5675	30.5794	30.6571	30.4118	30.6855	30.7106	30.5701	30.5760	30.5396	30.4676	30.5386	30.4113	30.6090	30.6612	30.4189	30.5655	30.4476	30.4157	30.4451	30.5918	30.6220	30.5850	30.5159	30.7009	30.6767	30.5849	30.4397	30.5672	30.5962	30.6710	30.5385	30.6572	30.5490	30.6593	30.4649	30.6325	30.4540	30.5498	30.3659	30.3746	30.4944	30.1606	30.2513	30.2366
4.1929	3.3837	2.2616	1.9847	1.5288	1.3508	0.4575	0.2500	0.6495	1.7743	2.5203	3.5286	4.4096	4.8159	5.6676	7.1709	7.7558	7.1998	8.5373	9.6832	8.7437	10.1204	10.9404	12.5205	14.2731	14.2661	14.5918	15.7513	16.5241	18.0066	18.5340	17.9426	18.3955	18.6796	19.9891	18.4335	20.2035	19.3976	19.5035	21.4713	20.6564	21.4739	22.2561	22.3394	22.9503	22.7208	23.2503	23.6473	23.9079	24.1650	24.6539	24.9940	24.9955	25.0552	25.7372	26.4034	26.7506	27.1114	27.3329	27.8325	27.3705	28.1417	27.8299	27.6613	27.6222	27.7513	28.1381	27.6243	28.1114	28.0846	27.8975	27.8543	27.7949	28.2708	27.6860	28.1854	28.3866	28.8908	28.7730	28.5342	30.9807	30.9421	30.8187	30.7794	30.7875	30.7390	30.7912	30.7439	30.8024	30.7370	30.7779	30.7143	30.7461	30.8259	30.8335	30.6374	30.7658	30.7463	30.8014	30.8250	30.7009	30.7578	30.8456	30.7085	30.9713	30.8049	30.7247	30.6242	30.8166	30.6311	30.8183	30.6993	30.6517	30.7587	30.7244	30.6636	30.6880	30.6694	30.6248	30.7446	30.5947	30.6340	30.7365	30.6089	30.4972	30.8255	30.7133	30.7177	31.0122	30.8698	30.8082	30.7755	30.6780	30.7859	30.7301	30.8469	30.7397	30.8976	30.8006	30.7552	30.5348	30.7252	30.7881	30.6605	30.6880	30.7955	30.7632	30.8085	30.6029	30.8778	30.9506	30.6629	30.8189	30.8578	30.8347	30.7379	30.8563	30.7483	30.8925	30.7913	30.7894	30.9118	31.0063	30.8038	30.8340	30.8188	30.8475	30.9035	30.8849	30.6929	30.6561	30.6660	30.6709	30.4877	30.5880	30.5342	30.5648	30.5354	30.5256	30.5395	30.6803	30.4846	30.5830	30.4786	30.7090	30.4211	30.4892	30.3809	30.4811	30.4484	30.1965	30.5627	30.5295	30.3343	30.2188	30.4453	30.3587	30.3214	30.3420	30.5348	30.3993	30.3938	30.4051	30.4704	30.4287	30.3471	30.4952	30.5445	30.4946	30.2675	30.5496	30.5944	30.5562	30.3989	30.4837	30.6486	30.5873	30.5655	30.6506	30.6141	30.6092	30.6501	30.6462	30.5393	30.5325	30.5420	30.5506	30.5285	30.2603	30.2967	30.3045
5.4810	4.2981	3.7527	2.3925	1.8136	2.1207	1.4886	0.4572	0.2500	0.8092	1.9350	3.3705	4.8718	3.9492	5.3896	5.2901	5.8108	5.6537	6.9176	7.4120	8.4044	7.7140	9.8371	10.3126	10.9722	10.6294	14.4339	14.0270	12.0081	14.8197	16.2851	16.1645	15.3519	17.9792	18.4465	16.0675	17.7650	17.9436	18.6623	18.7687	18.1258	19.4508	19.4922	19.8837	20.6489	20.7433	20.5417	21.7763	22.3973	22.7706	23.2099	23.6870	24.0948	23.9586	24.8143	25.5537	26.5208	26.7799	27.1239	27.7693	27.3030	28.3542	27.8216	27.3630	27.8406	28.0682	27.8233	27.7701	28.1593	28.2712	27.8273	27.7501	28.3302	28.4113	27.5451	28.0290	28.5530	28.7556	28.7165	29.1732	31.0414	30.9746	30.9363	30.8052	30.7871	30.8406	30.7925	30.8031	30.8010	30.6875	30.7542	30.7284	30.7605	30.7302	30.7059	30.7362	30.8026	30.8450	30.8124	30.8119	30.8564	30.7987	30.8215	30.7895	30.8261	30.8291	30.7770	30.6388	30.8303	30.8224	30.7872	30.8505	30.7408	30.7449	30.8405	30.8026	30.5625	30.6960	30.7440	30.7786	30.6455	30.7196	30.6772	30.6874	30.4919	30.9251	30.7225	30.7557	30.9052	30.9624	30.8485	30.7968	30.7448	30.8782	30.7879	30.8235	30.8354	30.9093	30.7711	30.7915	30.6662	30.7877	30.6944	30.6978	30.7247	30.7404	30.6807	30.7453	30.6636	30.8307	30.8164	30.6311	30.7992	30.8748	30.8452	30.7471	30.8039	30.8707	30.9117	30.9459	30.8793	30.9839	31.0605	30.8546	30.8945	30.9862	30.9539	30.8493	30.7751	30.6123	30.7499	30.6088	30.8436	30.7307	30.6470	30.5881	30.6809	30.6080	30.6101	30.6901	30.7875	30.7067	30.7302	30.5199	30.7799	30.3847	30.3571	30.4520	30.5294	30.4705	30.3557	30.6002	30.5690	30.4244	30.3976	30.4387	30.4892	30.3567	30.3638	30.5394	30.4572	30.4671	30.5608	30.5091	30.4051	30.4622	30.6581	30.6791	30.6171	30.3927	30.5323	30.6805	30.5697	30.4173	30.5418	30.5384	30.6254	30.5105	30.6643	30.7510	30.6166	30.5695	30.6580	30.5988	30.5663	30.5795	30.5311	30.5054	30.3220	30.3399	30.4216
6.4643	4.7463	4.0026	3.4605	2.2487	1.8894	2.4626	1.2745	0.4327	0.2500	0.7321	2.3060	4.0248	3.5451	3.2396	5.1705	5.7194	4.4924	5.5950	6.0336	6.6945	7.0349	7.2793	8.0296	8.2229	9.9157	9.8436	12.0283	11.6245	11.8188	12.3376	13.0245	13.5105	14.6038	15.1610	15.5632	14.6499	15.7547	16.5484	16.5524	16.9654	17.1237	18.2145	18.0983	19.1460	20.3757	20.0979	20.4689	21.2064	22.3196	22.6452	22.7338	23.2264	23.8826	24.5587	25.3779	26.0022	26.0603	26.5642	27.3593	27.0845	27.9088	27.3045	27.0657	27.0115	27.6174	27.3067	27.4188	27.5498	27.6299	27.4929	27.0750	27.3994	27.5832	27.2644	27.4032	27.7312	28.1695	28.1008	28.1298	30.9474	30.9111	30.8159	30.7223	30.7663	30.7769	30.8609	30.7235	30.7242	30.6781	30.6547	30.6274	30.7377	30.7385	30.5818	30.7171	30.7560	30.8056	30.7712	30.8040	30.7276	30.7263	30.6645	30.7219	30.8323	30.7309	30.7175	30.7537	30.6784	30.6189	30.8036	30.6975	30.5862	30.5901	30.7089	30.7566	30.6016	30.6475	30.7010	30.5914	30.5331	30.4933	30.5295	30.6020	30.5183	30.9169	30.4801	30.8130	30.8963	30.9643	30.9370	30.7637	30.7292	30.7584	30.7762	30.6712	30.6710	30.9027	30.6558	30.5303	30.5277	30.6891	30.5620	30.4845	30.6116	30.7435	30.5317	30.5865	30.5312	30.7184	30.7030	30.5003	30.8808	30.7109	30.7052	30.5957	30.7772	30.8183	30.7951	30.7678	30.7364	30.7574	30.9082	30.7612	30.7761	30.7815	30.6532	30.8258	30.7334	30.5327	30.5708	30.5077	30.6845	30.5078	30.6034	30.6227	30.5649	30.5488	30.6525	30.6960	30.7065	30.4270	30.5101	30.4810	30.6200	30.3924	30.4143	30.1324	30.3066	30.4562	30.1345	30.5103	30.3813	30.3216	30.2659	30.4098	30.1824	30.2573	30.2590	30.3181	30.4394	30.1651	30.4987	30.2465	30.3076	30.2619	30.3961	30.4350	30.3794	30.3020	30.3872	30.4765	30.4458	30.2303	30.3883	30.4318	30.4807	30.3616	30.6002	30.3955	30.5199	30.4864	30.6286	30.5039	30.4768	30.5060	30.4940	30.4604	30.2360	30.1023	29.9288
8.5804	5.2391	5.7540	6.1418	4.6513	3.1563	2.8505	3.1590	1.6448	0.6968	0.2500	0.7278	1.5629	2.8727	2.3519	1.7037	3.8087	4.5461	3.5983	3.9028	4.9577	5.5788	6.0589	6.2636	6.7464	6.7927	7.8799	8.4193	9.6883	10.1563	8.9738	9.2261	10.9527	11.2328	11.6965	11.5021	12.1223	13.0724	12.6462	14.0149	14.3041	15.2331	16.1389	15.7106	16.5015	16.7979	17.7528	18.7272	19.0678	20.0493	21.0377	22.0070	22.1608	23.0774	24.1558	25.0108	25.9209	26.2563	26.7907	27.3592	26.8473	27.7880	27.3368	26.8574	26.8346	27.6366	26.9068	27.2684	27.3964	27.1662	27.0076	27.0462	27.3093	27.2975	27.1104	26.9197	27.7180	27.8082	28.1633	28.6586	31.0130	30.9954	30.9097	30.7995	30.8524	30.8036	30.7939	30.8558	30.8024	30.7668	30.7313	30.6006	30.7490	30.8081	30.6510	30.7580	30.7225	30.7830	30.8390	30.8404	30.7794	30.8008	30.7346	30.6906	30.8584	30.8156	30.7478	30.6988	30.8518	30.6791	30.7792	30.6484	30.6583	30.7898	30.8290	30.7737	30.5948	30.7131	30.6915	30.6863	30.6490	30.6796	30.7404	30.6701	30.5606	30.8239	30.6721	30.7590	30.8637	30.9614	30.7916	30.8010	30.7185	30.8278	30.7641	30.8320	30.7017	30.8474	30.7705	30.6516	30.5962	30.6804	30.6604	30.5598	30.4771	30.6850	30.6496	30.6475	30.5812	30.7000	30.6859	30.4570	30.6264	30.7369	30.7175	30.6249	30.6562	30.7834	30.7651	30.7500	30.6829	30.8264	30.9168	30.6425	30.6760	30.7991	30.7206	30.6099	30.5988	30.5420	30.3717	30.3223	30.5423	30.4972	30.3662	30.4012	30.3958	30.4146	30.3729	30.4506	30.5811	30.3438	30.4118	30.4096	30.5381	30.3845	30.2668	30.2208	30.3714	30.2654	30.0562	30.3372	30.3203	30.1162	30.2556	30.4122	30.1598	30.1525	30.2633	30.2476	30.3645	30.0579	30.3367	30.3539	30.1591	30.2691	30.3815	30.3344	30.2670	30.0769	30.3541	30.5310	30.2577	30.2262	30.4282	30.5485	30.4659	30.4745	30.6200	30.5520	30.5291	30.6087	30.6170	30.5868	30.4666	30.5029	30.3549	30.5175	30.2038	30.3101	30.3280
7.0235	5.9462	6.3292	5.8268	4.3143	4.4486	3.5961	2.5130	2.4891	1.6793	0.3736	0.2500	0.5242	0.9471	1.9181	1.1804	1.3572	2.0460	2.4796	2.2840	2.0786	2.9458	3.3992	3.6119	3.6480	4.2820	4.5303	5.1312	5.0773	5.6948	5.7899	5.7465	5.7458	6.1803	6.4273	6.5050	6.7128	7.1423	7.9560	8.1440	8.3459	9.0159	9.6587	10.5236	10.9240	11.5648	12.4048	13.7035	14.5029	15.1984	16.2073	17.4736	18.1248	18.8504	20.6858	22.1685	23.4271	24.3884	24.8302	25.9092	25.3179	26.7576	25.8923	25.9127	25.6769	26.0499	25.7635	25.6746	25.7814	26.4115	25.6115	25.1799	26.2200	26.1017	25.3847	26.0716	26.7422	27.0156	27.5501	27.7881	31.0473	30.9775	30.8181	30.8859	30.9084	30.7920	30.8801	30.8668	30.8623	30.8002	30.8163	30.7501	30.8303	30.8337	30.8381	30.7075	30.7906	30.8239	30.7029	30.8126	30.7945	30.8057	30.8019	30.7569	31.0026	30.8805	30.7527	30.5838	30.9074	30.7525	30.9121	30.8095	30.6131	30.7557	30.8007	30.8096	30.5669	30.6503	30.6882	30.7194	30.5477	30.6485	30.6793	30.5822	30.4335	30.7702	30.5821	30.8151	30.9441	30.8878	30.7981	30.8100	30.6710	30.7688	30.7475	30.8367	30.7706	30.8094	30.7994	30.5689	30.4826	30.7558	30.6539	30.4203	30.6141	30.6090	30.6558	30.4681	30.4484	30.6818	30.7609	30.3014	30.7770	30.6819	30.5736	30.5093	30.4957	30.7212	30.7424	30.6211	30.7028	30.8145	30.8895	30.5745	30.7744	30.6394	30.6128	30.6371	30.6252	30.6308	30.4664	30.4621	30.4518	30.5358	30.3825	30.3528	30.3514	30.3664	30.3227	30.4846	30.5485	30.3715	30.5060	30.4167	30.5104	30.4025	30.3105	30.4220	30.3066	30.2895	30.1848	30.4864	30.3401	30.1316	30.3200	30.3784	30.2511	30.3161	30.3504	30.4073	30.3417	30.2859	30.4214	30.2884	30.2512	30.3912	30.4882	30.4699	30.2472	30.2293	30.4595	30.5327	30.3677	30.4723	30.4387	30.4944	30.5183	30.6306	30.6405	30.5972	30.5292	30.7075	30.7158	30.6722	30.5256	30.6854	30.5595	30.5146	30.3794	30.4344	30.3444
8.4406	6.4728	5.9466	6.5109	5.1663	4.5358	4.7876	3.3467	2.6141	2.7193	0.9140	0.3432	0.2500	0.3266	0.6411	0.9953	0.8000	1.0238	1.5195	1.6948	1.8399	1.7642	2.1121	2.7565	2.4909	2.9292	3.8098	4.0627	4.5931	4.1564	4.9060	5.5593	4.2941	4.9119	5.2236	5.1673	5.2341	6.3796	6.5411	7.0573	7.6495	8.0058	8.8014	8.8973	10.1140	10.5113	11.6405	12.9467	13.8259	14.7627	15.6283	16.7755	17.7151	19.2042	20.5868	22.2983	23.3767	24.1672	25.0796	25.7850	25.1503	26.8848	26.3317	25.5680	26.2271	26.0201	25.9228	26.0552	26.3031	25.7770	25.7285	25.4325	25.9632	25.8196	25.6640	25.8707	26.4800	27.0699	27.2720	27.9502	30.9114	30.8444	30.8244	30.6712	30.8223	30.9184	30.7725	30.7017	30.8950	30.7878	30.6592	30.5490	30.9282	30.7958	30.6835	30.6301	30.6590	30.7768	30.7288	30.7799	30.6729	30.8471	30.6357	30.7633	30.7762	30.6828	30.6404	30.3800	30.8613	30.7571	30.6486	30.7225	30.6452	30.5887	30.7894	30.8272	30.6136	30.5638	30.7619	30.4631	30.5209	30.3937	30.5294	30.5980	30.5108	30.8002	30.5272	30.8218	30.7856	30.9078	30.7466	30.7323	30.5952	30.8044	30.5757	30.7261	30.7086	30.8005	30.6696	30.5757	30.4191	30.6051	30.6001	30.4247	30.4609	30.4883	30.5936	30.4533	30.3752	30.7073	30.5298	30.4026	30.6065	30.7334	30.3520	30.5078	30.5464	30.7187	30.5979	30.6789	30.7646	30.7966	30.8586	30.6416	30.7251	30.5662	30.5659	30.5607	30.5283	30.2374	30.2519	30.5891	30.4660	30.3501	30.4405	30.2652	30.3366	30.2052	30.3322	30.4335	30.5865	30.3796	30.3895	30.3214	30.6346	30.1591	30.2864	30.2590	30.2323	30.0976	30.1763	30.5158	30.1237	30.2696	30.2586	30.3330	30.2635	30.3999	30.1926	30.4196	30.3539	30.0546	30.5630	30.4267	30.4478	30.3010	30.5126	30.5331	30.4036	30.2608	30.6973	30.6119	30.5656	30.3444	30.5930	30.4931	30.7072	30.6037	30.7244	30.6001	30.6638	30.5411	30.7391	30.5377	30.5819	30.4507	30.4718	30.4678	30.2781	30.2878	30.2419
8.5581	6.7504	6.2353	5.9132	4.2840	4.3538	4.4849	4.0112	2.5378	2.2329	1.0909	0.6677	0.2935	0.2500	0.3458	0.5622	0.8839	0.6328	0.8897	1.3075	1.4501	1.5257	1.5666	1.9318	2.2366	2.2854	2.6967	3.0695	3.3880	3.7643	3.9282	4.3156	4.1044	3.8409	4.2999	4.2950	4.8373	4.7248	5.3727	6.2499	6.6130	6.9058	7.5758	7.9168	8.6248	9.3720	10.1656	11.3413	12.3009	13.6345	14.4470	15.5058	16.7308	17.8994	19.9394	21.3103	22.8581	23.1124	24.2105	25.0534	24.6762	25.9102	25.6244	24.7727	25.2107	25.8639	25.0386	25.4811	25.2634	25.2812	25.0989	24.3344	25.0742	25.4029	24.7401	25.2114	25.7141	26.1099	26.9557	27.1982	30.9746	30.9206	30.7516	30.7221	30.7000	30.8146	30.7684	30.7518	30.7334	30.6588	30.6656	30.6412	30.7787	30.7590	30.6321	30.6803	30.6892	30.7949	30.7451	30.7885	30.6782	30.7516	30.6724	30.7452	30.9136	30.7167	30.7219	30.8528	30.8789	30.5807	30.7450	30.5617	30.6591	30.6436	30.6186	30.7946	30.5797	30.6639	30.6612	30.6210	30.5490	30.6249	30.6598	30.6713	30.4567	30.8629	30.6507	30.8739	30.9850	30.9801	30.9405	30.7992	30.7822	30.8209	30.6483	30.8048	30.7086	30.7332	30.6331	30.6659	30.4891	30.5117	30.5759	30.4897	30.4288	30.6057	30.5059	30.5198	30.2617	30.5670	30.6473	30.3432	30.5335	30.5552	30.3634	30.4023	30.4527	30.6238	30.5625	30.5563	30.6511	30.6397	30.7931	30.4788	30.6572	30.5200	30.4821	30.4100	30.4738	30.4229	30.1732	30.2472	30.3038	30.3181	30.0969	30.1732	30.3171	30.2763	30.3460	30.2585	30.5404	30.3010	30.2971	30.4423	30.5077	30.1135	30.0912	30.0287	30.1371	30.1688	29.8894	30.3826	30.1528	30.0596	30.1052	30.2630	30.0691	30.1316	30.0624	30.2906	30.3370	30.0219	30.2194	30.3618	30.1048	30.1462	30.4135	30.4971	30.2536	30.1690	30.3938	30.4928	30.4481	30.3397	30.4848	30.5802	30.5854	30.4732	30.7441	30.5355	30.6362	30.5888	30.7078	30.4994	30.5838	30.4058	30.4298	30.4805	30.0695	30.2352	30.1497
8.5443	7.1121	6.4608	6.6848	5.3103	4.2790	4.6170	4.0622	3.3207	2.4385	1.1892	0.7875	0.5821	0.3131	0.2500	0.3189	0.5676	0.8516	0.6073	0.9425	1.3792	1.3978	1.5057	1.4816	1.7922	2.5569	2.4293	2.7647	2.9897	3.2704	4.0555	3.7086	3.6176	4.2845	4.1627	4.1222	4.6636	5.0372	5.1980	5.8609	6.3712	6.7465	7.2138	7.8349	8.5579	8.8761	10.4162	11.0504	12.3058	13.9934	15.3530	15.9593	17.0896	18.5991	20.4828	21.7907	23.4377	24.1609	24.8142	25.9407	25.1616	26.3410	25.7741	25.0010	25.4779	25.8492	25.2400	25.3607	25.7725	25.6021	25.1297	25.1197	25.7058	25.5076	24.8663	25.9374	26.0917	26.5151	26.6883	27.3461	31.0511	30.9251	30.9212	30.7858	30.8649	30.8086	30.8092	30.9056	30.8076	30.7121	30.8748	30.7806	30.7913	30.8646	30.7878	30.7689	30.7719	30.7639	30.8173	30.8566	30.7746	30.8517	30.8284	30.8388	30.9128	30.9232	30.8252	30.5202	30.9367	30.7908	30.8587	30.7946	30.7011	30.7596	30.8447	30.8745	30.6768	30.7097	30.6947	30.6307	30.5137	30.5726	30.6382	30.6566	30.4783	30.8919	30.6992	30.8269	30.8322	30.9155	30.9236	30.7644	30.7115	30.7819	30.7599	30.9262	30.7354	30.7465	30.8102	30.7788	30.4609	30.6967	30.7930	30.5187	30.4493	30.6275	30.5785	30.6376	30.4276	30.7072	30.7710	30.5246	30.6503	30.7068	30.5886	30.4890	30.6359	30.7926	30.7439	30.6378	30.6712	30.7533	30.8401	30.5903	30.7186	30.5076	30.5949	30.5195	30.4961	30.5097	30.4125	30.0538	30.5380	30.4664	30.2370	30.2526	30.3500	30.3876	30.3786	30.3458	30.5246	30.3929	30.4135	30.4235	30.5486	30.5032	30.2839	30.3177	30.4161	30.4024	30.2302	30.4481	30.4666	30.2359	30.3709	30.3741	30.2964	30.3640	30.3597	30.3500	30.4685	30.3912	30.5256	30.5507	30.2600	30.3611	30.5963	30.5934	30.4433	30.3830	30.6383	30.6890	30.5735	30.5208	30.7022	30.6499	30.7085	30.6962	30.7023	30.6756	30.6277	30.7186	30.7192	30.6215	30.5216	30.6408	30.5207	30.4521	30.2547	30.2610	30.2211
7.3775	6.2305	6.5013	6.8642	4.8886	4.5427	4.7416	3.8746	2.7699	2.8875	1.1658	0.7423	0.6183	0.4887	0.2945	0.2500	0.3050	0.4711	0.7533	0.6444	0.8913	1.0917	1.2103	1.3786	1.3380	1.8353	2.3387	2.2306	2.6135	2.9097	3.1482	3.8308	3.7085	3.9350	3.9058	3.8167	4.1127	4.6033	4.6240	5.3395	5.7573	6.5489	7.2225	7.6594	8.0723	9.0230	9.8885	10.9945	11.8721	13.2780	14.5160	15.3422	16.6455	17.7514	19.8109	21.8900	23.0442	23.7179	24.6307	25.7186	25.3953	26.3216	25.7288	25.5284	25.4475	25.5450	25.6773	25.4882	25.9338	26.0776	25.5738	25.1387	26.0606	26.0866	25.0824	25.8190	26.6553	27.1924	27.2459	27.7499	31.0104	30.8484	30.8106	30.5736	30.7538	30.7761	30.7398	30.7214	30.7452	30.6755	30.5331	30.6408	30.7490	30.6919	30.6754	30.6198	30.6625	30.7204	30.6244	30.7396	30.6143	30.7479	30.5746	30.6414	30.6994	30.7217	30.6953	30.5132	30.8159	30.6619	30.6692	30.7007	30.4997	30.5922	30.6779	30.7331	30.5180	30.5941	30.6726	30.4874	30.5565	30.4696	30.5961	30.6537	30.5174	30.7626	30.5297	30.7603	30.8251	30.8353	30.7939	30.6730	30.6348	30.7760	30.6067	30.7533	30.6406	30.6501	30.6274	30.5006	30.4599	30.5743	30.5440	30.3207	30.4423	30.3779	30.5392	30.4889	30.3520	30.5946	30.5341	30.3108	30.4981	30.5743	30.4338	30.3618	30.4610	30.6758	30.4708	30.3611	30.6862	30.7232	30.8580	30.5573	30.6535	30.5024	30.4468	30.3299	30.6090	30.4190	30.0854	30.2250	30.3318	30.2765	30.3229	30.1818	30.2598	30.0841	30.1911	30.4056	30.3529	30.1945	30.2109	30.2039	30.3893	29.8930	30.0320	30.1811	30.1786	30.1541	30.0152	30.3689	30.0839	30.0949	30.1504	30.1019	29.9702	30.0847	30.0932	30.0650	30.2576	30.2223	30.3275	30.2959	30.3327	30.2679	30.3742	30.3410	30.3158	30.1626	30.5028	30.5604	30.4852	30.2886	30.4993	30.5180	30.6426	30.6137	30.6391	30.5212	30.5831	30.5828	30.6351	30.5676	30.4777	30.4589	30.4859	30.3479	30.2185	30.1837	30.1534
7.6954	7.5595	6.2113	7.3133	4.7464	4.3108	4.2073	3.8221	3.0815	2.6943	1.5583	1.0561	0.6682	0.7217	0.5722	0.3024	0.2500	0.3300	0.5485	0.6538	0.5717	0.8858	1.1610	1.2341	1.4396	1.3743	1.9052	2.1816	2.3671	2.8546	3.2235	3.3353	3.6326	3.5810	3.7513	3.8366	3.9017	4.4256	4.8143	5.7152	5.5602	6.3323	6.9313	7.1809	7.9143	8.6675	9.4777	10.6001	11.6941	12.9331	14.1154	14.9879	16.3404	17.7444	19.5344	21.3408	22.6590	23.2203	24.6514	25.1029	24.5341	26.1352	25.9333	25.0453	25.2995	25.6218	25.4246	25.3487	25.3784	25.6387	25.3765	24.8415	25.7575	26.0213	24.6489	25.4668	26.1886	26.5989	26.8089	27.3804	30.9607	30.8665	30.8057	30.6783	30.7027	30.8086	30.8045	30.7484	30.6829	30.7096	30.5977	30.5906	30.6699	30.7284	30.6574	30.7335	30.7351	30.7640	30.7115	30.7819	30.7017	30.7932	30.7575	30.7362	30.8862	30.8350	30.6059	30.8123	30.8356	30.7318	30.7670	30.6499	30.5914	30.7363	30.7214	30.7966	30.5434	30.6432	30.7040	30.5791	30.4758	30.5301	30.6613	30.5491	30.4799	30.7008	30.6309	30.8678	30.8500	30.9722	30.8886	30.6462	30.7312	30.8258	30.6206	30.7627	30.6311	30.8149	30.5900	30.5956	30.4870	30.6154	30.5838	30.3146	30.3993	30.5157	30.4399	30.5141	30.4374	30.5712	30.5568	30.3787	30.5994	30.4806	30.1938	30.3624	30.5987	30.5724	30.5247	30.5017	30.5818	30.6690	30.7460	30.3023	30.5488	30.2698	30.3276	30.3931	30.5020	30.2473	30.2681	30.2053	30.3893	30.1779	30.2226	30.1760	30.0436	30.1682	30.2583	30.3188	30.5565	30.2251	30.1670	30.4473	30.5099	29.8772	29.9865	30.0397	30.0902	30.0164	30.0037	30.2558	30.2508	29.9340	30.0453	30.1234	30.0082	30.2353	29.9973	30.1703	30.3538	30.1920	30.3140	30.3345	30.3764	30.3697	30.4594	30.4009	30.3759	30.5103	30.6535	30.5429	30.5988	30.3401	30.6212	30.6182	30.6520	30.5993	30.6855	30.5544	30.7402	30.6416	30.7487	30.4436	30.6479	30.6138	30.5736	30.3632	30.1112	30.1659	30.1164
8.3111	7.2887	7.3536	6.3556	4.9947	4.6243	4.3368	3.7935	3.0502	2.9263	1.5505	1.4228	0.9061	0.5964	0.6359	0.4734	0.2915	0.2500	0.3388	0.4898	0.7275	0.5632	0.8603	1.3406	1.1723	1.4910	1.4864	1.8915	2.4958	2.2364	2.6179	3.2278	2.8883	3.3144	3.2360	3.4795	3.8687	4.1937	4.3086	4.9043	5.2054	5.4356	6.2326	6.7922	7.0741	7.9494	9.1130	10.0055	10.9129	12.3210	13.3150	13.9843	15.3287	16.6281	18.3665	20.4341	22.1616	22.9122	23.7921	24.7528	24.5326	25.8353	25.2266	24.9127	25.0081	25.2948	25.0822	24.6201	25.2213	25.3648	24.3243	24.0258	25.4559	25.1115	23.3415	25.3138	26.3537	26.2888	26.6937	27.6537	31.0281	30.8961	30.8174	30.7264	30.7595	30.7510	30.7460	30.8024	30.6886	30.7805	30.7609	30.6498	30.7216	30.7657	30.7729	30.7627	30.7039	30.8102	30.7385	30.7731	30.6962	30.8174	30.6857	30.7315	30.8309	30.6554	30.7523	30.6280	30.8388	30.6752	30.7395	30.5981	30.6509	30.6219	30.6250	30.7065	30.5550	30.6241	30.5822	30.5469	30.4048	30.4959	30.5854	30.4542	30.4639	30.7710	30.4902	30.7328	30.8469	30.9499	30.9456	30.7407	30.7091	30.8233	30.6228	30.8690	30.6830	30.6562	30.7079	30.6842	30.4244	30.5577	30.5904	30.3222	30.3394	30.4254	30.5102	30.4875	30.4029	30.5196	30.5403	30.4576	30.5289	30.5824	30.2575	30.3853	30.5803	30.7239	30.6023	30.4604	30.6213	30.7390	30.8079	30.5293	30.6580	30.4468	30.5102	30.4162	30.5401	30.4393	30.2450	30.1426	30.2999	30.2069	30.2335	30.3197	30.2041	30.0694	30.2399	30.1388	30.4150	30.3323	30.1636	30.3097	30.2776	30.1368	30.1114	30.0662	30.3279	30.1877	29.9307	30.3564	30.1732	30.1266	29.9316	30.1644	30.2642	30.1281	30.2322	30.3691	30.3507	30.3058	30.3799	30.3104	30.2477	30.3141	30.4799	30.3721	30.4601	30.2594	30.5537	30.6662	30.6125	30.4706	30.5960	30.7048	30.6587	30.4935	30.6877	30.7964	30.6840	30.8201	30.7975	30.5461	30.5891	30.5571	30.5615	30.4332	30.2816	30.3623	30.2374
8.4224	7.8012	6.7808	7.1306	5.9080	5.2767	4.6940	4.4780	3.5049	2.7705	1.7136	1.3039	1.3129	0.8672	0.6973	0.6205	0.5008	0.2986	0.2500	0.3007	0.4612	0.6976	0.5649	0.8707	1.1593	1.1654	1.5094	1.2676	1.7532	2.3081	2.3253	2.5333	2.9071	2.9934	3.3350	3.2777	3.8887	3.9468	4.1949	4.7947	5.1989	5.4828	6.2097	6.4449	7.0456	7.7722	8.7421	9.2730	10.1720	11.8602	12.7004	13.5958	15.2671	16.8954	18.7761	20.6083	22.2821	23.2055	23.8302	24.9673	24.2664	25.7820	25.2409	24.5658	24.8931	25.3488	24.8167	25.0257	25.3301	25.3270	24.7361	24.8535	25.6629	25.4101	24.2378	25.4340	25.9046	26.0991	26.3192	26.9058	30.9606	30.8530	30.8596	30.7029	30.7610	30.7650	30.8332	30.8062	30.6748	30.6634	30.7360	30.6900	30.7364	30.7256	30.7302	30.7683	30.7691	30.7438	30.7702	30.8042	30.7734	30.8241	30.8833	30.7201	30.8550	30.8971	30.7637	30.6928	30.8861	30.8123	30.8712	30.6957	30.6339	30.7929	30.8473	30.8571	30.6370	30.6627	30.5401	30.5612	30.5915	30.5117	30.6201	30.5919	30.3667	30.8212	30.6124	30.7715	30.7994	30.8931	30.8174	30.7928	30.6305	30.8310	30.7692	30.9321	30.7701	30.7570	30.7593	30.7120	30.4255	30.5766	30.6862	30.5140	30.3848	30.4785	30.6250	30.6390	30.2123	30.5748	30.8211	30.5604	30.6035	30.6696	30.6736	30.5280	30.6296	30.7607	30.8161	30.5530	30.6797	30.8316	30.9184	30.6266	30.7730	30.5785	30.7234	30.5049	30.6779	30.6341	30.3921	30.1261	30.4812	30.4548	30.3103	30.1572	30.2485	30.2766	30.2223	30.2959	30.4708	30.3325	30.3102	30.3826	30.3465	30.2007	30.1924	30.0323	30.2554	30.3218	29.9670	30.3765	30.3289	30.2746	30.2945	30.2433	30.3036	30.3329	30.2791	30.3556	30.5930	30.3405	30.4378	30.5716	30.4839	30.3462	30.6627	30.6502	30.5451	30.4215	30.6897	30.7903	30.6752	30.4838	30.7475	30.7637	30.7910	30.6616	30.7555	30.7091	30.7066	30.7627	30.7877	30.5702	30.5984	30.4926	30.4770	30.4934	30.2858	30.3381	30.0932
8.7635	8.1609	7.0275	7.2531	6.1618	5.3980	5.0722	4.3229	3.1821	3.0484	1.8112	1.3799	1.2812	1.1733	0.8675	0.6204	0.6106	0.5044	0.2972	0.2500	0.3108	0.4967	0.6916	0.5314	0.9166	1.2445	1.1344	1.2747	1.3300	1.8412	2.2194	2.3362	2.7612	3.0157	3.2441	3.4436	3.5083	3.6556	4.1749	4.6998	4.9193	5.7365	6.6271	6.8268	7.4053	8.3622	9.3882	10.5633	10.9392	12.7786	13.7022	14.5908	16.4048	18.1201	20.0674	22.0953	23.3031	24.0029	24.7822	25.6960	25.2101	26.3664	25.4826	25.1980	25.3633	25.3278	25.0192	25.1936	25.1079	25.0743	24.9135	24.6867	25.1843	25.2467	24.2217	25.2261	26.0747	26.0511	26.7615	27.1325	30.9913	30.9669	30.8449	30.7211	30.7683	30.8409	30.8834	30.8040	30.7323	30.6779	30.6384	30.5810	30.8119	30.8197	30.6824	30.7879	30.7973	30.7929	30.7375	30.7672	30.7437	30.8497	30.7900	30.6682	30.8115	30.8473	30.7127	30.8085	30.8264	30.7548	30.7947	30.7935	30.6686	30.6165	30.7658	30.9144	30.6594	30.6343	30.6708	30.6429	30.5646	30.5524	30.7104	30.6754	30.3717	30.8366	30.8360	30.8297	30.8967	30.9892	30.9061	30.7827	30.6696	30.8642	30.6998	30.7595	30.6522	30.7800	30.6354	30.6824	30.3509	30.6243	30.5610	30.3961	30.3809	30.5476	30.4534	30.3715	30.3581	30.5178	30.5662	30.0913	30.3799	30.5067	30.4243	30.3074	30.4914	30.5404	30.5345	30.4289	30.5184	30.6639	30.7607	30.3848	30.5992	30.5176	30.4621	30.2044	30.5207	30.4402	30.1850	30.2969	30.2342	30.3032	30.2342	30.1286	30.1831	30.1808	30.1678	30.4327	30.4624	30.2867	30.2126	30.4023	30.3665	30.0525	30.1540	30.1174	30.1932	30.2221	30.1191	30.4722	30.2619	30.2967	30.3341	30.1794	30.3621	30.4865	30.2204	30.1937	30.4498	30.3564	30.4646	30.3496	30.5676	30.4250	30.6681	30.5419	30.5197	30.4747	30.7785	30.7014	30.6723	30.5443	30.7015	30.6945	30.7610	30.6674	30.7344	30.6845	30.7417	30.7373	30.8115	30.6470	30.6307	30.6981	30.6017	30.5830	30.2585	30.3597	30.2353
8.5676	8.3915	7.5831	7.6760	6.3824	6.3150	4.8651	4.6557	3.3745	3.3941	2.2119	1.6170	1.2920	1.2213	1.4201	0.8148	0.5668	0.5911	0.4754	0.2837	0.2500	0.2865	0.4948	0.6006	0.5144	0.8796	1.1471	1.0674	1.3679	1.2776	1.7716	2.0493	2.0382	2.5386	2.8935	2.9604	3.3181	3.4558	3.7964	4.3665	4.5084	5.0758	5.7159	6.1330	6.5459	7.3568	8.4004	9.5228	10.2222	11.5774	12.5920	13.7830	15.5875	17.3069	19.4150	21.2123	22.7825	23.4742	24.4125	25.1365	25.1938	26.1652	25.8483	25.4690	25.2693	25.2509	25.3537	24.8949	25.1334	25.0104	24.7440	24.3751	25.0655	25.2793	24.2413	25.5525	25.8011	26.2250	26.6098	27.6800	30.9198	30.8545	30.8124	30.6977	30.8213	30.7899	30.7951	30.7565	30.7586	30.6366	30.6330	30.6226	30.7828	30.7466	30.6785	30.7110	30.7179	30.8041	30.7598	30.8183	30.7189	30.8576	30.6519	30.6909	30.7935	30.6683	30.7365	30.7752	30.8680	30.6955	30.7416	30.7165	30.6756	30.5969	30.7314	30.8283	30.5725	30.6768	30.5496	30.4756	30.4353	30.4055	30.6071	30.6497	30.4094	30.7019	30.6847	30.8241	30.8353	30.9632	30.9621	30.7554	30.6923	30.8800	30.5644	30.7480	30.6742	30.6300	30.5408	30.5776	30.2893	30.4602	30.4613	30.2629	30.2593	30.5471	30.4088	30.2437	30.2325	30.4971	30.3903	30.0431	30.3578	30.5731	30.2495	30.1463	30.3751	30.6137	30.5638	30.4570	30.4244	30.5842	30.6522	30.1816	30.5040	30.3955	30.3934	30.2827	30.2823	30.2316	30.1433	30.0825	30.1003	29.9667	30.0189	30.0124	29.9597	30.0661	30.2908	30.2346	30.3702	30.1760	29.9750	30.3318	30.2744	29.9877	29.8548	30.0743	30.0143	30.2304	30.0230	30.2829	30.0557	30.1273	30.3086	30.0863	30.2459	30.2774	30.2366	30.1842	30.3857	30.2422	30.4345	30.3857	30.4391	30.3989	30.4707	30.5300	30.4693	30.3753	30.6264	30.7454	30.7224	30.4798	30.6982	30.5753	30.7643	30.5730	30.6858	30.6392	30.7155	30.5637	30.8220	30.5818	30.6840	30.6717	30.5362	30.6877	30.3532	30.4111	30.3433
9.2089	7.7238	7.7581	8.1044	5.9027	6.2295	5.6978	4.5015	3.8501	3.4720	2.0522	1.9189	1.2628	1.1344	1.1352	1.1769	0.7562	0.5653	0.5226	0.4177	0.2765	0.2500	0.2921	0.4446	0.6341	0.5440	0.8071	1.1246	1.1614	1.3084	1.3024	1.7582	2.0918	1.9687	2.3901	2.9248	2.8964	3.1772	3.3824	3.9549	4.2492	4.3879	4.9312	5.3177	5.9978	6.7105	7.6736	8.5601	9.4874	11.0078	11.3847	12.6589	14.3344	15.5123	17.5136	19.7342	21.3661	22.8339	23.3514	24.3180	24.3709	25.4410	24.9843	24.5091	24.5243	24.6895	24.2458	24.5743	24.6660	24.3768	24.0990	24.0334	25.2104	24.9461	24.0902	25.2770	25.5483	25.9630	26.5905	27.7897	31.0571	30.8535	30.8211	30.5773	30.7709	30.6824	30.7830	30.6958	30.7138	30.5850	30.6885	30.6137	30.7665	30.7404	30.8080	30.6338	30.6950	30.7534	30.7734	30.8337	30.6320	30.8904	30.5479	30.8521	30.8344	30.5823	30.7164	30.7031	30.7906	30.7065	30.6802	30.6959	30.6524	30.4960	30.5717	30.6885	30.5709	30.4763	30.5393	30.3198	30.3810	30.3779	30.5302	30.6015	30.3884	30.5942	30.5853	30.7298	30.7639	30.7799	30.7662	30.7053	30.6423	30.8779	30.4958	30.7976	30.6987	30.6699	30.6100	30.5906	30.3196	30.3285	30.4996	30.1976	30.3561	30.2812	30.5089	30.3367	30.4829	30.5655	30.5891	30.3951	30.5085	30.6865	30.3343	30.2846	30.4413	30.5380	30.5874	30.4234	30.6320	30.7565	30.7262	30.4348	30.5832	30.4458	30.4848	30.3193	30.3295	30.3170	29.9491	30.2382	30.2896	30.1245	30.2445	30.1408	30.2024	29.9886	30.0879	30.3014	30.2955	30.2190	30.2264	30.3562	30.4134	30.1993	30.2049	30.2386	30.3218	30.2524	30.0744	30.4498	30.1234	30.2019	30.3802	30.3837	30.3608	30.3360	30.3464	30.5027	30.5325	30.2867	30.5488	30.5343	30.4616	30.4604	30.5528	30.5594	30.4341	30.3105	30.6820	30.7203	30.6584	30.3230	30.7077	30.6630	30.7428	30.5861	30.7269	30.6645	30.5462	30.5172	30.7205	30.4872	30.5198	30.4260	30.4935	30.4513	30.2418	30.2795	30.0818
8.6929	7.8390	7.2339	7.8548	6.4359	5.7744	5.5334	5.0849	4.0022	3.5160	2.3013	2.0807	1.9300	1.3653	1.2391	1.1229	1.2731	0.7461	0.6320	0.5367	0.4510	0.2754	0.2500	0.2961	0.4913	0.6887	0.5784	0.9557	1.2226	1.1334	1.3529	1.2885	1.6991	2.1218	1.9412	2.4524	2.7798	3.0408	3.0249	3.7231	4.1351	4.5140	4.8618	5.2087	5.8274	6.5279	7.7666	8.2888	9.0398	10.9646	11.5222	12.6823	14.5118	16.1236	18.3478	20.5198	22.1726	23.3195	24.1090	24.7652	24.4919	25.5741	25.1848	24.5611	24.4269	24.5836	24.4458	24.0794	24.2514	24.4210	24.2404	23.8183	24.6622	24.6438	23.6722	24.7837	25.3124	25.4447	26.1216	27.0956	31.0578	30.9304	30.8406	30.7951	30.7532	30.7842	30.7839	30.7882	30.6240	30.6413	30.6305	30.6004	30.6589	30.7253	30.7671	30.7309	30.7440	30.7472	30.7832	30.8971	30.7416	30.7878	30.7197	30.7486	30.9022	30.7662	30.7729	30.6570	30.7826	30.7236	30.8239	30.7329	30.5809	30.6743	30.7333	30.7985	30.6632	30.6656	30.6460	30.6247	30.6223	30.5822	30.6482	30.5525	30.3497	30.7586	30.4768	30.7579	30.8375	30.9657	30.8355	30.8007	30.6761	30.8964	30.6950	30.8644	30.7134	30.6948	30.7804	30.6897	30.4250	30.6666	30.6507	30.5666	30.3753	30.5766	30.6858	30.6155	30.4177	30.6222	30.7243	30.4818	30.5176	30.6109	30.4405	30.5180	30.6675	30.7008	30.8514	30.6584	30.6440	30.7999	30.9968	30.5136	30.7276	30.6696	30.6719	30.5570	30.7836	30.6534	30.4921	30.4681	30.3994	30.5912	30.2691	30.2770	30.3154	30.4396	30.5301	30.5216	30.5700	30.4886	30.3555	30.4742	30.4463	30.4525	30.2797	30.3790	30.3772	30.4218	30.3091	30.4822	30.4469	30.4214	30.4739	30.4543	30.5267	30.5395	30.4849	30.5987	30.7267	30.5844	30.5736	30.7200	30.7330	30.6144	30.7211	30.7691	30.7183	30.6151	30.8261	30.8888	30.8078	30.5939	30.8734	30.8838	30.9095	30.7943	30.9627	30.8081	30.8474	30.8482	30.9094	30.7404	30.6405	30.7469	30.6897	30.6991	30.4732	30.4649	30.3296
8.7230	8.1976	7.7960	7.6122	6.2417	6.0207	5.9118	5.6040	4.4579	4.1494	2.7560	2.1278	2.1026	1.8340	1.4714	1.2410	1.2719	1.1628	0.8238	0.6073	0.5920	0.4854	0.2869	0.2500	0.3165	0.5367	0.6880	0.5863	1.1766	1.3214	1.1473	1.4780	1.3562	1.9168	2.1873	2.2368	2.7444	3.0937	3.4441	3.6534	4.0177	4.4500	5.1088	5.4027	6.0673	6.5977	7.6707	8.5426	9.8469	10.9990	11.9401	13.2013	14.6087	16.4727	18.2400	20.6861	22.4476	23.3135	24.1565	24.6203	24.8094	25.5830	25.3001	25.0168	24.7530	24.4817	24.6617	24.1747	24.3268	24.7142	24.8187	23.7674	24.6616	24.8262	23.4525	24.7734	25.1472	26.0216	26.7220	26.7609	31.0398	30.9867	30.7856	30.7229	30.7685	30.8068	30.7467	30.7757	30.7354	30.6958	30.6469	30.5861	30.6917	30.7037	30.7109	30.6483	30.7479	30.7394	30.7514	30.8372	30.7009	30.7639	30.6798	30.6705	30.7210	30.7323	30.7435	30.5279	30.7205	30.7219	30.7542	30.7067	30.6461	30.5654	30.7099	30.7832	30.6059	30.6342	30.6183	30.4649	30.4465	30.4363	30.4725	30.5700	30.3866	30.7161	30.5070	30.6848	30.8499	31.0060	30.9369	30.7473	30.7213	30.8363	30.5988	30.8357	30.7368	30.6455	30.7085	30.6263	30.4744	30.5067	30.5258	30.4223	30.1797	30.5176	30.5146	30.3415	30.3770	30.5735	30.3843	30.1814	30.1939	30.4646	30.3444	30.1706	30.5280	30.5341	30.6158	30.3474	30.5236	30.5873	30.8054	30.3766	30.4511	30.4726	30.4555	30.2461	30.5990	30.3497	30.2148	30.3158	30.1582	30.2539	30.0505	30.2244	30.0827	30.1338	30.1858	30.3760	30.3140	30.1523	30.0897	30.3533	30.2595	30.0767	30.0012	30.1972	30.1510	30.2299	30.2990	30.4220	30.2400	30.2762	30.3661	30.3004	30.3594	30.4521	30.3896	30.5190	30.6119	30.5173	30.5881	30.5567	30.5819	30.5575	30.6537	30.5803	30.6453	30.5232	30.6759	30.7872	30.6282	30.5715	30.6909	30.6451	30.7825	30.6588	30.8452	30.7069	30.7084	30.8131	30.8130	30.7159	30.6965	30.8020	30.6816	30.7092	30.3898	30.3357	30.2873
9.5986	7.9460	7.7293	8.5246	6.1697	6.4341	6.0294	5.5883	4.2009	4.3501	2.9864	2.3718	1.8142	1.8206	1.7782	1.3470	1.1632	1.0113	1.0907	0.7333	0.5589	0.5079	0.4497	0.2859	0.2500	0.2989	0.4828	0.6746	0.5361	0.7761	1.1508	1.0947	1.3500	1.2850	1.9171	1.9885	2.0481	2.7747	3.2687	3.6938	3.8792	3.9600	4.6190	4.9847	5.3825	5.9574	6.7839	7.3453	8.1891	9.4764	10.4549	11.5908	13.0455	14.4259	16.8722	18.9479	21.0348	22.3571	23.0951	24.1354	23.9441	25.2078	25.5102	24.4162	24.5335	24.0247	24.0159	23.4762	23.9687	24.2084	23.6441	23.2687	24.4671	24.4806	23.4001	24.9930	26.1346	25.6908	26.4545	27.7567	31.0604	30.9084	30.7422	30.6918	30.7791	30.7989	30.6921	30.7270	30.6561	30.7044	30.5619	30.6514	30.7042	30.6686	30.7661	30.7189	30.6716	30.7759	30.7476	30.8673	30.7576	30.8353	30.7140	30.5896	30.8019	30.6445	30.7225	30.5605	30.7985	30.7025	30.7081	30.6104	30.6140	30.7183	30.7750	30.7831	30.5143	30.6432	30.6248	30.5306	30.2223	30.5278	30.7449	30.6412	30.4282	30.7267	30.5559	30.7585	30.9407	30.9523	30.8455	30.6671	30.7116	30.8340	30.6794	30.8015	30.5846	30.5558	30.6663	30.6445	30.4229	30.5775	30.6412	30.3444	30.0888	30.6230	30.5173	30.3211	30.4975	30.6467	30.5426	30.1959	30.5012	30.7874	30.4868	30.2515	30.5486	30.7022	30.6691	30.4043	30.5868	30.9288	30.6752	30.2790	30.6300	30.3985	30.3616	30.2477	30.6060	30.3798	30.3543	30.0615	30.2355	30.3614	30.0474	30.3368	30.0944	30.1657	30.2168	30.2437	30.5006	30.3271	29.9646	30.2675	30.2731	30.2266	30.0367	30.3604	30.3295	30.2474	30.2117	30.4471	30.2983	30.2529	30.4273	30.3970	30.3619	30.4481	30.4399	30.3899	30.5932	30.5485	30.5775	30.6386	30.5522	30.5641	30.6585	30.7475	30.6750	30.6459	30.7435	30.8433	30.6937	30.7221	30.8597	30.8100	30.8896	30.7813	30.9679	30.7958	30.8086	30.8243	30.8003	30.6612	30.6352	30.7901	30.6859	30.6761	30.4467	30.5556	30.4509
9.9458	8.6852	8.0093	9.2072	6.2236	6.1323	6.3522	5.5611	3.8583	4.0376	2.8483	2.6379	2.0108	1.7997	1.8560	1.6140	1.3347	1.1737	1.1548	0.9818	0.7297	0.6226	0.5487	0.4748	0.2752	0.2500	0.2833	0.4581	0.5613	0.5516	0.8072	1.1075	1.0633	1.2379	1.2460	1.7815	2.0677	2.4230	2.8719	3.6165	3.9462	3.8931	4.3840	5.1486	5.6450	5.8365	6.8691	8.0084	9.1929	10.3635	11.6736	12.4221	14.0247	15.4652	17.4973	19.6450	21.6008	22.6108	23.6828	24.5673	24.1622	25.5781	25.2715	24.7415	24.6950	25.0061	24.1401	24.6477	24.4657	24.3672	24.3420	24.2735	24.6907	24.6063	24.3136	24.9628	25.6381	26.2845	26.4055	27.5480	30.9240	30.7832	30.7406	30.6886	30.7641	30.7399	30.7089	30.7283	30.7332	30.6537	30.6649	30.5683	30.7934	30.7497	30.7230	30.5287	30.6195	30.6508	30.7047	30.7660	30.6165	30.8861	30.6955	30.7887	30.8550	30.6082	30.6306	30.7497	30.8421	30.7309	30.6760	30.7122	30.6358	30.6107	30.6672	30.9248	30.5668	30.4871	30.5180	30.3609	30.4458	30.2554	30.4074	30.4282	30.4194	30.5626	30.4130	30.6248	30.5968	30.7397	30.5989	30.6453	30.4815	30.8234	30.5979	30.7587	30.7057	30.5060	30.5597	30.5768	30.2963	30.5030	30.5424	30.4116	30.3675	30.5288	30.5444	30.3600	30.5811	30.5441	30.6270	30.4700	30.6264	30.7014	30.4296	30.3663	30.5955	30.6669	30.7222	30.4498	30.6547	30.8105	30.7035	30.4046	30.6106	30.5509	30.4877	30.2370	30.4620	30.5031	30.3304	30.0806	30.3688	30.3643	30.1806	30.2298	30.3494	30.3516	30.2539	30.4717	30.6440	30.4849	30.3697	30.5193	30.6557	30.4270	30.3965	30.4155	30.4593	30.4033	30.3463	30.5340	30.4795	30.3719	30.4983	30.5369	30.5032	30.3714	30.4530	30.6066	30.6883	30.4528	30.7349	30.7603	30.6322	30.6457	30.6923	30.8366	30.6827	30.5203	30.7587	30.8644	30.7895	30.5981	30.7105	30.8484	30.8297	30.7986	30.8956	30.7644	30.6464	30.6969	30.8047	30.6395	30.6249	30.6890	30.5938	30.6027	30.3413	30.3208	30.1286
9.7831	8.5904	8.3149	8.8340	6.5387	6.0955	6.0475	5.9567	4.6581	4.6411	3.2021	3.1880	2.8176	2.2303	2.1463	2.0838	1.9430	1.5151	1.3340	1.2745	1.2101	0.8117	0.6262	0.6656	0.4894	0.2793	0.2500	0.3105	0.4955	0.7599	0.5629	1.0806	1.3575	1.1553	1.5519	1.4585	2.0866	2.6620	2.5357	3.5996	4.1239	4.6546	4.9867	5.1464	6.2222	6.6559	7.3657	8.5070	9.6689	11.1444	11.8113	13.5218	14.9266	16.3382	18.3933	20.4597	22.3385	23.1073	23.8668	24.7716	24.5687	25.7501	25.1107	24.7678	24.6057	24.8906	24.4265	24.4392	24.2799	24.4167	24.8374	23.9713	24.8033	25.1825	24.2503	25.2620	25.6395	26.5075	26.7907	27.3771	31.0703	30.9090	30.9008	30.6954	30.7822	30.8105	30.8343	30.7413	30.7059	30.5742	30.6472	30.6149	30.7148	30.7754	30.7773	30.6614	30.7411	30.7544	30.7809	30.8239	30.7311	30.8179	30.7807	30.7669	30.8711	30.8170	30.6248	30.6685	30.8111	30.7936	30.8852	30.7558	30.6015	30.7081	30.7519	30.8370	30.6667	30.5949	30.5655	30.4029	30.4407	30.4620	30.4995	30.5650	30.3122	30.6461	30.5717	30.6492	30.8036	30.9110	30.7915	30.7107	30.5263	30.7946	30.6491	30.7930	30.6994	30.5779	30.6023	30.5752	30.3390	30.5679	30.5821	30.3473	30.4160	30.5486	30.5880	30.3617	30.3892	30.6206	30.5964	30.2709	30.5558	30.5067	30.4723	30.3000	30.5913	30.5114	30.4633	30.5119	30.4179	30.5923	30.6599	30.3897	30.5281	30.5655	30.6067	30.1544	30.5770	30.4532	30.1463	30.2513	30.3694	30.3462	30.2668	30.2405	30.2388	30.1644	30.1700	30.3384	30.2285	30.2445	30.2475	30.3937	30.2174	30.1835	30.1923	30.1991	30.1204	30.1914	30.1687	30.5468	30.3638	30.2067	30.4091	30.2728	30.3086	30.4527	30.4264	30.5856	30.5333	30.5103	30.6685	30.6459	30.6827	30.5209	30.6513	30.5604	30.5659	30.5513	30.7100	30.6994	30.6522	30.5847	30.7573	30.7363	30.8126	30.7386	30.8751	30.5973	30.7806	30.7104	30.7867	30.7094	30.7015	30.7824	30.6617	30.6828	30.4423	30.3851	30.2437
10.2584	9.2906	8.6935	10.3845	6.7332	6.7233	6.8371	6.1164	4.7965	4.8380	3.5408	3.0192	3.0891	2.7088	2.6120	2.2653	2.1482	1.9454	1.5353	1.4110	1.3441	1.2552	0.8120	0.6755	0.7185	0.4998	0.2846	0.2500	0.3116	0.5473	0.6753	0.5688	0.9066	1.4653	1.1743	1.4881	1.5200	2.3485	2.8746	3.3692	4.0833	4.5197	5.2301	5.5240	6.0385	7.0790	7.6099	8.5002	9.8722	11.1554	12.5383	13.2128	15.0251	16.4520	18.6602	20.5525	21.6768	22.9010	23.5449	24.3127	24.3464	25.2863	25.0757	24.6497	24.3921	24.5948	24.4198	23.8310	24.2820	24.4888	24.4079	23.7083	24.6171	25.0492	23.9442	24.8941	25.4293	25.8749	26.5424	27.7225	31.0838	31.0468	30.8928	30.6873	30.8212	30.7951	30.8426	30.8011	30.7514	30.6421	30.6328	30.6642	30.6704	30.7227	30.7081	30.6511	30.7287	30.8618	30.7788	30.8521	30.7957	30.8773	30.8101	30.6524	30.7985	30.7298	30.9245	30.7692	30.8549	30.8936	30.8176	30.8104	30.7297	30.6469	30.7751	30.7423	30.5528	30.6737	30.6740	30.6153	30.5115	30.5137	30.7470	30.7301	30.4919	30.7574	30.6511	30.6260	30.7965	30.9685	30.8610	30.7152	30.7832	30.7916	30.7156	30.7875	30.6544	30.7051	30.5748	30.6243	30.4482	30.5429	30.5609	30.2647	30.1947	30.6526	30.5101	30.2336	30.5566	30.6638	30.4065	30.1930	30.4814	30.6009	30.3371	30.2329	30.5525	30.4745	30.4830	30.4445	30.4629	30.6755	30.6160	30.4791	30.7204	30.3602	30.5447	30.4584	30.3210	30.2739	30.2013	30.1870	30.4211	30.2683	30.1682	30.3311	29.8068	30.2267	30.3164	30.2357	30.2109	30.1618	30.0934	30.1298	30.2228	30.0932	30.0558	30.2808	29.9798	30.1170	30.1839	30.3386	30.3347	30.2740	30.4051	30.2249	30.4174	30.4764	30.4619	30.3374	30.5127	30.5191	30.5728	30.5737	30.4778	30.5990	30.4957	30.6702	30.5856	30.6307	30.5312	30.7976	30.6406	30.6122	30.7265	30.7644	30.7832	30.6374	30.7938	30.6302	30.7892	30.7236	30.7767	30.5959	30.4915	30.5970	30.5043	30.6207	30.4436	30.4993	30.4056
10.7502	9.0506	8.6751	10.3164	6.9266	6.9187	6.6910	6.1373	4.5677	5.0118	3.5436	3.0241	2.9122	2.6198	2.4889	2.2221	2.1020	1.9400	1.6664	1.2586	1.2530	1.1127	1.0028	0.7772	0.5887	0.5427	0.4135	0.2805	0.2500	0.2791	0.4558	0.5349	0.5732	0.9033	1.3260	1.4704	1.5498	1.7342	2.6402	2.9267	3.5539	4.0154	4.6463	5.3675	5.6635	6.1101	7.2246	8.1212	9.0599	10.5481	11.2856	12.5065	13.8240	15.4653	17.2735	19.9001	21.8373	22.5174	24.0863	24.2545	24.4106	25.8028	25.4832	24.7689	25.0663	24.5719	24.3508	24.4401	24.7596	23.8095	24.4355	24.0622	25.3238	24.9776	24.0884	25.4588	25.5438	25.7387	26.0786	26.9554	31.0693	30.8726	30.7432	30.7473	30.7841	30.7101	30.7004	30.7566	30.6155	30.5812	30.6407	30.5884	30.6087	30.5929	30.7558	30.6522	30.5813	30.7422	30.6495	30.8806	30.6986	30.7575	30.6115	30.6388	30.7146	30.6514	30.5784	30.6367	30.8067	30.7695	30.5525	30.5230	30.5877	30.6308	30.6571	30.6157	30.3788	30.5094	30.4640	30.3584	30.3597	30.2163	30.5148	30.2596	30.1599	30.4619	30.4540	30.4352	30.6205	30.6869	30.5006	30.4450	30.3188	30.5912	30.4958	30.5552	30.2881	30.4422	30.4887	30.3251	30.2927	30.4899	30.4386	29.9930	30.1270	30.4164	30.3479	29.9531	30.5723	30.5848	30.2858	30.0228	30.5560	30.7383	30.1053	30.0028	30.5812	30.5113	30.2764	30.1804	30.4349	30.4649	30.6052	30.1309	30.5288	30.3020	30.3072	30.2112	30.5513	30.1603	30.0597	29.9363	30.2673	30.1406	29.8684	30.4030	30.0390	30.1592	30.3640	30.2921	30.3407	30.0261	29.9550	30.3678	30.4017	30.0384	29.9611	30.3411	29.9910	30.1367	30.1178	30.2284	30.1107	29.9734	30.3219	30.0209	30.0618	30.2398	30.4081	29.9384	30.3432	30.3540	30.2526	30.2969	30.2894	30.4234	30.4052	30.3795	30.3526	30.4796	30.6231	30.5655	30.6873	30.6536	30.6169	30.5558	30.7128	30.7996	30.6712	30.5506	30.5602	30.6703	30.4324	30.4401	30.4060	30.5013	30.3774	30.4652	30.2699	30.2724	30.1799
10.1969	9.3669	8.5496	9.6325	7.0772	6.7255	6.6150	6.5457	4.9128	4.8417	3.5561	3.6587	3.2476	2.6087	2.8781	2.6544	2.3375	1.9618	1.9655	1.6966	1.3679	1.2010	1.1218	1.1365	0.7838	0.6279	0.5796	0.4347	0.2719	0.2500	0.3078	0.4584	0.5918	0.6015	0.8948	1.4677	1.2744	1.8757	2.0870	2.8601	3.2478	3.8465	4.9339	5.4565	6.1318	6.2757	7.3157	8.7519	8.9966	10.1672	11.3053	12.6612	13.9828	15.7286	17.9448	20.1401	21.8474	22.9624	23.5187	24.6359	24.0162	25.3311	24.9486	24.4472	24.4526	24.7520	23.8777	24.4982	24.0344	23.9184	24.5370	24.0398	24.3809	24.3936	24.4198	24.9013	25.5654	25.7278	25.7092	27.3641	30.8600	30.7349	30.6784	30.6898	30.6574	30.6657	30.7793	30.6834	30.6187	30.6030	30.5923	30.5285	30.6371	30.6581	30.6523	30.6507	30.6610	30.6070	30.7629	30.7380	30.6399	30.7437	30.6250	30.7386	30.7098	30.6012	30.4991	30.5429	30.7898	30.5104	30.6623	30.5694	30.4764	30.5671	30.5458	30.5926	30.4361	30.4231	30.3953	30.2634	30.3578	30.2907	30.2776	30.3639	30.1716	30.4808	30.2636	30.5882	30.6356	30.7218	30.6289	30.5509	30.4111	30.6934	30.5998	30.6719	30.4014	30.5514	30.5721	30.4535	30.2863	30.4463	30.4036	30.3275	30.2124	30.4475	30.4868	30.2900	30.5577	30.5807	30.5817	30.3454	30.5197	30.5507	30.5413	30.3085	30.4676	30.6257	30.7805	30.4623	30.4519	30.7821	30.7464	30.4661	30.5504	30.6315	30.6516	30.1647	30.5285	30.5538	30.2934	30.1161	30.2450	30.4580	30.1949	30.0110	30.2091	30.3525	30.3147	30.2698	30.4165	30.3591	30.1921	30.3073	30.5172	30.2513	30.2871	30.4442	30.2667	30.3736	30.3674	30.5552	30.4671	30.2752	30.4560	30.4402	30.5806	30.4664	30.4478	30.4568	30.6333	30.4530	30.6052	30.7276	30.5929	30.5248	30.5860	30.7311	30.6000	30.5032	30.6730	30.7876	30.6122	30.5008	30.7953	30.7057	30.7623	30.7643	30.8843	30.6125	30.6683	30.6665	30.6626	30.5634	30.5921	30.7287	30.5237	30.6930	30.4269	30.3706	30.1930
10.5603	9.2565	9.2907	9.4953	7.1475	6.9543	6.9126	5.9347	4.8882	5.3334	3.8976	3.5085	3.4682	2.9271	2.9834	2.8959	2.7862	2.3115	2.0719	1.9684	1.7369	1.3327	1.2464	1.2509	1.1128	0.7932	0.6246	0.5590	0.4944	0.2688	0.2500	0.3125	0.4825	0.7289	0.6758	1.0772	1.6248	1.4985	1.9417	2.4318	3.2795	3.5583	4.4373	5.2794	5.7675	6.3366	6.9609	7.7446	8.9500	10.5829	11.0285	12.6625	14.4181	15.4706	17.5717	20.1121	21.5111	22.5644	23.6104	23.8652	23.8646	25.0425	25.2251	24.4528	24.2393	23.8871	23.8417	23.5325	23.5737	24.3194	24.0806	23.0981	23.8798	24.5189	23.8240	24.8317	25.6179	26.5078	26.3105	27.7789	31.0566	30.9269	30.8209	30.8861	30.8225	30.8055	30.8519	30.8581	30.6794	30.6666	30.8060	30.6410	30.6732	30.6870	30.7918	30.7713	30.7841	30.7995	30.7705	30.8253	30.8773	30.7453	30.8737	30.7780	30.8867	30.8115	30.7847	30.7177	30.9186	30.7736	30.9442	30.7344	30.6833	30.7226	30.8720	30.7412	30.5300	30.6472	30.6380	30.5773	30.4289	30.5290	30.6597	30.5411	30.2404	30.6852	30.5828	30.6776	30.8966	30.9917	30.7628	30.7255	30.6104	30.7358	30.7131	30.8396	30.6592	30.5615	30.6305	30.5444	30.4464	30.5427	30.4639	30.2776	30.2118	30.5883	30.5298	30.3492	30.4062	30.6084	30.5353	30.2622	30.4958	30.6040	30.1691	30.2412	30.5824	30.4749	30.5080	30.2993	30.5661	30.5391	30.7035	30.4323	30.7658	30.3832	30.4212	30.3696	30.6228	30.4637	30.4558	30.1941	30.5594	30.3751	30.2712	30.2548	30.2249	30.2494	30.3307	30.3602	30.3325	30.2762	30.3777	30.4882	30.4581	30.2561	30.2926	30.4741	30.1350	30.4134	30.3917	30.5588	30.3652	30.3674	30.5445	30.3498	30.3945	30.6275	30.5662	30.5283	30.5547	30.6667	30.6805	30.6267	30.6521	30.6427	30.7482	30.6123	30.6375	30.7260	30.7377	30.6620	30.7449	30.7440	30.8293	30.7417	30.8681	30.8089	30.7882	30.7013	30.7907	30.9106	30.7522	30.7286	30.6395	30.7916	30.6378	30.7350	30.5265	30.5913	30.4761
10.5730	9.9639	9.6489	10.2815	7.2481	7.4037	6.9316	6.4017	5.0670	5.1249	4.1411	3.2431	3.4481	3.1030	3.0248	2.6385	2.7578	2.6257	2.1752	2.0487	1.9390	1.7017	1.3221	1.2521	1.1156	1.2103	0.7302	0.6177	0.4762	0.3799	0.2815	0.2500	0.2890	0.4967	0.6722	0.6651	0.9679	1.7590	1.7521	2.2351	2.6286	3.4966	3.9228	4.9464	5.7309	6.4899	7.5439	8.2782	9.2433	10.5045	11.2990	12.3131	14.0058	14.9669	17.0058	19.0500	21.0841	21.6965	22.9598	23.8434	23.1327	24.8098	24.3161	23.5614	24.0929	24.1954	23.6303	24.2340	24.1730	23.6948	23.7853	23.7108	23.9950	24.4760	24.0508	25.0320	24.7940	25.7171	26.3348	27.0229	30.8448	30.6063	30.6024	30.5414	30.6680	30.5831	30.5728	30.5948	30.3563	30.3981	30.4623	30.3959	30.3431	30.2921	30.4858	30.4173	30.4370	30.6569	30.5242	30.6303	30.4340	30.5896	30.5141	30.5351	30.5227	30.4164	30.4752	30.4015	30.7397	30.5409	30.5396	30.2744	30.4070	30.4670	30.4973	30.3460	30.2141	30.2832	30.3546	29.9562	30.1293	29.9438	30.1613	30.1848	30.0536	30.3382	30.2294	30.5053	30.5647	30.5868	30.2428	30.3324	30.2415	30.4207	30.3617	30.4253	30.1973	30.2500	30.2883	30.2945	29.7834	30.2376	30.3818	29.7352	29.8189	30.3157	30.3048	29.7796	30.1615	30.4809	30.3477	29.8688	30.3577	30.4397	29.7040	29.7741	30.4258	30.4268	30.1975	30.0323	30.1611	30.2771	30.4253	29.9575	30.3155	29.9732	30.1655	30.0424	29.9157	29.9901	29.7193	29.7673	29.9730	30.0039	29.7056	29.7844	29.7706	29.7116	29.9826	30.1583	30.0251	29.7709	29.7942	29.9846	30.1213	29.7415	29.8586	29.9373	29.8177	30.1004	30.0244	30.1223	29.8244	29.9426	30.0722	29.8844	29.9890	30.2753	30.0586	29.9314	30.2903	30.2502	30.1308	30.0641	30.2257	30.2190	30.2563	30.1402	30.1947	30.2595	30.1502	30.3017	30.4444	30.3541	30.5234	30.3400	30.4626	30.5536	30.5290	30.2243	30.4887	30.5748	30.5598	30.2219	30.2943	30.3962	30.1670	30.4192	30.1524	30.1308	29.9192
11.1881	9.9836	9.2924	10.0295	7.6273	7.1495	6.6828	6.6383	5.0948	5.1151	3.9660	3.6588	3.4953	2.8830	3.3355	2.8419	2.6953	2.5221	2.4497	1.9739	1.9017	2.0525	1.5674	1.3501	1.2010	1.3363	1.1191	0.7158	0.6737	0.4961	0.4249	0.2678	0.2500	0.3443	0.5148	0.7896	0.7602	1.0318	1.9768	2.2239	2.6197	3.3784	4.0926	4.4769	5.8451	6.4701	7.5232	8.6673	9.3850	10.4063	12.3711	13.1877	14.0087	15.5641	16.9404	19.7063	21.4720	22.2960	23.0787	24.5046	23.8749	24.6819	25.1992	24.7673	24.7114	24.9209	24.5737	24.3468	24.7115	24.3113	24.4145	24.3618	24.8918	24.6669	24.5116	25.2814	26.0682	25.9803	26.1184	27.4188	30.9187	30.7651	30.5456	30.5354	30.5919	30.5180	30.6178	30.6341	30.4541	30.3678	30.5028	30.3930	30.4083	30.3976	30.6697	30.5271	30.4239	30.6315	30.6530	30.7397	30.6081	30.7200	30.6322	30.5832	30.7151	30.6930	30.4797	30.5468	30.7871	30.6445	30.6080	30.3462	30.4087	30.5497	30.5355	30.4494	30.4159	30.3610	30.4908	30.2271	30.2093	30.1596	30.1808	30.3359	30.0699	30.3609	30.2650	30.5528	30.6145	30.5200	30.3965	30.4153	30.1338	30.6170	30.5274	30.5088	30.3373	30.5259	30.6381	30.4109	30.2164	30.4087	30.5734	30.2414	29.9716	30.4940	30.5390	30.2770	30.3713	30.7208	30.6502	30.1890	30.2014	30.7307	30.4362	30.2475	30.5157	30.6783	30.5500	30.4639	30.5271	30.8730	30.7113	30.5078	30.4837	30.5848	30.5235	30.3916	30.4646	30.4298	30.4631	30.0121	30.3215	30.3159	29.9878	30.3033	30.0935	30.3786	30.2332	30.3911	30.6072	30.2961	30.3059	30.6233	30.5689	30.3818	30.2433	30.4383	30.3803	30.3534	30.2471	30.4488	30.4740	30.2154	30.3924	30.2371	30.4496	30.3800	30.4478	30.4444	30.6422	30.4781	30.4470	30.6555	30.5401	30.5946	30.4287	30.5296	30.5363	30.3439	30.6361	30.6708	30.5716	30.6510	30.7410	30.6780	30.6806	30.8783	30.7298	30.6370	30.6683	30.7040	30.6438	30.6681	30.5594	30.8199	30.6365	30.7002	30.3093	30.3449	30.1124
11.4330	10.8159	9.8243	10.2461	8.2395	7.9335	7.7901	7.0078	6.1580	6.3600	4.8906	4.5001	4.4571	3.7052	3.8244	3.9148	3.6589	3.1863	3.3045	2.9073	2.6113	2.4702	2.3409	2.0907	1.6914	1.5661	1.5333	1.3627	0.9368	0.7727	0.6917	0.5319	0.2841	0.2500	0.3667	0.7699	1.1299	0.9068	1.5798	2.5370	2.7526	3.1597	3.8501	4.8549	5.2117	6.5119	7.6058	8.6981	9.7179	11.0084	11.8538	13.2414	14.3659	15.8663	17.8070	19.8703	21.7135	22.5287	23.4505	24.3278	23.9665	24.9205	24.8560	24.2950	24.2531	24.4453	24.4859	24.1475	24.2337	24.7591	24.2853	23.8920	24.8837	25.2315	24.2085	25.4755	26.5012	26.5733	26.9412	28.2471	30.9370	30.9350	30.8179	30.7856	30.7213	30.7854	30.7947	30.8087	30.5447	30.6747	30.6891	30.4560	30.6138	30.6108	30.6213	30.6774	30.6271	30.7491	30.7655	30.8012	30.6968	30.7535	30.7369	30.6683	30.7777	30.7897	30.6457	30.7187	30.7069	30.7518	30.6859	30.6065	30.6060	30.5655	30.7400	30.6354	30.3648	30.4994	30.3841	30.4631	30.2085	30.2438	30.4128	30.2992	30.0956	30.5118	30.3669	30.5933	30.7237	30.8113	30.6182	30.6573	30.3644	30.7188	30.5705	30.6902	30.4172	30.4911	30.5954	30.5209	30.2382	30.4467	30.5664	30.2386	30.0310	30.4363	30.5127	30.2810	30.2627	30.5038	30.5785	30.1378	30.2130	30.4127	30.3523	30.4146	30.3708	30.6101	30.6362	30.5442	30.4432	30.7238	30.7882	30.4870	30.6721	30.5556	30.5353	30.3875	30.6041	30.4558	30.3142	30.2971	30.3957	30.0573	30.3315	29.9708	29.9831	30.1924	30.2773	30.1286	30.0386	30.2323	30.2046	30.3518	30.3208	30.1952	30.2814	30.2530	30.2186	30.2504	30.2884	30.4699	30.2379	30.3033	30.5579	30.3237	30.2444	30.3847	30.5221	30.4514	30.4896	30.4256	30.6422	30.5811	30.4899	30.5928	30.6709	30.5471	30.4861	30.5750	30.5717	30.7657	30.5871	30.4982	30.6183	30.7482	30.6894	30.7653	30.7395	30.6540	30.7335	30.8185	30.7248	30.7124	30.6038	30.7835	30.6798	30.8125	30.5721	30.5366	30.4168
11.9142	11.0451	11.5477	11.0548	8.6242	8.7137	8.3900	7.5221	6.1831	6.7463	5.5344	4.5914	4.6667	4.3117	4.2383	3.8644	4.1629	3.6480	3.3596	3.4911	3.1401	2.8348	2.5599	2.2439	2.0788	1.6848	1.6128	1.4503	1.5324	1.0089	0.7335	0.8557	0.4927	0.3043	0.2500	0.3461	0.8133	1.2124	1.0450	1.8678	2.9348	3.1265	3.6209	4.2901	5.1430	5.8027	7.1645	8.3108	9.2356	11.1244	12.0665	13.0309	14.3589	15.9759	17.5547	19.4775	21.2640	22.4578	23.2226	24.0850	23.9230	24.8547	25.0482	24.4194	24.6796	24.4859	24.4519	24.1072	23.7894	24.4951	24.1626	23.7471	24.6721	25.1706	23.8824	24.7567	25.5503	26.4678	26.8624	27.4603	30.9949	30.8595	30.8126	30.7691	30.8101	30.7509	30.8129	30.7958	30.6826	30.5839	30.7399	30.6819	30.6172	30.6821	30.7545	30.6780	30.7292	30.7259	30.7210	30.8007	30.7086	30.7228	30.7596	30.5528	30.8631	30.7856	30.7508	30.7051	30.9481	30.8369	30.8907	30.6790	30.5183	30.7594	30.7639	30.6973	30.4380	30.6595	30.5746	30.5547	30.3222	30.3611	30.4149	30.5674	30.2869	30.6664	30.5116	30.6290	30.8410	30.8593	30.6846	30.6779	30.5084	30.5554	30.6558	30.7329	30.6031	30.5257	30.6442	30.4955	30.3127	30.4704	30.5243	30.2787	30.2902	30.5184	30.6063	30.3282	30.3503	30.6453	30.5255	30.4425	30.3241	30.4572	30.4198	30.3585	30.6432	30.6556	30.4882	30.4782	30.5920	30.7054	30.7651	30.4892	30.7115	30.6187	30.5791	30.4251	30.6979	30.3595	30.3919	30.2051	30.4971	30.3646	30.3867	30.2641	30.2935	30.2251	30.2650	30.2129	30.2530	30.0422	30.0366	30.3772	30.5381	30.2187	30.2865	30.3219	30.2252	30.3745	30.3409	30.6066	30.3450	30.4753	30.5153	30.3697	30.2887	30.4930	30.4970	30.5420	30.5071	30.5711	30.6982	30.5704	30.6680	30.5849	30.7365	30.6565	30.5923	30.6119	30.7502	30.8567	30.7970	30.7484	30.8720	30.6448	30.8830	30.7962	30.8269	30.7393	30.8215	30.7688	30.8960	30.6768	30.7957	30.7682	30.7066	30.7446	30.5461	30.6897	30.6214
13.1243	11.8516	11.1461	11.7882	9.1316	9.7310	8.6804	8.5935	7.5178	7.1038	5.9283	5.6104	5.0496	4.1280	4.8553	4.3068	3.9316	4.0853	3.8829	3.1149	3.2100	3.3491	2.9215	2.4619	2.4664	2.2466	1.7948	1.5347	1.7342	1.4456	0.9971	0.9274	0.7799	0.5182	0.3226	0.2500	0.3801	0.9002	1.2833	1.5277	2.3231	3.6833	3.4286	4.1127	4.9202	5.8949	6.5897	8.4864	9.5238	10.7660	12.6060	12.9467	13.7769	15.1408	17.7324	19.6766	20.9745	21.9760	22.7268	24.3157	24.3369	24.9650	25.1641	24.7230	24.6925	24.7409	24.6165	24.1554	24.8854	24.7262	24.4367	24.2056	24.5652	25.2682	24.3845	25.0771	25.6851	26.1731	26.3102	27.6931	31.0627	30.9123	30.7536	30.7696	30.8306	30.7575	30.7369	30.7543	30.6992	30.5272	30.6990	30.6259	30.6704	30.6554	30.7145	30.7649	30.6124	30.7128	30.7977	30.7724	30.8172	30.8979	30.8127	30.7976	30.7298	30.7529	30.7649	30.7699	30.9620	30.8306	30.8259	30.7020	30.7285	30.8432	30.7936	30.8280	30.5572	30.7079	30.7083	30.5914	30.5705	30.5463	30.6352	30.6439	30.4993	30.7475	30.5339	30.7709	30.8673	30.8681	30.7361	30.6674	30.6425	30.7807	30.7929	30.8152	30.6563	30.7488	30.8461	30.6598	30.4790	30.6693	30.8515	30.5256	30.2252	30.5897	30.7712	30.4318	30.5540	30.8269	30.8388	30.2280	30.5306	30.8230	30.6318	30.4222	30.7195	30.8441	30.9028	30.7209	30.6983	31.0357	30.9919	30.7462	30.7977	30.8120	30.8813	30.7589	30.7846	30.5910	30.7128	30.5431	30.5566	30.4846	30.6870	30.7708	30.3618	30.4241	30.5210	30.5558	30.7385	30.3903	30.5004	30.7822	30.8665	30.4327	30.6908	30.6443	30.5375	30.7095	30.5690	30.6420	30.6179	30.6087	30.7107	30.4936	30.5590	30.7088	30.7203	30.5245	30.8345	30.7275	30.8728	30.7176	30.7234	30.7612	30.8746	30.7933	30.7494	30.7962	30.9613	30.9657	30.9270	30.9455	31.0335	30.7118	31.0848	31.0947	30.9778	30.7870	31.1066	31.0589	30.9306	30.8740	30.8693	31.0087	30.8576	30.8961	30.6870	30.7310	30.6693
14.6517	14.5024	13.1181	14.5768	11.5941	11.7641	10.8196	10.2246	9.6075	9.3562	7.2437	6.9866	7.2743	6.0446	5.6375	5.7133	5.5861	4.7948	5.2231	4.6612	4.3109	4.2821	4.0421	3.5675	3.3634	3.2277	2.7907	2.1497	2.2774	2.2192	1.8336	1.2980	1.0038	0.9042	0.7587	0.3221	0.2500	0.4994	1.1776	1.9217	2.1390	2.9141	4.5008	4.7785	5.1973	6.3512	7.0960	7.6942	9.4495	11.0944	11.8593	13.3103	14.1723	15.3309	17.2273	19.3351	20.4496	21.5126	22.1268	23.3126	23.6661	24.3685	23.6970	24.2152	24.1958	24.4845	24.4940	23.7788	23.8592	24.6682	24.2036	24.3388	24.9330	24.9166	23.8220	25.4424	26.6776	25.8827	26.5908	27.8238	30.8416	30.7156	30.6167	30.6009	30.6318	30.5637	30.6626	30.6391	30.5474	30.4315	30.6070	30.5375	30.5719	30.6006	30.6380	30.6129	30.6092	30.5605	30.7273	30.7339	30.6296	30.6368	30.8007	30.5862	30.7611	30.7389	30.4581	30.5905	30.6487	30.5215	30.6249	30.6071	30.4935	30.5793	30.5866	30.5225	30.3802	30.5153	30.4508	30.3707	30.2268	30.4340	30.5046	30.4973	30.2118	30.5509	30.3124	30.4631	30.7844	30.7506	30.6404	30.5752	30.5383	30.6496	30.4773	30.6521	30.6286	30.3291	30.5490	30.5749	30.3849	30.3522	30.5408	30.4500	30.0591	30.6038	30.5129	30.4740	30.1653	30.5808	30.6052	30.3166	30.4486	30.4940	30.4131	30.4341	30.6275	30.6465	30.6203	30.4494	30.5376	30.7254	30.8571	30.5844	30.7369	30.6102	30.6242	30.4074	30.5979	30.3714	30.5019	30.1028	30.2910	30.4485	30.2783	30.5261	30.1423	30.2522	30.3632	30.3282	30.3804	30.3186	30.2663	30.5635	30.4804	30.2929	30.3202	30.3731	30.3566	30.4133	30.3985	30.5711	30.5846	30.4076	30.5695	30.4379	30.4311	30.4784	30.5965	30.6002	30.5127	30.5907	30.6513	30.6917	30.5645	30.5445	30.6865	30.5977	30.6657	30.5683	30.6601	30.8070	30.7104	30.6727	30.8463	30.8135	30.8479	30.8499	30.8051	30.7148	30.8145	30.8543	30.7449	30.7697	30.6935	30.9381	30.8169	30.8165	30.6287	30.5364	30.4891
16.5359	14.7458	14.6844	15.4009	12.5521	12.9083	11.5618	10.8580	9.6287	10.3009	8.6846	7.2128	7.1476	7.1048	6.7239	6.1213	6.3834	6.0715	5.5772	6.2763	5.1311	4.3765	4.9072	4.3299	3.9051	3.6421	3.3030	2.9745	2.7834	2.4109	2.1775	2.3031	1.2939	1.2691	1.0587	0.8708	0.3841	0.2500	0.6124	1.5451	2.5491	2.5305	2.7693	4.5906	4.7242	5.4338	6.1064	7.4846	8.2727	10.3622	11.2055	12.5332	14.1556	15.6260	17.1734	19.4569	21.5843	22.0429	23.1305	23.8811	23.8815	24.8643	25.0038	24.2729	24.3047	24.3772	24.0202	23.9100	23.8529	24.2171	23.6396	23.5642	24.6677	24.6158	23.5961	25.1027	25.9504	26.2027	27.0755	28.7009	31.0600	30.9292	30.8730	30.8496	30.8378	30.7853	30.6984	30.8753	30.6759	30.6081	30.8086	30.6449	30.6632	30.6416	30.7679	30.6835	30.6303	30.7326	30.7252	30.8138	30.7802	30.8048	30.8053	30.7075	30.7963	30.8099	30.7299	30.6258	30.8771	30.7491	30.8550	30.7447	30.6429	30.6576	30.8072	30.7330	30.4963	30.6452	30.5194	30.5713	30.4208	30.4783	30.4105	30.3756	30.2277	30.5918	30.5186	30.5512	30.8543	30.8312	30.7140	30.6326	30.3312	30.6203	30.6728	30.8232	30.5256	30.3904	30.6295	30.4941	30.0205	30.4349	30.4815	30.3175	30.1811	30.4232	30.5596	30.3051	30.1224	30.6609	30.5722	30.2735	30.4628	30.3705	30.3854	30.3565	30.4806	30.6512	30.5371	30.4812	30.5729	30.7366	30.8037	30.5810	30.7030	30.4608	30.5822	30.3791	30.7105	30.5184	30.2671	30.2139	30.4513	30.5177	30.4150	30.1147	30.3495	30.4160	30.4364	30.4133	30.4510	30.4396	30.4426	30.5279	30.5807	30.3776	30.3923	30.3293	30.3894	30.5482	30.3910	30.5881	30.5043	30.4969	30.5688	30.5293	30.4816	30.6107	30.5997	30.6372	30.6643	30.6231	30.7433	30.6400	30.6535	30.6683	30.8120	30.7263	30.6908	30.6868	30.7808	30.8143	30.8332	30.7509	30.8650	30.6852	30.9054	30.7643	30.8170	30.7540	30.7900	30.8416	30.8440	30.7969	30.8406	30.8337	30.8014	30.8130	30.7109	30.6622	30.7142
16.9799	17.4752	16.6653	16.6462	13.6859	14.7955	13.4627	12.0582	11.5925	12.0012	10.0072	9.2666	8.7880	8.4143	9.0386	7.4099	7.5560	8.0870	7.5034	6.9410	6.9181	6.3358	5.3713	5.6872	5.0947	4.8070	4.6490	4.1450	4.0832	3.0193	3.0884	3.2783	2.8367	1.7528	1.4769	1.3046	1.0935	0.5110	0.2500	0.8199	1.9626	2.7833	2.4965	3.5952	5.1980	5.7828	6.3129	7.7227	9.0663	10.2385	11.9040	13.2035	14.6696	16.7972	18.4872	20.4367	21.6047	22.6596	23.6006	24.3747	23.9502	25.0887	25.2317	24.4197	24.8262	24.9222	24.7810	24.4608	24.3606	23.9639	24.2064	23.9851	24.5514	25.0888	24.0385	25.3869	25.4585	26.3069	26.8892	27.6234	30.9699	30.8472	30.8084	30.6738	30.7495	30.7023	30.7510	30.7277	30.6260	30.5286	30.6906	30.6455	30.6000	30.6373	30.7235	30.5656	30.5527	30.6793	30.7244	30.7154	30.6471	30.7819	30.6767	30.6457	30.7825	30.6984	30.5966	30.6035	30.8163	30.6735	30.6595	30.6224	30.5995	30.6587	30.5705	30.6219	30.5486	30.5445	30.6068	30.4686	30.3670	30.4340	30.3454	30.5209	30.3117	30.5952	30.4735	30.4783	30.6814	30.6639	30.5537	30.5642	30.3519	30.5490	30.4530	30.5198	30.4914	30.4472	30.5829	30.5075	30.2285	30.4686	30.6747	30.2863	30.1531	30.5786	30.5261	30.2984	30.4555	30.7190	30.5494	30.2506	30.4511	30.6013	30.4538	30.2985	30.6700	30.5716	30.5373	30.3068	30.5352	30.6618	30.7031	30.5115	30.6816	30.5279	30.5508	30.4133	30.5347	30.3970	30.4473	30.2431	30.3516	30.3169	30.4314	30.3095	30.2366	30.2715	30.5046	30.2015	30.3383	30.2415	30.4447	30.2960	30.5673	30.1453	30.4129	30.3587	30.1827	30.4542	30.3043	30.4962	30.1910	30.3424	30.4799	30.2934	30.4459	30.5510	30.5034	30.3987	30.5875	30.5479	30.6918	30.4635	30.5679	30.5044	30.6645	30.5090	30.4607	30.4875	30.6908	30.6636	30.6240	30.4616	30.8000	30.5972	30.8160	30.7165	30.7361	30.5334	30.7885	30.7446	30.7343	30.6266	30.7045	30.6507	30.7382	30.7601	30.5119	30.6517	30.6110
20.0388	19.1755	18.9584	21.4991	16.8169	17.4553	15.8759	16.3434	14.3922	15.1677	12.3117	12.5256	11.4666	9.8614	10.3200	10.9714	9.4541	9.2586	9.9358	8.0169	8.5839	8.6126	8.0531	6.9126	7.6288	6.8978	5.8829	5.6900	5.1859	5.0132	5.2972	3.8386	3.7738	3.2127	2.2627	2.6473	1.9743	1.3099	0.5313	0.2500	0.9757	2.1058	2.5830	3.1114	3.3869	6.1370	6.4298	6.8298	8.3381	9.6005	10.5353	11.9579	13.4041	15.1990	17.1250	18.9442	20.7096	21.6776	23.0263	23.7956	24.2451	24.8775	24.9532	24.7184	24.4104	24.4241	24.5784	24.0759	24.3202	24.4700	24.4569	24.2900	24.5400	24.9413	24.2684	25.6426	25.7391	26.3163	26.5820	27.8937	30.9815	30.8910	30.8151	30.7553	30.7938	30.6935	30.7461	30.7875	30.6357	30.5502	30.6509	30.6368	30.5899	30.6097	30.6743	30.5105	30.6169	30.6722	30.7174	30.8625	30.7222	30.7745	30.7251	30.7086	30.6739	30.7231	30.5543	30.6489	30.7913	30.6017	30.7179	30.6506	30.5557	30.6422	30.6339	30.6707	30.5455	30.6133	30.5356	30.6291	30.4231	30.4778	30.4861	30.5169	30.3163	30.6354	30.5290	30.5524	30.6885	30.7672	30.6484	30.6028	30.4011	30.4622	30.4490	30.6066	30.3251	30.5124	30.6031	30.4986	30.4379	30.5537	30.5801	30.4782	30.3004	30.7648	30.5421	30.4672	30.2545	30.8238	30.7056	30.4029	30.5321	30.6311	30.5026	30.4649	30.5872	30.6638	30.5906	30.5411	30.6484	30.7021	30.7834	30.6260	30.7243	30.6222	30.6483	30.5269	30.6494	30.4856	30.6668	30.4349	30.4539	30.5559	30.5530	30.6283	30.3409	30.4350	30.6317	30.6200	30.5640	30.3730	30.4572	30.6415	30.6019	30.4131	30.4861	30.4673	30.5984	30.6361	30.5586	30.7090	30.5889	30.5872	30.5571	30.6834	30.5773	30.6092	30.6230	30.5511	30.5959	30.7599	30.7613	30.6365	30.7415	30.7162	30.8123	30.5864	30.6942	30.6445	30.7563	30.6967	30.7639	30.7060	30.8662	30.7078	30.8823	30.8951	30.7768	30.7336	30.9251	30.9742	30.8489	30.8913	30.8424	30.9579	30.9541	30.9254	30.8054	30.7412	30.6731
21.7479	21.2703	20.2588	21.4918	18.8551	19.5714	18.5318	17.4773	17.2008	16.4982	14.4706	13.4184	14.6394	13.2737	12.6674	11.8744	12.9190	11.4119	10.4850	11.2294	11.4398	10.3740	10.6918	9.8616	8.7035	8.4496	7.6725	7.3105	7.0034	6.0363	5.9029	4.3104	4.3914	4.5798	4.0049	3.0521	2.7903	2.3973	1.5519	0.7330	0.2500	1.0468	1.9496	3.2524	3.5513	4.2827	5.8729	6.5597	7.8437	8.8420	9.9982	10.9087	12.4746	14.2455	16.4910	18.7119	20.0506	21.0925	22.3884	23.1167	22.9604	24.2777	24.0788	24.1374	23.6234	24.8156	23.9625	23.7748	24.1149	23.5948	24.1489	24.0005	24.5643	24.4116	24.1596	25.3080	25.6664	26.0227	26.9391	27.9604	31.0200	30.9883	30.8888	30.7194	30.7765	30.7324	30.8221	30.8204	30.6569	30.6095	30.8008	30.6450	30.5771	30.7053	30.7599	30.5308	30.6564	30.7210	30.7035	30.8022	30.7004	30.7932	30.7615	30.6794	30.8179	30.8300	30.6352	30.6108	30.7952	30.7349	30.7848	30.7880	30.6491	30.6855	30.6957	30.7066	30.5111	30.6392	30.5235	30.6170	30.4749	30.4877	30.4547	30.4794	30.2384	30.6148	30.4007	30.4688	30.7448	30.7273	30.6151	30.5189	30.3295	30.5893	30.5927	30.7568	30.3740	30.5055	30.6683	30.5832	30.2163	30.4265	30.5654	30.4620	30.2089	30.4695	30.5649	30.3035	30.1308	30.6123	30.5881	30.3713	30.3752	30.4213	30.5804	30.5042	30.4185	30.6892	30.6703	30.5175	30.6073	30.7000	30.8876	30.5825	30.5931	30.6118	30.6478	30.4260	30.5959	30.5729	30.4979	30.3443	30.3505	30.4907	30.4650	30.2476	30.3795	30.4446	30.3256	30.3890	30.3691	30.4606	30.5217	30.4541	30.5503	30.3389	30.4670	30.3432	30.4579	30.5792	30.4271	30.6149	30.5424	30.5350	30.4616	30.5093	30.5687	30.5310	30.5127	30.6309	30.6557	30.5505	30.6839	30.5695	30.6360	30.5997	30.7389	30.7221	30.6191	30.5772	30.7865	30.7694	30.7360	30.6070	30.7279	30.7168	30.7624	30.8060	30.8116	30.7096	30.7614	30.7422	30.7634	30.7675	30.8423	30.8091	30.7791	30.7834	30.7292	30.6720	30.6670
22.8864	22.9309	22.0230	23.0753	20.7566	21.1322	19.9517	19.5274	18.4600	18.8111	16.7928	16.2051	15.8176	15.4412	15.4210	14.5190	13.5630	14.4864	13.2040	13.1319	13.5031	11.8237	11.9752	13.3124	11.4123	9.3935	9.7306	8.8119	7.5312	7.5850	7.2840	6.3693	4.5885	5.3768	5.3399	4.1935	4.1495	3.3824	2.6870	2.0069	0.7622	0.2500	0.9499	2.4192	3.6437	3.5269	4.0202	6.7986	7.6101	7.7235	8.4819	10.5765	11.9261	13.7319	15.8054	18.6728	20.8562	21.6918	23.0425	23.6435	23.4789	24.5017	24.6461	24.2070	24.3521	24.4367	24.2373	24.0195	24.0863	24.2254	24.0218	24.1147	24.4053	24.7657	23.9276	25.4489	26.1449	26.1920	26.9879	27.8812	31.0763	30.9793	30.9314	30.7571	30.8140	30.7275	30.7876	30.8449	30.6204	30.5775	30.6287	30.5498	30.6122	30.5913	30.7012	30.6365	30.6044	30.6923	30.6910	30.7619	30.7416	30.7701	30.8134	30.6783	30.8475	30.8595	30.6887	30.6734	30.8382	30.7629	30.8302	30.6863	30.6855	30.6961	30.5860	30.7432	30.6373	30.6857	30.7130	30.6697	30.4580	30.4967	30.4801	30.6420	30.4740	30.7554	30.5193	30.5941	30.7592	30.8191	30.6867	30.6351	30.4863	30.5712	30.6125	30.7906	30.5927	30.5964	30.6674	30.6240	30.3352	30.4423	30.6095	30.4510	30.3256	30.5168	30.5715	30.4239	30.1728	30.5791	30.6260	30.3907	30.5431	30.6336	30.5745	30.5593	30.6407	30.6103	30.7029	30.5975	30.6770	30.7739	30.8863	30.6933	30.7167	30.6742	30.6600	30.4600	30.7172	30.6270	30.5562	30.4589	30.5886	30.4994	30.4944	30.4592	30.5334	30.4737	30.3886	30.5616	30.4993	30.4868	30.5943	30.4922	30.5334	30.5151	30.4634	30.4125	30.4689	30.6160	30.4510	30.7384	30.5520	30.6033	30.5739	30.5686	30.6279	30.5998	30.5758	30.6282	30.6799	30.6503	30.7847	30.7093	30.7465	30.6514	30.7535	30.7227	30.6725	30.6693	30.7271	30.8239	30.8936	30.7114	30.8692	30.8449	30.9541	30.7829	30.8469	30.7809	30.8349	30.7632	30.8248	30.8262	30.8322	30.9126	30.8501	30.8688	30.8215	30.7356	30.8173
24.4998	23.7377	23.9563	24.6304	21.4749	22.9043	20.8287	20.8827	20.2470	21.1779	18.4716	18.3681	17.7321	16.7405	17.5447	17.2435	15.2917	15.9048	16.1308	13.5922	14.6745	14.3919	12.6950	13.9266	13.0710	11.9174	10.5197	11.2547	9.4795	8.4374	8.5883	8.0392	6.6492	5.2347	5.8162	6.1664	4.9187	3.8203	3.4544	2.8964	1.5749	0.7570	0.2500	0.9965	2.9711	3.3044	3.6381	4.5670	7.3808	8.0396	8.7712	9.6747	11.7798	13.1625	15.4088	17.5821	19.8106	21.1462	22.5836	23.1438	23.5158	24.6453	24.7120	24.3097	24.1959	24.9314	24.6174	24.1453	24.2351	24.0249	24.1917	23.9497	24.4936	24.6056	23.6412	25.0592	25.5902	25.8573	26.7330	27.6012	30.9917	30.9662	30.7703	30.7058	30.7500	30.7020	30.6638	30.7045	30.6401	30.4279	30.4726	30.5457	30.4617	30.5217	30.5957	30.4856	30.5952	30.6249	30.6902	30.7884	30.6697	30.6914	30.6009	30.6161	30.6886	30.7318	30.5813	30.6441	30.6959	30.6330	30.7167	30.6108	30.6206	30.6415	30.6345	30.6740	30.5338	30.6394	30.5604	30.5737	30.4663	30.4408	30.5116	30.6019	30.4763	30.7386	30.4960	30.5768	30.6693	30.7433	30.6391	30.5658	30.5326	30.5662	30.4628	30.6829	30.5658	30.5078	30.5624	30.5710	30.3571	30.3536	30.5333	30.4541	30.2320	30.4876	30.4251	30.3954	30.2804	30.5774	30.5279	30.2959	30.4989	30.4842	30.4551	30.4477	30.5264	30.6753	30.6602	30.5261	30.5841	30.6680	30.7079	30.5387	30.6210	30.6140	30.4225	30.2543	30.5031	30.4054	30.4314	30.3523	30.4457	30.3589	30.4462	30.2194	30.3759	30.3127	30.3750	30.4885	30.4216	30.2007	30.3974	30.4699	30.3974	30.3565	30.5242	30.4245	30.3601	30.3572	30.4097	30.6242	30.4674	30.5321	30.5219	30.5152	30.5620	30.4721	30.5207	30.6223	30.6176	30.5902	30.6824	30.5701	30.7104	30.6319	30.7427	30.6891	30.6492	30.6011	30.6001	30.7182	30.8131	30.6191	30.7944	30.7191	30.8651	30.7665	30.7558	30.8049	30.7868	30.7809	30.8634	30.7824	30.8644	30.8486	30.8812	30.8781	30.8223	30.7345	30.8560
25.4778	24.4485	24.4225	24.7297	23.1973	23.5811	22.5918	21.2649	21.0484	22.1682	20.2327	19.5163	19.4614	18.6665	17.9443	17.9652	17.5260	16.0674	15.7325	15.8166	14.4549	14.7630	14.9351	13.6667	14.2801	13.0673	12.8290	12.1659	11.3717	10.3123	9.5423	9.2728	8.1435	7.8077	5.6218	6.2231	6.3082	4.7387	4.1930	3.9124	2.5994	2.0537	0.8107	0.2500	0.9871	2.4191	3.8587	4.7341	4.6228	7.4949	8.4146	8.8608	10.3422	11.9570	14.2963	16.7968	18.5218	19.9607	21.6396	22.5405	22.9737	23.9166	23.8475	23.7547	24.0843	24.8579	24.4984	24.1299	24.4295	24.2772	24.6547	24.3898	24.8605	25.1152	24.4934	25.2449	25.8199	26.2499	26.4061	27.2414	30.8301	30.7503	30.6465	30.5448	30.5903	30.5165	30.5930	30.5814	30.5284	30.2677	30.5081	30.4236	30.4844	30.5018	30.5268	30.4171	30.5055	30.5478	30.6442	30.6430	30.4792	30.5589	30.4624	30.5205	30.5542	30.5295	30.3826	30.4424	30.5689	30.5443	30.5243	30.5304	30.4752	30.4250	30.4444	30.5298	30.4297	30.4691	30.4562	30.4158	30.2410	30.2390	30.2346	30.4429	30.3275	30.5122	30.3160	30.3935	30.4201	30.5836	30.4699	30.3613	30.2400	30.4642	30.2117	30.5701	30.3815	30.2471	30.3708	30.4225	30.1096	30.1911	30.3768	30.2433	30.0546	30.3294	30.3899	30.1963	30.0966	30.3436	30.3996	30.3023	30.2332	30.2460	30.2844	30.2854	30.3571	30.4646	30.4111	30.2834	30.3248	30.5097	30.5619	30.4252	30.4072	30.4561	30.4447	30.2152	30.4601	30.1811	30.3412	30.1083	30.2975	30.3431	30.3345	30.1656	30.3230	30.4051	30.2746	30.2893	30.2481	30.3255	30.3590	30.3045	30.2663	30.3182	30.3192	30.2295	30.4185	30.4737	30.2741	30.5423	30.4304	30.4444	30.4249	30.4077	30.4671	30.3924	30.4365	30.4401	30.4148	30.4494	30.6082	30.5140	30.5660	30.4381	30.6753	30.5193	30.5138	30.4198	30.5164	30.6010	30.6636	30.4017	30.5979	30.6464	30.8327	30.6453	30.6658	30.6182	30.6861	30.6659	30.6845	30.6963	30.7259	30.7295	30.7412	30.7406	30.7378	30.6883	30.5858
26.0483	25.7155	25.8830	26.0689	25.0206	25.3433	23.9266	23.6143	23.1815	23.4248	21.7983	21.9736	21.9827	20.8715	20.5298	19.9291	20.5865	18.9223	17.2113	18.1207	17.3999	15.6083	16.6176	16.6326	14.1861	14.3165	13.8352	13.6146	11.8253	12.0248	11.1975	10.2104	9.8271	8.6638	7.5258	7.7148	6.3306	6.6916	5.1209	4.3498	4.0582	3.3056	1.9487	0.7161	0.2500	1.1422	2.3661	4.2555	4.9323	5.3196	8.1770	8.9546	9.6380	10.9107	12.9872	16.0067	17.9149	19.3315	21.0908	22.5358	22.2920	23.4638	23.0880	23.1465	23.4098	24.0441	23.3576	23.7963	23.8282	23.8458	23.9211	23.9270	24.5906	24.3552	24.1518	24.9265	25.1267	25.7268	26.0060	26.3913	30.9433	30.8575	30.7814	30.6454	30.6196	30.5606	30.6402	30.6244	30.4489	30.3568	30.5068	30.4398	30.4520	30.5450	30.6374	30.4499	30.5619	30.6087	30.5387	30.5721	30.5383	30.6193	30.7213	30.6272	30.7276	30.7191	30.5509	30.6190	30.6894	30.6295	30.7523	30.6938	30.6110	30.6184	30.6887	30.6819	30.6500	30.6202	30.6848	30.6084	30.4584	30.4099	30.5027	30.5725	30.4409	30.6943	30.3718	30.4411	30.6390	30.7532	30.6433	30.5811	30.4408	30.5290	30.5010	30.7026	30.5634	30.3360	30.4683	30.5757	30.2255	30.2718	30.4862	30.3046	30.2353	30.2619	30.4222	30.2935	29.9744	30.4660	30.3951	30.2728	30.3544	30.3034	30.5098	30.3416	30.4555	30.5799	30.5278	30.4214	30.5146	30.7049	30.7391	30.4911	30.5675	30.5936	30.5219	30.2896	30.5311	30.4457	30.3875	30.2770	30.3835	30.4980	30.3887	30.2204	30.3415	30.3216	30.2525	30.4466	30.3544	30.3694	30.3446	30.3111	30.4067	30.2884	30.2875	30.0937	30.2887	30.3082	30.1471	30.5811	30.2531	30.3194	30.3555	30.3536	30.3476	30.3680	30.3032	30.5452	30.4569	30.4061	30.6151	30.5330	30.5708	30.2773	30.6760	30.6142	30.5348	30.4581	30.5735	30.7328	30.7697	30.4294	30.6727	30.7215	30.7529	30.7245	30.7522	30.7823	30.6758	30.6052	30.7780	30.6962	30.8117	30.8141	30.7905	30.8196	30.7356	30.6278	30.7249
27.9753	27.6805	27.6970	27.5802	26.3091	26.9470	26.0353	25.2603	25.2793	25.8815	23.7061	24.3610	24.3623	23.8285	23.3113	23.0321	22.4154	22.0719	21.8526	21.1838	21.6013	20.4688	19.3856	20.0917	18.5205	17.4668	17.9638	16.7791	16.5113	15.1570	14.7427	12.8126	12.4597	11.2546	10.3378	8.8296	9.0912	7.7494	8.4325	6.0854	4.9640	4.7480	3.6559	2.2213	0.8996	0.2500	1.0410	3.7007	4.7682	5.5788	5.7092	8.4530	9.8078	10.9197	12.5519	15.5810	17.6045	19.2942	20.8708	21.9743	22.4976	23.4596	23.7163	23.6563	23.7855	24.4720	24.3726	24.1655	24.5395	24.8189	24.7980	24.4658	25.2270	25.3765	24.8148	25.7300	26.3453	26.4784	27.0960	27.4223	30.9764	30.9343	30.8124	30.7191	30.7052	30.6184	30.6836	30.7284	30.5404	30.5154	30.6687	30.5911	30.4817	30.5083	30.5864	30.5188	30.5465	30.6482	30.6323	30.7653	30.6604	30.6722	30.6560	30.5974	30.7433	30.6778	30.4868	30.5536	30.7264	30.6821	30.7388	30.6246	30.6163	30.6257	30.6727	30.6988	30.6419	30.6357	30.6788	30.5754	30.4077	30.5584	30.5755	30.6436	30.5449	30.6998	30.4976	30.6094	30.6816	30.7692	30.7010	30.6189	30.5361	30.5938	30.5765	30.7222	30.5590	30.4256	30.5920	30.5456	30.2864	30.3035	30.4557	30.4159	30.0351	30.4196	30.4743	30.3103	30.1408	30.5205	30.4847	30.2476	30.4242	30.5332	30.3476	30.2082	30.4845	30.5594	30.6476	30.4442	30.4928	30.7251	30.7343	30.4818	30.6375	30.6461	30.5241	30.3894	30.5599	30.4916	30.4562	30.2780	30.5033	30.4352	30.4093	30.3432	30.3402	30.4190	30.3824	30.4290	30.3737	30.4110	30.4063	30.5078	30.4459	30.4029	30.3050	30.3228	30.2721	30.5069	30.3876	30.6386	30.4031	30.4346	30.5225	30.4784	30.4930	30.4642	30.5555	30.5839	30.6222	30.5621	30.6532	30.5875	30.6788	30.6003	30.7169	30.6624	30.5900	30.5519	30.6774	30.7744	30.8155	30.6684	30.8212	30.7351	30.9046	30.8673	30.8248	30.8641	30.8398	30.8187	30.7480	30.8056	30.8274	30.9091	30.8489	30.9193	30.8898	30.6569	30.8550
29.6169	28.8234	28.8581	28.9197	27.8203	28.0495	28.3468	27.3908	27.7091	26.9377	26.6797	26.5223	26.0875	26.1265	25.4659	25.6974	25.4005	24.8741	24.0830	23.5708	23.8825	24.0765	22.3028	21.7928	21.4872	20.8798	18.6504	19.7586	18.9164	17.2777	17.1649	16.2878	15.0133	14.4706	13.3376	12.8233	11.7641	9.7679	9.8168	9.3709	6.3637	5.2087	4.9067	4.6872	3.2092	1.2311	0.2500	1.3325	2.8788	4.1992	4.8381	5.4623	8.5640	10.0729	11.4726	13.9584	16.1254	17.9291	20.3508	20.8108	22.1056	23.0522	23.2643	23.3474	23.5850	24.6000	24.6476	24.2394	24.9274	25.5151	24.9554	24.7131	25.7638	25.5006	25.5518	26.2452	26.5577	26.9301	27.4658	27.8643	30.9378	30.8997	30.8507	30.6466	30.6460	30.6483	30.6478	30.6668	30.4881	30.3709	30.5629	30.5705	30.5044	30.5454	30.4918	30.4820	30.5524	30.6919	30.6594	30.7168	30.6186	30.6885	30.6922	30.6732	30.6743	30.5682	30.5613	30.6738	30.7084	30.7546	30.7512	30.7613	30.6428	30.5853	30.6034	30.6791	30.5923	30.6477	30.6075	30.5890	30.5329	30.5500	30.5699	30.6318	30.5442	30.6515	30.5415	30.6217	30.6020	30.7138	30.5705	30.6146	30.5093	30.6567	30.5407	30.6809	30.4806	30.4736	30.5146	30.5668	30.2462	30.4217	30.5293	30.3043	30.3162	30.3395	30.4564	30.3598	30.3008	30.4697	30.5699	30.3016	30.3990	30.5147	30.5259	30.2923	30.5167	30.5552	30.6321	30.5187	30.5628	30.6753	30.6353	30.4903	30.5553	30.5790	30.5354	30.2784	30.4393	30.5066	30.2855	30.3038	30.4818	30.4725	30.3977	30.3323	30.4179	30.4604	30.2469	30.4681	30.5000	30.4445	30.4079	30.4494	30.4378	30.3281	30.3908	30.3251	30.3038	30.4347	30.2230	30.6619	30.3787	30.4648	30.4198	30.4528	30.3613	30.3678	30.4748	30.5447	30.5642	30.4327	30.5635	30.6068	30.6057	30.3704	30.6671	30.6061	30.5987	30.4886	30.6188	30.7378	30.7614	30.5853	30.7086	30.7181	30.7573	30.8027	30.7511	30.8170	30.7526	30.6120	30.7957	30.7656	30.6900	30.7968	30.8348	30.7969	30.8305	30.7150	30.8079
29.2028	28.4575	28.8617	28.8933	27.7171	28.0906	27.2872	27.0581	26.5245	26.7705	25.1520	25.7794	24.7634	24.9281	24.4386	24.3523	24.4920	23.7189	22.3810	21.9241	22.3099	21.7319	20.8442	20.6048	19.9721	19.1935	18.3801	18.3799	18.7447	17.3985	16.8813	15.2334	15.5699	14.1380	13.0139	12.2151	11.4367	9.7665	8.9753	8.4756	7.6343	6.3529	5.8191	4.9044	4.2400	2.7488	0.8546	0.2500	1.3350	3.1243	4.4263	4.9624	6.1472	8.1950	10.5088	13.3545	15.4069	17.3594	19.4124	20.6391	21.0845	22.1919	22.6629	22.9748	22.9545	23.9977	23.8048	23.8813	24.1918	24.8194	24.8715	24.8344	25.4518	25.1154	25.4046	26.3276	26.5198	27.2625	27.3215	27.3804	30.8637	30.8184	30.7346	30.5767	30.5673	30.5463	30.5105	30.5284	30.3650	30.3760	30.5137	30.4536	30.3992	30.4577	30.5321	30.4646	30.5012	30.5129	30.5885	30.5767	30.6246	30.5914	30.7619	30.5402	30.7015	30.7618	30.6194	30.6311	30.7285	30.6437	30.7557	30.6907	30.6185	30.6561	30.6449	30.6539	30.6300	30.6587	30.6412	30.6000	30.4820	30.5319	30.6219	30.5792	30.4897	30.7221	30.5204	30.5470	30.7094	30.6821	30.5973	30.5680	30.3909	30.5656	30.5854	30.6600	30.4399	30.4306	30.4525	30.5656	30.1773	30.2667	30.5029	30.2918	30.2335	30.2909	30.4594	30.3256	30.0640	30.4035	30.3991	30.2737	30.4236	30.3978	30.4698	30.4044	30.3938	30.6079	30.6655	30.5136	30.4980	30.6426	30.6198	30.4499	30.5406	30.6041	30.5402	30.2418	30.5166	30.5020	30.4402	30.2681	30.5661	30.3176	30.4134	30.2346	30.4268	30.3303	30.1949	30.4154	30.5159	30.3883	30.3626	30.3349	30.4005	30.3125	30.2123	30.1061	30.3533	30.3803	30.2613	30.5268	30.3409	30.3212	30.3352	30.4069	30.4604	30.2778	30.4064	30.4852	30.4809	30.4138	30.5651	30.5340	30.5363	30.3943	30.6751	30.6500	30.5369	30.4356	30.6117	30.7599	30.6465	30.5175	30.6840	30.6817	30.6925	30.7981	30.8116	30.7983	30.7081	30.6549	30.8305	30.6839	30.7645	30.8219	30.7230	30.8101	30.7132	30.7247	30.5617
29.2327	28.6406	28.3935	28.9930	27.8842	28.2220	27.8312	27.4865	27.3667	27.2349	25.7885	26.1163	25.5743	26.0726	25.1546	25.5066	25.0915	24.5220	24.3145	23.6673	23.2159	22.7301	23.0168	22.2992	21.1319	20.4527	19.5718	19.8924	17.6140	18.6772	17.7611	15.4289	14.7455	14.9851	12.9975	12.4957	12.0349	10.9097	9.8758	7.2424	7.9053	7.4776	5.8673	4.8158	5.5307	4.1846	1.9300	0.9841	0.2500	1.1848	3.5856	4.6597	5.6750	7.0989	8.9926	11.9949	13.8007	15.8372	18.0597	19.5001	19.9620	20.8825	22.0272	21.7573	22.8256	23.3971	23.0396	23.3899	23.8678	24.1921	24.1556	24.5976	25.1829	24.9787	25.1368	25.6810	26.1340	26.9553	27.2062	26.7656	30.8505	30.7890	30.6610	30.6290	30.5937	30.6441	30.5994	30.5799	30.4435	30.4443	30.5788	30.4598	30.4451	30.5505	30.5414	30.4863	30.5146	30.5771	30.6292	30.6529	30.5256	30.7052	30.6993	30.6688	30.7106	30.6393	30.5962	30.7030	30.6622	30.6668	30.6980	30.6755	30.6878	30.6203	30.6491	30.7134	30.6245	30.6387	30.7132	30.5137	30.5210	30.4891	30.5533	30.5896	30.4441	30.6907	30.4998	30.6455	30.6933	30.7552	30.6352	30.6128	30.4967	30.6207	30.5137	30.6103	30.4918	30.4419	30.4817	30.5496	30.1973	30.2722	30.4570	30.2545	30.0976	30.2729	30.3634	30.2603	30.1959	30.3922	30.4594	30.1004	30.2699	30.2878	30.3728	30.2084	30.2934	30.5277	30.4783	30.3579	30.4059	30.6445	30.4934	30.4219	30.4348	30.4835	30.4584	30.2055	30.4229	30.3907	30.2696	30.1698	30.3432	30.2602	30.2159	30.1600	30.2840	30.2500	30.2808	30.3103	30.4235	30.3087	30.3011	30.3625	30.2879	30.1698	30.1939	30.1521	30.2250	30.2577	30.0937	30.3826	30.2342	30.1668	30.2323	30.2929	30.3423	30.1146	30.2944	30.4004	30.4414	30.2794	30.5105	30.4310	30.4820	30.4583	30.5671	30.4970	30.5245	30.3887	30.6162	30.7021	30.6383	30.4343	30.6572	30.7406	30.7935	30.7743	30.7481	30.8258	30.7054	30.6740	30.7435	30.7114	30.7886	30.8265	30.8226	30.8866	30.8374	30.7984	30.8561
29.7042	29.3401	29.4366	29.3357	28.8488	28.8732	28.9624	28.3647	27.9452	28.2532	26.9292	26.9522	26.6177	26.5132	25.9832	25.7864	25.6670	25.0836	24.7288	23.8570	23.6525	23.2061	22.3451	22.0147	21.8995	20.1976	19.6552	20.2991	19.1148	19.0422	19.1547	16.8475	15.9368	15.7139	15.3570	13.2393	12.8569	13.2105	12.2017	9.6656	9.1613	9.0467	8.4162	6.7624	6.0727	5.9829	4.0779	2.8923	1.1706	0.2500	1.3888	2.9421	5.2052	6.3152	7.8684	10.7008	12.9018	14.9174	17.0578	18.4840	20.3109	20.9913	21.6487	21.9688	22.9697	23.7178	23.3013	23.3014	24.0453	24.4727	24.3738	24.5320	25.5457	25.5868	25.6055	25.9424	26.5035	27.2891	27.0290	27.7142	30.9143	30.8550	30.6874	30.6083	30.6359	30.5070	30.5914	30.6210	30.4903	30.3226	30.5494	30.4717	30.3700	30.4293	30.5105	30.5433	30.4829	30.5926	30.5200	30.6769	30.6723	30.6324	30.7913	30.7025	30.7483	30.7245	30.5806	30.7185	30.8235	30.7477	30.7435	30.6690	30.6872	30.7462	30.7103	30.6746	30.5901	30.7119	30.6913	30.5622	30.5513	30.5817	30.6336	30.6544	30.5717	30.7296	30.6227	30.7434	30.7160	30.8183	30.6949	30.6266	30.5620	30.5477	30.5904	30.6475	30.5692	30.4897	30.5395	30.4999	30.1835	30.2503	30.4061	30.2197	30.2477	30.2626	30.3137	30.1771	30.1846	30.3858	30.5535	30.2365	30.3732	30.3748	30.4208	30.2251	30.3603	30.5387	30.5338	30.4207	30.4912	30.5792	30.6096	30.2945	30.4746	30.5290	30.3513	30.2782	30.4959	30.3929	30.2835	30.2153	30.4501	30.3552	30.2907	30.2440	30.2305	30.2624	30.2299	30.4620	30.5113	30.3047	30.1978	30.3296	30.4575	30.1906	30.2673	30.1982	30.2176	30.2784	30.2046	30.4721	30.2708	30.2634	30.3228	30.3232	30.3034	30.2349	30.3329	30.4313	30.3347	30.4082	30.5303	30.4549	30.5254	30.4310	30.5722	30.5860	30.4833	30.4464	30.7708	30.6545	30.6763	30.5638	30.6868	30.6599	30.8682	30.7767	30.8026	30.7700	30.8005	30.7204	30.8659	30.7574	30.8347	30.8847	30.8145	30.8821	30.8329	30.8177	30.6928
29.5949	28.9304	29.0034	28.8453	27.8980	28.4415	28.1522	27.6159	27.8531	27.7832	26.4795	26.5799	26.2553	26.1912	26.0087	25.6851	25.2150	24.7946	24.2891	23.7470	24.0676	22.8430	22.3607	21.9791	21.2839	20.0300	20.2384	19.6877	18.5404	18.5664	18.3945	16.9380	15.5787	15.9464	14.6571	14.4518	13.5297	13.4786	12.7738	11.4441	10.3490	8.3197	8.6754	7.6571	6.7192	5.7754	6.0672	4.5716	2.5882	1.2643	0.2500	1.3602	4.0037	6.0531	7.5301	10.3243	12.5189	14.7556	17.1306	18.2614	19.6158	20.7535	21.8112	21.6734	23.0690	23.7047	23.3630	23.7645	24.5771	24.4806	24.2919	24.9618	25.3992	25.3056	25.7997	26.5703	25.7681	27.1400	27.6478	27.2424	30.8289	30.7253	30.6419	30.5956	30.5748	30.5319	30.6003	30.5638	30.4480	30.3629	30.4824	30.4295	30.4234	30.5160	30.5250	30.4758	30.5132	30.5245	30.5855	30.5789	30.5618	30.6342	30.6135	30.5505	30.6949	30.6001	30.5491	30.5823	30.6471	30.6960	30.6195	30.6057	30.6324	30.6072	30.6555	30.5811	30.5260	30.6522	30.6423	30.4941	30.4958	30.3998	30.5898	30.5893	30.3713	30.6681	30.5546	30.5638	30.5760	30.6850	30.6052	30.6291	30.3305	30.5762	30.5253	30.5899	30.4531	30.4297	30.4283	30.4466	30.0245	30.2801	30.4133	30.1454	30.0868	30.2296	30.3682	30.1747	30.1104	30.3354	30.4746	30.1021	30.2060	30.2781	30.4022	30.0562	30.2996	30.5621	30.5839	30.3391	30.3587	30.5754	30.6517	30.3390	30.3810	30.5164	30.3920	30.1534	30.3797	30.3569	30.2528	30.0962	30.4184	30.1974	30.2496	30.1419	30.2092	30.2830	30.1541	30.3324	30.3999	30.2596	30.2307	30.2403	30.2637	30.1616	30.1632	30.0573	30.1409	30.2688	30.0921	30.3120	30.2877	30.1858	30.1415	30.3282	30.3402	30.2363	30.2927	30.3740	30.4034	30.3239	30.4174	30.4248	30.4108	30.3639	30.5708	30.5014	30.4201	30.3633	30.5337	30.5491	30.5732	30.4623	30.5984	30.6833	30.6565	30.6974	30.7301	30.6994	30.6535	30.6645	30.7223	30.6187	30.7153	30.7843	30.7907	30.8529	30.8632	30.8026	30.8235
29.8925	29.5520	29.6494	29.6604	29.0911	29.3059	29.1456	29.0114	28.6571	28.7781	27.6514	28.0562	27.4559	27.1851	27.4620	26.6454	26.4057	26.4786	25.9062	24.8696	25.1804	25.0287	24.3236	23.8234	22.8909	22.3408	22.4366	22.0378	21.3371	21.2057	20.8737	18.8252	18.3486	18.1137	17.1568	15.8807	15.4653	15.1458	14.3674	12.6271	12.2089	10.5053	9.1517	8.9627	9.3329	7.7666	6.0770	6.3989	5.2361	3.1891	1.2694	0.2500	1.6593	3.6879	7.0470	9.2119	10.6886	12.9891	15.2095	16.3512	17.8527	19.2543	20.1788	20.4324	21.6079	22.4214	22.6802	23.0045	23.9837	24.0926	24.2577	24.4791	25.2153	25.4901	25.3468	26.1132	26.3260	26.8704	27.3619	27.6011	30.9035	30.8002	30.7013	30.6222	30.6445	30.5042	30.5892	30.6686	30.4268	30.3373	30.4279	30.4605	30.3653	30.4754	30.5124	30.4517	30.4735	30.5285	30.4954	30.5614	30.6311	30.5352	30.7678	30.5943	30.7431	30.7376	30.6546	30.7140	30.6954	30.7331	30.7477	30.6454	30.5665	30.6311	30.7179	30.6789	30.5542	30.6651	30.6307	30.5778	30.4968	30.5348	30.6541	30.6009	30.5042	30.6729	30.5643	30.6314	30.7070	30.7951	30.6569	30.6530	30.4489	30.6000	30.5824	30.7151	30.5565	30.4369	30.4559	30.4758	30.1134	30.2093	30.4017	30.3431	30.1510	30.3440	30.3765	30.3331	30.1653	30.4557	30.5164	30.2666	30.3057	30.4191	30.4801	30.4006	30.3700	30.5173	30.6990	30.4765	30.5297	30.7080	30.8025	30.4905	30.4868	30.6886	30.6004	30.2514	30.5223	30.5846	30.2629	30.2679	30.5568	30.4817	30.3142	30.2011	30.2989	30.3711	30.2739	30.3922	30.4972	30.3351	30.3320	30.3401	30.4314	30.3829	30.2729	30.1108	30.2643	30.2743	30.1339	30.4735	30.2852	30.3299	30.2844	30.3892	30.4528	30.2715	30.2622	30.4899	30.4093	30.3686	30.5166	30.3501	30.5335	30.3997	30.6269	30.5974	30.5785	30.4298	30.6272	30.7499	30.7009	30.5180	30.7036	30.7587	30.7790	30.7747	30.8163	30.8644	30.7754	30.7578	30.8535	30.8056	30.8535	30.9371	30.9188	30.8691	30.8728	30.8366	30.8539
30.3583	30.2455	30.0988	30.1576	29.5204	30.0222	29.6966	29.5126	29.4165	29.2226	28.8724	28.7765	28.5770	28.4608	28.3841	28.1137	27.9263	27.8435	27.3404	26.9143	27.0648	26.8545	26.4623	26.1226	25.3113	24.6999	24.4139	24.2752	23.4415	23.7502	22.8638	21.7845	21.0292	21.2223	19.5619	18.9749	18.3834	18.1298	17.1830	16.1103	14.9942	13.9949	12.1436	10.5008	10.4238	10.0948	8.2652	6.9988	6.9528	5.7343	3.3611	1.4090	0.2500	1.6995	4.0346	7.9958	8.7919	10.8061	13.8058	15.2719	16.6943	18.1037	19.0582	19.8735	21.3697	21.9908	22.2566	23.0092	23.6512	24.3167	24.1693	24.2546	25.4924	25.4180	25.0035	26.8115	26.8732	27.0701	27.4827	27.8110	30.8476	30.9011	30.6742	30.6238	30.6354	30.5269	30.5577	30.6322	30.5214	30.3808	30.4780	30.4324	30.3926	30.4439	30.4945	30.4299	30.5181	30.5990	30.5763	30.6211	30.5627	30.6354	30.6492	30.6248	30.6976	30.6884	30.5930	30.6475	30.6556	30.6394	30.6703	30.6355	30.6723	30.5654	30.6520	30.6612	30.6170	30.6550	30.6783	30.5345	30.4208	30.5200	30.5787	30.5758	30.5151	30.6214	30.5629	30.6384	30.7005	30.7260	30.6856	30.5231	30.4727	30.5582	30.4571	30.6427	30.5233	30.3770	30.4400	30.4736	30.2099	30.2780	30.3876	30.3110	30.0632	30.3564	30.3970	30.3603	30.1859	30.4227	30.4816	30.1577	30.2355	30.3788	30.2021	30.2746	30.3269	30.4194	30.5832	30.3317	30.3775	30.5526	30.5639	30.2644	30.4063	30.5699	30.4210	30.2006	30.3878	30.2875	30.2836	30.0992	30.3800	30.3787	30.2831	30.1159	30.2486	30.2172	30.2149	30.2213	30.3025	30.2325	30.2338	30.2028	30.1650	30.1287	30.1410	30.1328	30.1725	30.2054	30.1777	30.3775	30.2451	30.2292	30.2408	30.3257	30.3557	30.2664	30.3431	30.3706	30.3622	30.3432	30.4617	30.4045	30.4560	30.3734	30.6154	30.5556	30.3807	30.3922	30.4815	30.6631	30.6545	30.5055	30.6354	30.6866	30.7167	30.7353	30.8136	30.7159	30.7330	30.7506	30.8213	30.8289	30.7365	30.8369	30.8749	30.8538	30.8705	30.7694	30.8087
30.7916	30.6114	30.6057	30.4859	30.2819	30.5412	30.4100	30.0809	30.0110	29.7654	29.7046	29.5683	29.4469	29.3329	29.2724	28.9716	28.8638	28.8097	28.9575	28.2005	28.3316	27.9290	27.6143	27.0794	27.1617	26.7182	26.1977	25.8418	26.2165	25.6609	25.2976	24.6411	23.5068	23.4981	22.4520	22.4636	21.7194	20.8677	20.5067	19.4757	18.5596	17.6983	16.9108	15.0401	12.8743	12.7638	12.2831	9.7182	8.3245	7.9560	7.1369	4.3673	1.8801	0.2500	1.9001	4.6460	7.6580	8.7824	10.8540	13.4962	15.4671	16.4669	17.3855	18.4895	20.4627	20.9048	21.2285	22.1674	23.9182	23.1607	23.8004	24.5614	25.4165	25.0795	25.4247	26.4263	26.9435	27.1384	28.1887	27.8575	30.9318	30.9138	30.8379	30.6738	30.6482	30.6482	30.6704	30.6346	30.5425	30.4680	30.5845	30.5614	30.4997	30.5480	30.5987	30.4993	30.5642	30.7111	30.5989	30.7705	30.6653	30.7307	30.7729	30.7529	30.8072	30.7755	30.6521	30.7317	30.7393	30.7931	30.7879	30.7121	30.6787	30.7109	30.6840	30.7422	30.6204	30.7091	30.7129	30.6158	30.5813	30.5951	30.6653	30.6977	30.6086	30.7310	30.6288	30.6148	30.6774	30.7743	30.7324	30.6450	30.5572	30.5904	30.5122	30.6758	30.3718	30.4850	30.3932	30.4890	30.1839	30.2763	30.4079	30.3222	30.1830	30.3073	30.3454	30.2671	30.1831	30.3470	30.4490	30.1944	30.2561	30.3105	30.3741	30.2610	30.2976	30.4221	30.5194	30.3720	30.2839	30.4831	30.4841	30.2655	30.3188	30.4810	30.3150	30.1941	30.2454	30.2559	30.2623	30.1709	30.2306	30.2289	30.1777	30.0072	30.2576	30.2028	30.0541	30.2711	30.2165	30.2351	30.1683	30.1600	30.1411	30.1740	30.2484	30.1257	30.1789	30.1220	30.1275	30.3901	30.2241	30.3152	30.1699	30.2891	30.3029	30.1195	30.1057	30.3361	30.3450	30.1589	30.4304	30.4375	30.4408	30.2447	30.5096	30.5523	30.4472	30.2869	30.4207	30.6117	30.6177	30.4457	30.5713	30.6669	30.6135	30.7362	30.7719	30.7777	30.6663	30.7499	30.8583	30.8321	30.8366	30.8570	30.8760	30.9284	30.8970	30.8489	30.9041
30.7521	30.7625	30.7982	30.7136	30.4151	30.5538	30.4843	30.2996	30.2717	30.1304	29.9823	29.8446	29.6760	29.4493	29.5031	29.1641	29.2600	29.0137	28.9739	28.7120	28.7789	28.6505	28.0458	27.7357	27.7503	27.2535	27.2041	27.2259	27.1399	26.4072	26.4524	25.6539	24.9240	24.9224	24.2291	23.8423	23.5376	23.0551	22.8475	22.3550	21.5609	21.0211	20.3101	19.0975	17.4103	16.3877	15.0239	13.8943	11.7575	9.9651	9.4099	6.7527	4.5477	1.7589	0.2500	2.0017	3.9703	7.0249	8.4014	9.9350	12.7784	15.1199	14.7935	15.8776	18.5307	19.9165	19.4612	20.0970	22.5645	22.4270	22.2973	23.6381	24.5803	23.9694	24.4240	25.6140	26.0021	26.7090	26.9293	27.0183	30.9403	30.9772	30.7860	30.7368	30.6891	30.6277	30.6003	30.6754	30.6211	30.4849	30.6099	30.5443	30.5187	30.5993	30.5932	30.5534	30.5759	30.7783	30.6910	30.7853	30.7533	30.7976	30.8204	30.7527	30.7431	30.8076	30.6955	30.8274	30.8048	30.8087	30.7945	30.8224	30.7091	30.7259	30.7167	30.8122	30.6332	30.7520	30.7063	30.6782	30.5465	30.6399	30.7375	30.6366	30.6724	30.7041	30.6352	30.6926	30.7680	30.8098	30.7936	30.6158	30.4713	30.6218	30.5823	30.6858	30.5610	30.4132	30.4563	30.5193	30.1556	30.3125	30.4276	30.3378	30.1283	30.3069	30.3312	30.2842	30.2354	30.4198	30.4313	30.2129	30.1742	30.2912	30.3661	30.2484	30.1838	30.4054	30.4840	30.3738	30.2348	30.5212	30.4726	30.3239	30.1920	30.5032	30.3310	30.1609	30.2253	30.3356	30.2941	30.0496	30.1985	30.2664	30.2310	30.0216	30.1649	30.2280	30.1509	30.2885	30.3497	30.2237	30.2512	30.1861	30.1715	30.1989	30.2424	30.0060	30.1247	30.1685	30.0285	30.2906	30.1553	30.1923	30.0360	30.1922	30.2267	30.0754	30.1311	30.2508	30.2735	30.1621	30.3719	30.3026	30.3290	30.1703	30.4228	30.3539	30.3699	30.2535	30.3499	30.5638	30.5226	30.4300	30.5168	30.6322	30.6043	30.6444	30.7833	30.8002	30.7134	30.7632	30.8301	30.7915	30.8313	30.8706	30.8709	30.9354	30.9727	30.9126	30.9733
30.8801	30.9100	31.0353	30.7316	30.7508	30.7557	30.7331	30.4762	30.5056	30.3740	30.1732	30.2768	30.0632	29.9354	29.7668	29.5522	29.6383	29.4086	29.3154	29.0731	28.8517	28.7640	28.6395	28.4640	28.3210	27.7893	27.6435	27.5133	27.3275	26.9781	27.3210	25.9099	25.4904	25.9466	24.9564	24.6088	24.3866	23.8466	23.2478	22.8773	22.3842	21.9825	21.2860	19.9513	18.5979	17.8130	16.1910	15.0734	13.4631	11.6944	10.4563	9.1985	7.3673	4.4985	1.5534	0.2500	2.0724	3.8164	7.2492	7.5123	9.0109	11.5604	12.7361	12.6130	15.0343	16.4190	16.5809	17.1543	19.2138	19.9021	20.2484	20.6973	22.9127	22.7474	22.4952	22.8629	24.1421	24.7012	25.8235	25.6434	30.9029	30.9271	30.7808	30.7534	30.7215	30.6442	30.6346	30.7237	30.6911	30.6143	30.6395	30.6092	30.6282	30.6739	30.6434	30.6913	30.6633	30.8643	30.7356	30.8444	30.8494	30.8848	30.9309	30.8664	30.8935	30.8785	30.7842	30.9425	30.8748	30.8676	30.8625	30.9130	30.8771	30.8621	30.7888	30.9700	30.7409	30.8798	30.8908	30.7379	30.7626	30.7426	30.8692	30.8363	30.7533	30.8398	30.8847	30.7400	30.8186	30.8785	30.8461	30.7806	30.4495	30.7578	30.6557	30.7558	30.5748	30.5278	30.5681	30.6291	30.1554	30.3702	30.4941	30.4730	30.2398	30.3450	30.5132	30.3232	30.2808	30.4703	30.6575	30.3015	30.2756	30.4182	30.5452	30.3405	30.2546	30.4845	30.6166	30.4728	30.3220	30.5870	30.5641	30.3862	30.2193	30.4754	30.4626	30.2592	30.2765	30.3859	30.3753	30.1664	30.3008	30.4050	30.3052	30.1081	30.2316	30.3214	30.2751	30.3489	30.4909	30.3459	30.4095	30.2621	30.3005	30.3558	30.2375	30.1976	30.1196	30.3060	30.1492	30.3202	30.3177	30.2628	30.1282	30.2560	30.3662	30.0412	30.2410	30.3855	30.2883	30.1838	30.4831	30.4261	30.4238	30.3375	30.5554	30.5812	30.4467	30.3716	30.5138	30.6859	30.6443	30.4485	30.5864	30.7775	30.7744	30.7614	30.8507	30.8694	30.7276	30.8305	30.9303	30.8782	30.9318	31.0053	30.9736	30.9764	30.9772	30.9655	30.9601
30.9144	30.9853	30.9170	31.0159	30.6682	30.7966	30.8631	30.7246	30.6270	30.6912	30.4017	30.3304	30.3422	30.0835	29.9519	29.8414	29.9769	29.7856	29.6750	29.3611	29.4525	29.3417	29.3327	29.1696	29.0738	28.6170	28.7568	28.5548	28.3052	28.0912	28.2871	27.1406	27.0051	27.0609	26.5157	26.1082	25.6901	25.7127	25.3812	24.7311	24.3620	23.7793	23.4230	22.1126	20.6297	20.3173	18.5716	17.2106	16.0267	14.2860	12.6643	11.0879	9.6768	7.0361	3.7666	1.5445	0.2500	1.8224	4.1631	6.8321	6.9140	7.3405	10.0412	11.0902	11.6876	12.8833	13.7986	15.4981	16.3240	17.2183	18.3727	19.3238	19.7168	20.7432	21.7762	22.0940	21.9111	24.0481	25.3123	24.1674	30.9339	30.9624	30.8434	30.8428	30.7676	30.7047	30.6927	30.8308	30.7204	30.6656	30.6601	30.6592	30.6082	30.6543	30.6546	30.6207	30.7507	30.7763	30.7247	30.8301	30.8365	30.7990	30.8459	30.8227	30.9178	30.8805	30.8031	30.8495	30.8729	30.8076	30.8748	30.8929	30.7909	30.8441	30.8555	30.9166	30.8296	30.8777	30.8909	30.7873	30.7015	30.7157	30.8460	30.8568	30.6374	30.9178	30.7355	30.8367	30.8921	30.9386	30.8636	30.7633	30.6567	30.6959	30.6389	30.7419	30.6576	30.5885	30.5818	30.5914	30.3948	30.4063	30.4767	30.4916	30.3619	30.4218	30.5032	30.4675	30.1840	30.4617	30.5366	30.3537	30.3013	30.3754	30.4624	30.4543	30.2907	30.4464	30.5808	30.3182	30.3633	30.4648	30.5550	30.2600	30.2858	30.3199	30.4630	30.2049	30.2771	30.3261	30.2515	30.0257	30.2805	30.1294	30.2375	30.0524	30.1113	30.1786	30.1188	30.2223	30.3325	30.3146	30.2594	30.1392	30.1593	30.2553	30.1580	30.0753	30.2229	30.2490	30.1593	30.2794	30.2354	30.2975	30.2168	30.2809	30.3152	30.2140	30.2066	30.3784	30.3175	30.3325	30.4185	30.4044	30.4143	30.2898	30.5544	30.5921	30.4956	30.3057	30.4677	30.6409	30.6171	30.5462	30.6964	30.7230	30.7395	30.7235	30.8565	30.8902	30.7963	30.8914	30.9435	30.9048	30.9641	31.0059	30.9958	30.9679	30.9799	30.9632	31.0289
31.0050	30.9974	31.0248	31.0198	30.7536	30.7889	30.8336	30.6637	30.6909	30.5739	30.3719	30.2468	30.1970	30.1231	29.8839	29.6941	29.8482	29.5132	29.4359	29.3289	29.3360	28.9507	29.0283	29.0397	28.7366	28.3226	28.4721	28.4030	28.0626	27.8179	27.9151	27.0520	26.3273	27.0266	26.0760	26.3248	25.8670	25.3938	25.1507	24.5644	24.6389	24.1914	23.7430	22.9128	22.0442	21.2280	20.2151	18.9647	17.4579	15.9224	14.6069	13.6135	11.3450	9.5548	6.2771	3.7807	1.4183	0.2500	1.6994	3.7693	7.1175	6.0768	6.3538	9.3709	11.4482	10.0633	10.9398	13.4319	15.0723	14.0416	15.1311	16.9519	17.7673	17.9505	19.5386	20.6619	19.4152	21.1618	22.7158	22.3595	31.0281	30.9978	30.8651	30.8602	30.7987	30.7779	30.7712	30.8242	30.6775	30.6902	30.7343	30.6484	30.6919	30.7011	30.7183	30.6987	30.7542	30.8691	30.8671	30.8966	30.8590	30.8776	30.9268	30.8792	30.8949	30.8744	30.8471	30.8757	30.8628	30.9057	30.9367	30.8779	30.8587	30.8475	30.8513	30.9772	30.7509	30.8974	30.8310	30.7628	30.7872	30.7692	30.8040	30.8163	30.7766	30.9249	30.7540	30.8585	30.8370	30.9257	30.9057	30.7946	30.5519	30.8584	30.6475	30.7321	30.6314	30.5873	30.5884	30.6657	30.2135	30.4636	30.5428	30.4925	30.2791	30.3963	30.4600	30.3073	30.2867	30.4609	30.5709	30.3211	30.2917	30.3105	30.4732	30.2843	30.2628	30.5021	30.5873	30.4045	30.3672	30.5756	30.5350	30.4027	30.3274	30.4805	30.4817	30.1556	30.3376	30.3210	30.2058	30.1910	30.3619	30.3377	30.3428	30.1156	30.2180	30.3507	30.1892	30.3034	30.3335	30.4421	30.4597	30.2313	30.2891	30.2818	30.2122	30.0691	30.1886	30.3817	30.0110	30.1681	30.0296	30.2513	30.0389	30.1709	30.3500	30.0561	30.0707	30.1662	30.2493	30.0854	30.3841	30.4130	30.3097	30.2067	30.3942	30.4972	30.3228	30.2589	30.4275	30.5857	30.5186	30.3633	30.5906	30.6872	30.7432	30.7386	30.8062	30.8745	30.7436	30.7910	30.9092	30.8432	30.8979	30.9423	30.9779	31.0519	31.0312	31.0257	31.0725
31.0094	30.9731	30.9877	30.9557	30.9293	30.8327	30.8923	30.7071	30.7124	30.5923	30.4509	30.4029	30.3538	30.0771	29.8842	29.9440	29.9557	29.9098	29.4496	29.5204	29.5907	29.3584	29.2270	29.2142	28.9692	28.4749	28.5335	28.4756	28.2198	27.6378	27.8299	27.0574	26.2334	27.2539	26.6788	26.2225	26.1576	25.8133	25.3233	25.2738	25.0014	25.2218	24.6528	23.7285	23.0520	22.8303	21.2671	20.2567	19.3790	17.9580	16.5880	15.4089	13.9649	11.4054	8.8122	6.3354	3.6244	1.3675	0.2500	1.4886	3.5616	5.5130	4.8644	5.3565	8.4548	10.3520	9.8749	10.8006	12.3358	13.1926	13.2997	14.6775	16.1412	17.0692	17.5636	18.5229	18.6929	20.5020	20.7388	21.1597	30.9465	30.9672	30.8695	30.8589	30.7819	30.6786	30.7827	30.8462	30.6992	30.6727	30.7441	30.6700	30.6902	30.6994	30.7470	30.6775	30.6830	30.7762	30.8309	30.8082	30.7917	30.8141	30.8791	30.8120	30.9625	30.8479	30.7375	30.8331	30.8858	30.7561	30.8305	30.7874	30.8149	30.7061	30.8198	30.8321	30.7388	30.7987	30.7653	30.7634	30.6612	30.7101	30.7485	30.7565	30.6988	30.8166	30.6954	30.7859	30.8510	30.9282	30.8051	30.6089	30.4900	30.6760	30.5275	30.6713	30.5818	30.4433	30.4491	30.5489	30.2357	30.2587	30.3374	30.4357	30.0943	30.2292	30.3121	30.3036	30.0248	30.3646	30.4800	30.2880	30.1446	30.2082	30.3788	30.2779	30.1770	30.4087	30.4472	30.3782	30.2822	30.4531	30.4554	30.2456	30.2301	30.3938	30.3383	30.0262	30.2897	30.2003	30.2074	29.9483	30.2126	30.2100	30.1459	29.9239	30.2114	30.1765	30.0473	30.1149	30.2132	30.3052	30.2241	30.0266	30.0803	30.2626	30.1077	29.8393	30.1218	30.1929	29.9465	30.1804	30.0697	30.1879	29.9819	30.0993	30.2392	30.0284	30.0582	30.2707	30.2181	29.9846	30.3113	30.3593	30.2643	30.0935	30.3718	30.4774	30.3721	30.1848	30.4099	30.6313	30.4806	30.3962	30.6763	30.6432	30.7328	30.6552	30.7739	30.8450	30.7609	30.7596	30.9178	30.8722	30.8538	30.9586	30.9401	31.0191	30.9996	30.9645	30.9962
31.0815	31.0147	31.0920	31.0274	30.8836	30.9473	30.9627	30.7060	30.7333	30.6010	30.4608	30.3996	30.3633	30.1517	30.0946	30.0091	30.0419	29.4633	29.3998	29.4152	29.3361	28.8690	28.6316	28.8540	28.8422	28.0483	28.2949	28.0815	27.8643	27.7014	27.9288	27.0055	26.5670	26.9507	26.7028	26.2819	25.6242	25.8970	25.7935	25.1219	25.6686	25.6260	25.4385	24.6499	24.2500	24.1448	23.0699	21.9187	21.1656	19.7435	18.4311	17.4702	15.8527	13.7105	10.3564	8.7385	5.6465	3.3852	1.3461	0.2500	1.5704	3.6444	4.6394	4.8499	5.1431	8.4928	9.1009	7.9030	9.8791	10.9991	11.7159	11.6414	14.2073	14.3720	16.0438	15.9274	16.7135	19.3024	20.3398	19.2382	31.1083	31.0569	31.0004	30.9819	30.9230	30.9095	30.9098	30.9454	30.8586	30.8734	30.8570	30.8277	30.8611	30.8162	30.8285	30.8969	30.8800	30.9506	30.8944	30.9093	31.0319	30.9713	31.0398	30.9274	30.9882	31.0051	30.9698	30.9825	30.9928	31.0001	30.9824	30.9775	30.9307	30.9751	30.9754	31.0041	30.9319	31.0372	30.9580	30.8835	30.8476	30.9129	30.9375	30.9925	30.8411	30.9473	30.9099	30.9400	30.9668	31.0503	30.9178	30.9347	30.6798	30.7963	30.7681	30.8285	30.7669	30.7763	30.6617	30.6867	30.3832	30.5833	30.6235	30.6282	30.5302	30.5352	30.5470	30.5904	30.4116	30.5569	30.7180	30.4478	30.4154	30.4480	30.5238	30.4855	30.4755	30.5865	30.5957	30.5353	30.4879	30.5649	30.6846	30.3917	30.4143	30.5030	30.5633	30.3779	30.5051	30.4425	30.4930	30.3686	30.5391	30.3719	30.4096	30.2146	30.4172	30.4238	30.3356	30.4384	30.6586	30.4255	30.4947	30.3418	30.3685	30.5014	30.2885	30.2227	30.3294	30.4339	30.2866	30.3366	30.3803	30.3482	30.1966	30.2359	30.4364	30.2562	30.2962	30.4656	30.4233	30.2816	30.5187	30.5091	30.4821	30.3518	30.5450	30.5600	30.4823	30.4446	30.6658	30.6508	30.6786	30.5549	30.7866	30.7194	30.9044	30.7890	30.9490	30.8569	30.8914	30.9330	31.0272	30.8981	30.9644	31.0320	31.0620	31.1058	31.0797	31.0775	31.1303
31.0525	30.9600	31.0305	31.0165	30.8318	30.8084	30.9291	30.6904	30.6641	30.6625	30.5405	30.3276	30.2377	30.1461	30.1115	29.9204	29.9123	29.6521	29.5340	29.2816	29.5090	29.2463	28.8341	28.8609	28.4928	28.3282	28.4252	28.2694	27.7236	27.4271	28.0085	26.9235	26.6265	27.2729	26.8583	26.8361	26.5132	26.2323	26.3829	25.6038	25.7705	25.8223	25.3567	24.9031	24.7367	24.7392	23.9924	23.1076	22.3642	21.5491	19.7434	19.5454	17.5956	15.0009	12.2046	10.0577	6.8066	5.5944	3.0473	1.0269	0.2500	1.0326	2.6100	4.2727	4.2183	4.2981	6.6145	7.4781	7.9170	7.9613	8.6386	10.2952	10.7783	10.7367	12.5669	13.5366	11.4205	14.5682	16.6828	14.8461	30.9527	31.0211	30.9541	30.8880	30.9305	30.8585	30.8845	30.8650	30.8861	30.8356	30.8556	30.7231	30.8876	30.8798	30.8515	30.8519	30.8563	30.8693	30.9234	30.9643	30.9494	31.0037	30.9022	30.9900	30.9802	30.9460	30.8661	30.9171	30.9647	30.9599	30.8504	30.9123	30.8762	30.8515	30.8386	30.8984	30.8474	30.8902	30.8791	30.7235	30.7575	30.7102	30.8513	30.8990	30.7455	30.9332	30.7584	30.9174	30.9017	30.9109	30.9350	30.7399	30.6357	30.8672	30.6921	30.7528	30.6890	30.6146	30.5689	30.6493	30.3621	30.4432	30.6077	30.4587	30.3232	30.3690	30.5117	30.4359	30.3280	30.4758	30.6158	30.3479	30.2847	30.3704	30.4071	30.2882	30.2230	30.5034	30.5371	30.3442	30.3712	30.4375	30.4998	30.3303	30.2166	30.3159	30.3564	30.0372	30.3184	30.2560	30.2704	30.0825	30.2950	30.3014	30.2544	30.0048	30.1750	30.3398	30.1214	30.1874	30.2754	30.3504	30.3245	30.2410	30.2064	30.2080	30.2254	30.0376	30.1638	30.3061	29.9740	30.2734	30.0861	30.2661	30.0692	30.0868	30.2749	30.1782	30.1662	30.2876	30.2733	30.1133	30.3010	30.3173	30.2799	30.2809	30.4537	30.4992	30.2791	30.2568	30.4891	30.6014	30.5374	30.4920	30.7170	30.6563	30.7426	30.6651	30.8488	30.8390	30.7517	30.7719	30.8936	30.7695	30.9230	30.8901	31.0070	30.8931	31.0307	30.9990	31.0877
31.1743	30.9659	31.0974	31.0106	30.9485	30.8916	30.9385	30.6701	30.7516	30.7188	30.6069	30.4899	30.5148	30.2164	29.9789	29.9995	29.8750	29.6981	29.3363	29.3102	29.3740	28.9034	29.1749	29.0580	28.7182	28.0178	28.4641	28.4443	27.9360	27.5616	27.9720	27.2307	26.3514	27.1645	26.9258	26.3083	26.4777	26.8974	26.1105	25.7900	26.1207	26.3067	25.9091	24.9132	25.2930	25.1058	23.8012	22.8658	22.2651	21.2587	19.6146	19.4302	17.3819	14.7087	11.9042	10.1823	7.1845	5.8828	4.9934	2.1003	0.7126	0.2500	1.0461	2.4728	3.0248	3.8425	3.1957	6.3426	7.0211	7.0207	6.6813	8.8090	10.1843	9.8893	11.2100	13.3168	12.6072	13.4457	14.0915	14.0053	31.0552	30.9946	30.9100	30.8565	30.8753	30.8830	30.8891	30.8985	30.8241	30.7623	30.8613	30.6777	30.7728	30.8362	30.7677	30.7894	30.7932	30.8120	30.9103	30.8515	30.8403	30.8829	30.8364	30.8816	30.9630	30.8891	30.8286	30.9192	30.9140	30.9032	30.8269	30.8845	30.8569	30.8709	30.8247	30.8688	30.8095	30.8349	30.8011	30.7334	30.7909	30.5926	30.7520	30.7706	30.7360	30.7813	30.7161	30.7672	30.8287	30.8239	30.7971	30.6430	30.4927	30.7022	30.4612	30.5865	30.5337	30.4651	30.4267	30.5829	30.1924	30.2951	30.4049	30.3840	30.2499	30.2159	30.3791	30.3768	30.0815	30.2406	30.4538	30.1900	30.0604	30.1722	30.3731	30.2336	30.1787	30.5021	30.3698	30.3549	30.1229	30.4029	30.4524	30.3422	30.1522	30.4091	30.5087	30.0367	30.1839	30.3203	30.2722	30.0515	30.1353	30.2769	30.1749	29.8819	30.1630	30.2598	29.8853	30.1316	30.2906	30.2585	30.1224	30.0277	30.1589	30.2401	30.0657	29.6509	29.9944	30.1804	29.8454	30.1701	30.0128	30.0964	29.7389	29.9653	30.1814	29.7971	29.8721	30.1967	30.1563	29.8890	30.1916	30.2491	30.2341	29.9305	30.3939	30.3850	30.3706	30.2012	30.4659	30.6221	30.6148	30.4157	30.6391	30.7869	30.6944	30.6451	30.8305	30.7946	30.7719	30.8338	30.9031	30.7861	30.8774	30.9685	31.0443	31.0088	31.0090	31.0395	31.0976
30.9311	30.9727	30.9831	30.9637	30.8156	30.8007	30.7744	30.6047	30.5455	30.6369	30.4313	30.3675	30.3057	30.1014	29.8565	29.8509	29.8614	29.4946	29.2087	29.2866	29.2360	28.6270	28.5201	28.6348	28.3405	27.6399	27.9877	28.0130	27.2538	27.0438	27.2673	26.8058	25.8633	26.7182	26.3052	26.0179	25.7613	26.3897	26.0248	25.1920	25.6630	25.8740	25.7963	24.7751	25.2514	25.0179	24.2047	23.5562	22.9574	21.9483	20.5439	20.3043	18.4688	15.8483	13.5578	11.0102	8.7300	7.0708	5.7313	3.4022	1.6719	0.8661	0.2500	1.1642	3.0878	4.3746	4.3059	5.2337	7.1538	7.1207	6.4875	7.5647	8.1456	9.2290	9.5560	10.2230	12.1423	11.2380	12.3880	12.1430	30.9250	30.9547	30.9040	30.8733	30.8824	30.7703	30.8627	30.9443	30.8325	30.7896	30.8482	30.8150	30.7335	30.7513	30.8455	30.7902	30.7521	30.7827	30.8369	30.8534	30.8541	30.8533	30.9605	30.8714	30.9777	30.8895	30.8960	30.9188	30.8826	30.8606	30.9325	30.8959	30.8040	30.8359	30.9255	30.8336	30.8388	30.9109	30.8584	30.8535	30.7592	30.7266	30.8203	30.8107	30.6910	30.8455	30.7898	30.7961	30.8416	30.8986	30.8025	30.6757	30.4959	30.6699	30.5401	30.6771	30.6125	30.5114	30.4960	30.5662	30.2839	30.3543	30.5070	30.3527	30.2313	30.3452	30.4401	30.3997	30.1341	30.3976	30.4738	30.2839	30.2414	30.3648	30.0825	30.3085	30.2673	30.4560	30.3575	30.3689	30.3029	30.3582	30.4425	30.2464	30.3203	30.2802	30.2772	30.0238	30.2614	30.2006	30.2578	30.1493	30.2534	30.2398	30.1496	30.0982	30.2128	30.2926	30.1554	30.2166	30.3551	30.2585	30.2773	30.1682	30.2147	30.2985	30.0501	30.0329	30.0983	30.1596	30.0408	30.2718	30.1467	30.1222	29.9941	30.1781	30.2392	30.1147	30.2083	30.3085	30.3093	30.1465	30.3596	30.2773	30.2813	30.1007	30.4750	30.5248	30.4829	30.2858	30.5247	30.6291	30.6380	30.4698	30.7131	30.7035	30.7906	30.7085	30.8608	30.8883	30.7866	30.8758	30.9067	30.8941	30.9090	30.9800	30.9091	30.9480	30.9109	30.9382	30.9237
31.0182	30.9354	30.9709	30.8738	30.7687	30.7172	30.7906	30.5923	30.4844	30.4222	30.3390	30.2904	30.0136	29.8811	29.5917	29.5158	29.4647	29.2443	28.8286	28.8698	28.8856	28.3490	28.2262	28.4743	28.1060	27.3113	27.5941	27.7412	27.0601	26.7347	27.1022	26.4196	25.3516	26.1981	26.2486	25.8333	25.6898	25.8362	25.5773	25.2976	25.3728	25.8167	25.5721	25.2118	25.6191	25.3267	24.8705	24.2012	23.4760	22.9993	21.6776	21.4838	19.7854	17.8759	15.1083	12.9209	9.3986	7.9515	6.0533	4.2384	3.0801	2.2609	0.9016	0.2500	1.2179	2.6612	4.5605	4.5449	4.4091	7.0830	7.3144	7.0014	6.9326	8.3089	9.4413	10.1428	9.5870	10.7141	11.3154	10.8600	31.0072	31.0245	30.9296	30.9514	30.9670	30.9073	30.9321	30.8691	30.9828	30.9274	30.8979	30.8269	30.9467	30.9036	30.9218	30.9493	30.8610	30.8719	30.9142	30.8772	30.9106	30.9367	30.8882	30.9561	30.9811	30.8831	30.7631	30.8600	30.9137	30.9022	30.8876	30.9172	30.8060	30.8176	30.8563	30.9471	30.7465	30.7850	30.9046	30.7726	30.7381	30.7437	30.8467	30.8397	30.7755	30.8013	30.7893	30.8086	30.8084	30.8614	30.8394	30.6269	30.6004	30.7728	30.5922	30.6949	30.6413	30.5616	30.4395	30.5498	30.2872	30.3415	30.4704	30.3174	30.2347	30.2734	30.4748	30.3724	30.2025	30.3247	30.4114	30.2261	30.2101	30.2285	30.2921	30.1189	30.1368	30.3869	30.2361	30.2321	30.1333	30.3334	30.3866	30.1250	30.1144	30.2030	30.2836	30.0197	30.1870	30.1889	30.1740	30.0946	30.0631	30.2000	30.1858	29.9775	30.1740	30.3186	30.1885	30.1198	30.2124	30.3006	30.2479	30.2982	30.1897	30.2980	30.2035	30.1184	30.0443	30.2630	30.2509	30.3570	30.2054	30.2232	30.1124	30.2479	30.3623	30.2582	30.2921	30.3004	30.3422	30.2135	30.4174	30.4491	30.4412	30.3327	30.5234	30.5490	30.3871	30.4593	30.5933	30.6136	30.5639	30.4554	30.6745	30.7083	30.8647	30.6962	30.8781	30.8477	30.7756	30.7816	30.9257	30.7345	30.9318	30.9170	30.9442	30.8968	30.9857	30.9767	31.0255
30.9298	30.8884	30.9529	30.9011	30.7481	30.7290	30.7501	30.5733	30.5439	30.5875	30.3989	30.3826	30.1866	29.9262	29.7150	29.5739	29.8442	29.4275	29.0523	29.1629	28.9997	28.1083	28.3759	28.4196	28.0821	26.7811	27.3697	27.5381	26.6405	26.0994	26.7833	25.5158	24.8431	25.8139	25.8516	25.5549	25.1747	25.9292	25.4468	25.2388	25.6335	25.7112	25.7523	25.1563	25.4315	25.6157	24.9747	24.6193	23.8071	23.2813	22.4818	21.9093	20.2581	17.8418	15.2059	12.8644	10.4059	9.2506	6.6357	4.3759	4.1600	3.2194	2.3441	0.8622	0.2500	0.9146	2.2598	3.3070	3.6293	3.3817	4.5819	5.6669	5.3683	5.2375	6.9452	8.1107	7.9332	7.3205	8.6319	7.2569	31.0944	31.0037	31.0222	30.9180	30.9142	30.8897	30.9226	30.8801	30.8020	30.8056	30.9298	30.7914	30.8423	30.8751	30.8807	30.8725	30.8598	30.8964	30.8976	30.9141	30.9195	30.9433	30.9738	30.9521	31.0306	30.9529	30.9125	30.9298	31.0191	30.9149	30.9278	30.9509	30.9317	30.9365	30.9114	30.9782	30.9368	30.8328	30.9848	30.8755	30.8157	30.8729	30.8953	30.8802	30.8647	30.9205	30.7910	30.9606	30.9608	30.9969	30.9338	30.7039	30.7610	30.8996	30.7492	30.8248	30.7664	30.6231	30.5549	30.7246	30.4683	30.3999	30.6145	30.4435	30.3545	30.4812	30.5516	30.5476	30.3246	30.4097	30.5769	30.3972	30.2984	30.3262	30.2587	30.3104	30.3932	30.4995	30.4715	30.4039	30.3460	30.4694	30.5569	30.3531	30.3586	30.4257	30.4532	30.2328	30.4002	30.4169	30.3642	30.2479	30.3520	30.3345	30.3910	30.2848	30.3258	30.4051	30.2107	30.2202	30.3213	30.3518	30.3286	30.2661	30.2181	30.3363	30.2820	29.9979	30.1475	30.1555	30.0595	30.3831	30.1727	30.2381	30.0269	30.1880	30.3107	30.1516	30.1487	30.1814	30.1781	30.1993	30.4124	30.2607	30.3773	30.1815	30.5407	30.4296	30.4101	30.4233	30.6298	30.6599	30.5874	30.4980	30.7634	30.7754	30.9404	30.7686	30.8996	30.9041	30.8903	30.8664	30.9820	30.8324	30.9814	30.8841	30.9150	30.8953	30.9089	30.8764	31.0272
31.0912	30.9826	30.9941	31.0097	30.7762	30.8165	30.8828	30.7060	30.7213	30.6368	30.5212	30.4359	30.3325	30.2449	30.0006	29.8222	29.7998	29.4880	29.2999	29.2770	28.9945	28.1036	28.2644	28.2144	27.6443	26.9572	27.5293	27.4439	26.4942	26.0711	27.0262	25.9688	24.8088	25.9501	26.2819	25.0125	25.4002	25.8637	25.8580	25.1392	25.7839	25.8770	25.4515	25.0894	25.2093	25.5017	24.8257	24.5178	24.0582	23.4842	22.4287	22.4568	21.0089	18.5498	16.2272	14.3201	10.7749	9.7298	8.3623	6.2548	4.1509	4.5468	3.5411	1.9311	0.8472	0.2500	1.0121	1.9874	3.0905	2.6637	2.3745	4.9107	4.8193	3.8794	4.0304	6.6626	6.7048	6.3980	7.2145	7.0081	31.1016	31.0415	30.9768	30.8636	30.9358	30.8767	30.9158	30.9425	30.8137	30.7964	30.8518	30.7992	30.7288	30.8222	30.8888	30.8864	30.8796	30.9158	30.9590	30.9245	30.9846	30.9856	30.9880	30.9451	31.0427	30.9956	30.9071	30.9900	31.0175	30.9764	31.0606	30.9763	30.8051	30.9936	30.9776	30.9886	30.9096	30.9318	30.9890	30.9230	30.7581	30.8702	30.8940	30.8534	30.8016	30.8513	30.8079	30.8485	30.7732	30.9100	30.8448	30.6068	30.6949	30.7673	30.6388	30.6377	30.6378	30.4944	30.5735	30.5796	30.3113	30.3269	30.5005	30.3521	30.2073	30.3945	30.3653	30.3387	30.2289	30.3348	30.4670	30.2999	30.1041	30.4081	30.3903	30.3116	30.3198	30.5727	30.4068	30.3316	30.2089	30.4656	30.4321	30.2757	30.3543	30.3766	30.3209	30.1032	30.2788	30.3743	30.2889	30.1048	30.4422	30.2002	30.3146	30.1865	30.3404	30.4174	30.1488	30.1951	30.3994	30.3993	30.3545	30.3612	30.3371	30.4157	30.3423	30.2098	30.1922	30.2440	30.0846	30.4074	30.2537	30.2140	30.0981	30.2505	30.2737	30.0827	30.2557	30.0863	30.1548	29.9756	30.4223	30.2186	30.2660	29.9785	30.3653	30.3811	30.4228	30.2863	30.5384	30.5367	30.5152	30.4412	30.6654	30.6657	30.6997	30.7480	30.8101	30.8550	30.7833	30.8137	30.8807	30.8197	30.8056	30.9036	30.9151	30.9418	30.9351	30.9043	30.9786
30.9858	30.9476	30.9341	30.8416	30.7546	30.7711	30.8026	30.6144	30.5820	30.4651	30.4169	30.3110	30.1780	30.1125	29.8785	29.6551	29.7721	29.4237	29.0102	29.0519	28.8636	28.0030	28.1489	28.2463	27.3691	26.9618	27.4323	27.3959	26.2252	26.1530	26.5203	25.7062	24.9208	25.8830	25.5562	25.4297	25.0308	25.1684	25.4852	24.7506	25.1584	25.3999	25.2401	24.7196	25.1499	25.2186	24.8320	24.4750	24.0211	23.8093	22.5542	22.7063	21.3179	19.2768	16.5955	14.4616	11.5833	8.8461	7.8520	5.7110	4.8295	4.2931	3.4860	2.3744	1.6657	0.5602	0.2500	0.7269	1.8007	2.6745	1.8102	2.5120	3.5651	4.2600	3.4176	3.7315	4.7855	5.6504	5.8087	5.8005	30.9636	30.9035	30.9043	30.8519	30.8980	30.8489	30.8711	30.8760	30.8176	30.8086	30.8099	30.7485	30.7563	30.7638	30.8664	30.8420	30.7932	30.7957	30.9207	30.7919	30.8608	30.8786	30.9186	30.8194	30.9711	30.8676	30.8254	30.9002	30.8598	30.9025	30.9137	30.8465	30.8418	30.8110	30.8975	30.8858	30.8078	30.8242	30.8502	30.7467	30.7398	30.7169	30.7332	30.7755	30.6568	30.7476	30.6915	30.7517	30.7477	30.8459	30.7816	30.6265	30.5275	30.6480	30.5442	30.5344	30.4812	30.4969	30.3682	30.3906	30.2001	30.2585	30.3564	30.1684	30.1659	30.2609	30.3208	30.1926	30.1208	30.2381	30.3207	30.0223	30.1257	30.1079	30.1735	30.0618	30.0619	30.3476	30.2484	30.0960	30.1475	30.3149	30.3354	30.0997	30.1775	30.2134	30.0648	30.0114	30.2449	30.1236	30.1166	30.0026	30.2078	30.1175	30.2235	29.9112	30.1020	30.2382	30.2133	30.2347	30.3204	30.2653	30.3226	30.2291	30.2241	30.2297	30.1537	30.0422	30.1390	30.3357	30.0175	30.2676	30.1494	30.2818	30.0672	30.1704	30.3823	30.0976	30.1410	30.3559	30.3430	30.0901	30.4181	30.3703	30.4028	30.2658	30.4535	30.4610	30.4288	30.4372	30.5796	30.5971	30.5412	30.4300	30.5499	30.6901	30.7782	30.6963	30.7606	30.8175	30.7771	30.7950	30.8352	30.7311	30.7903	30.7816	30.9122	30.8368	30.8088	30.7634	30.9044
31.1262	30.9897	31.0347	31.0251	30.7962	30.7974	30.8654	30.7050	30.6975	30.6510	30.5127	30.3144	30.3417	30.1628	29.7966	29.6191	29.8657	29.0738	29.2238	29.1118	28.6699	28.0136	28.0742	27.9562	27.4441	26.9372	27.1635	27.3330	26.0702	26.0229	26.3496	25.5541	24.6478	25.5686	25.7965	25.2941	25.1128	25.1267	25.5176	24.8965	25.4294	25.8422	25.7542	25.2247	25.6503	26.0853	25.6118	25.1826	25.1540	24.3237	23.7584	23.4347	21.8462	20.1306	17.3421	15.3791	12.5868	10.3923	7.5697	6.3498	5.1852	5.2354	3.5875	2.6139	2.7691	1.2696	0.5922	0.2500	0.8532	1.8533	2.2439	2.1633	2.2269	3.8325	4.2086	3.4874	3.3779	4.8184	5.4551	5.4919	31.0156	30.9874	30.8786	30.7561	30.7761	30.8661	30.9403	30.8309	30.6576	30.7710	30.6775	30.6411	30.6524	30.7388	30.7181	30.7744	30.7871	30.8542	30.8562	30.8236	30.8516	30.8660	30.9065	30.8458	30.9716	30.9265	30.8182	30.8683	30.9009	30.9805	30.9423	30.7820	30.8795	30.9103	30.8113	30.9539	30.8254	30.8292	30.8689	30.8179	30.7120	30.7684	30.8575	30.8053	30.7284	30.8741	30.7188	30.8238	30.7889	30.9173	30.7847	30.6780	30.6754	30.6680	30.6523	30.5810	30.4983	30.5000	30.4090	30.4036	30.2557	30.3213	30.3645	30.2068	30.1683	30.3597	30.2991	30.2773	30.1689	30.2204	30.3109	30.0494	30.0160	30.1872	30.0846	29.9671	30.1153	30.2338	30.1037	30.1822	30.1554	30.2064	30.3443	30.1248	30.1257	29.9494	30.1468	29.9883	30.1395	30.0262	29.9610	29.9575	30.0731	30.0553	30.0036	29.9893	29.9293	30.1366	30.0758	30.0723	30.0572	30.0093	30.2568	30.1858	30.1635	30.1407	29.9781	29.9302	29.8776	29.9744	29.7736	30.0709	30.0256	30.1331	30.0805	29.9678	30.0651	30.0119	30.0514	29.9146	30.0288	30.0735	30.1915	30.0796	30.1958	30.0752	30.3840	30.3077	30.1136	30.2693	30.4233	30.4455	30.3923	30.3417	30.6288	30.5343	30.7486	30.5775	30.7751	30.7344	30.8068	30.8032	30.8736	30.6423	30.7543	30.7312	30.8130	30.8003	30.8251	30.7699	30.9233
31.0734	30.9521	31.0208	30.9084	30.8469	30.7524	30.7316	30.7046	30.6621	30.6071	30.5128	30.3715	30.4352	30.1714	30.0428	29.8548	30.0505	29.2483	29.2363	29.1590	28.4564	27.6545	27.7546	27.7864	26.8963	26.8065	26.8580	26.7018	25.2659	25.3186	26.1863	25.3968	24.1714	25.2777	25.5754	24.4489	24.8341	26.0632	25.7783	24.8410	25.4542	25.8700	25.3706	25.1161	25.7377	25.4938	25.1414	25.2200	24.8284	24.3250	23.5380	23.1343	21.7347	19.5597	17.3155	15.6641	13.0332	10.8081	7.9088	5.9256	5.6767	5.0030	4.9800	2.8821	2.1635	2.0438	1.2860	0.5105	0.2500	0.7210	1.2644	2.1791	1.4229	2.0824	3.3024	3.3720	3.1567	2.9190	4.8224	5.4896	31.0732	30.9684	30.8767	30.8482	30.8832	30.7720	30.8239	30.8344	30.7114	30.7035	30.7886	30.8543	30.7613	30.7374	30.8423	30.8845	30.8199	30.8391	30.8732	30.8673	30.9662	30.9376	30.9889	30.8656	31.0634	31.0888	30.9410	30.9795	30.9959	31.0474	31.0383	30.9799	30.9298	30.9923	30.9328	30.9652	30.9319	30.9716	30.9553	30.9860	30.7950	30.7864	30.8983	30.8809	30.7880	30.8989	30.7475	30.8433	30.9036	30.9786	30.9134	30.8351	30.6947	30.7344	30.7305	30.7302	30.6387	30.6050	30.6180	30.5977	30.3413	30.4256	30.6646	30.4161	30.2863	30.5003	30.5187	30.3828	30.2289	30.4812	30.4572	30.3708	30.4312	30.4035	30.5566	30.2768	30.4169	30.5580	30.5742	30.3575	30.3843	30.5491	30.5253	30.3275	30.3768	30.4318	30.4010	30.1473	30.4019	30.4623	30.4681	30.0909	30.3749	30.3900	30.2823	30.1281	30.3007	30.4816	30.2046	30.4278	30.3604	30.3063	30.3827	30.2651	30.3598	30.4041	30.2115	29.9748	30.1424	30.2094	29.9293	30.3475	30.2993	30.2029	29.9254	30.0386	30.2111	29.9606	30.0460	30.2055	30.0503	29.9935	30.2971	30.1236	30.2178	30.0158	30.5050	30.3440	30.2731	30.2468	30.5099	30.4549	30.4432	30.4972	30.6788	30.6893	30.7514	30.7901	30.8221	30.7197	30.8515	30.8302	30.9155	30.7789	30.8755	30.8094	30.8362	30.8636	30.7981	30.7627	30.8354
31.0901	31.0172	30.9319	30.8156	30.7158	30.7754	30.7562	30.6918	30.5752	30.6608	30.4198	30.2674	30.1258	30.0741	29.8875	29.6996	29.8907	29.3778	29.0929	29.1965	28.7416	28.0468	28.3762	28.4791	27.3633	26.8316	27.3105	27.3389	26.1618	26.0435	26.4648	25.6619	24.5750	25.6982	25.9213	25.0351	25.0565	25.8773	25.7267	24.9908	25.5680	25.6801	25.4672	24.7838	25.0902	25.1185	24.1474	24.0327	23.4789	23.1709	22.0067	22.5075	21.3370	18.9018	16.4015	14.6606	12.8640	11.2452	8.1365	6.5889	4.8814	5.2452	4.2439	3.7837	2.3608	2.3817	1.7898	1.1217	0.4798	0.2500	0.5893	1.3549	2.1871	1.4211	1.9191	2.6766	2.8206	2.4832	2.8292	4.2075	31.0692	30.9345	30.8214	30.8875	30.8042	30.7725	30.7505	30.8023	30.6263	30.5814	30.6988	30.6940	30.6560	30.6551	30.6914	30.7612	30.7665	30.8026	30.7196	30.7856	30.7151	30.8801	30.8514	30.8278	30.9029	30.8493	30.7640	30.9265	30.7813	30.8352	30.6593	30.8320	30.7743	30.7755	30.7080	30.8318	30.8494	30.7103	30.7797	30.5388	30.5937	30.5318	30.6967	30.5501	30.7003	30.5836	30.4482	30.6723	30.5902	30.6575	30.6055	30.4042	30.4010	30.5711	30.4241	30.5468	30.3869	30.5249	30.2538	30.4095	30.0908	30.1727	30.1232	30.0976	29.9441	30.1074	30.1690	29.9871	30.0250	30.1631	30.2011	29.8581	30.0506	29.8790	30.0136	29.8694	30.2432	30.2747	30.2584	29.9766	30.0326	30.3593	30.3062	30.1148	30.0983	30.1130	30.0255	29.9001	29.8897	29.9969	30.0393	29.7981	29.9454	30.1755	30.1641	29.9502	29.9535	30.2132	30.0445	30.0977	30.2008	30.2638	30.2048	30.0216	30.2401	30.1689	30.0431	29.9745	30.0775	30.3219	29.9574	30.1088	30.0952	30.1024	29.8250	29.8465	30.1297	30.0153	29.7760	30.1487	30.2397	30.0282	30.1764	30.1666	30.2134	30.2362	30.0419	30.2652	30.1947	30.2290	30.5540	30.3579	30.4131	30.3780	30.4595	30.4821	30.5012	30.5222	30.6589	30.5748	30.5795	30.5661	30.7333	30.6301	30.7065	30.6950	30.6768	30.6317	30.6878	30.5302	30.6644
31.1368	30.9795	30.9293	30.9288	30.8022	30.5865	30.7148	30.5825	30.6167	30.6280	30.4381	30.2297	30.0911	29.9284	29.7178	29.3961	29.6171	28.8943	29.0146	28.8055	28.3745	27.7985	28.3822	28.2013	27.4476	26.3295	27.3015	27.3668	25.9683	25.8402	26.4817	25.3371	24.4306	25.6934	25.7533	25.2314	25.2073	25.4969	25.7024	25.2639	25.4825	26.0800	25.4367	25.4276	25.5737	26.0129	25.5452	24.7696	24.9950	24.4886	23.7263	23.8949	22.4493	20.2319	18.1847	16.3422	13.9391	12.4526	9.9330	7.1153	5.9937	4.6025	4.4065	3.9393	3.4485	2.1153	1.7085	1.3882	1.2160	0.4181	0.2500	0.6909	1.3193	1.7867	1.4221	1.7544	2.9402	2.5204	3.0252	2.9697	30.9500	30.9967	30.8467	30.8096	30.7948	30.7862	30.8126	30.8509	30.7423	30.7491	30.7618	30.6410	30.7612	30.7836	30.7912	30.7361	30.8294	30.8164	30.8879	30.8217	30.8251	30.8489	30.8249	30.8813	31.0047	30.8359	30.7333	30.8676	30.8201	30.8299	30.8438	30.8241	30.8216	30.7915	30.7635	30.8386	30.7250	30.7473	30.8301	30.7165	30.6425	30.7167	30.7547	30.7077	30.7613	30.7333	30.5894	30.8321	30.6954	30.8861	30.8298	30.5337	30.4679	30.6203	30.4960	30.5236	30.3474	30.4856	30.4391	30.2919	30.1363	30.2264	30.2283	30.0497	30.0097	30.1992	30.3129	30.2125	30.1804	30.2986	30.2251	30.0657	30.0102	30.0554	29.9682	29.9075	30.0416	30.1887	30.1593	30.0634	29.9911	30.1726	30.3087	30.0706	30.0255	30.0077	30.1008	29.7649	30.0114	29.9545	30.0045	29.6862	29.8999	29.9613	30.0533	29.8950	29.8626	30.1703	30.0790	30.0233	30.1420	30.0895	30.0868	30.2136	30.0130	30.0728	29.9138	29.9331	30.0204	30.0616	29.8289	30.0152	29.9771	29.9919	29.9160	29.8397	30.0653	30.0182	29.8058	30.0195	30.1474	29.9904	30.1428	30.1855	30.2979	30.2602	30.4358	30.4119	30.2807	30.2773	30.4179	30.5147	30.3871	30.4249	30.5447	30.6329	30.6845	30.4979	30.7350	30.6934	30.6628	30.7583	30.7846	30.6953	30.7508	30.7112	30.7536	30.7332	30.7362	30.6799	30.7626
31.1446	30.9645	30.9820	30.9556	30.7593	30.6680	30.7500	30.5445	30.6948	30.5800	30.2600	30.1577	30.2285	29.8855	29.6623	29.6193	29.6177	28.7199	28.8811	28.9312	28.0999	27.3415	27.7319	27.6670	26.7065	26.3941	26.5989	26.5842	25.1446	25.2509	25.9274	24.9868	24.0501	24.9048	25.5689	24.3083	24.7140	25.6582	25.8937	25.2082	25.8629	26.2546	25.8572	25.5359	26.2090	26.2885	25.8183	25.5940	25.3543	25.0121	24.1824	24.4987	23.4301	20.8082	18.9402	17.2396	15.2989	12.6083	11.6861	9.1064	6.4729	5.5908	4.2162	4.1184	3.9561	3.5269	1.9073	1.5511	1.8654	1.1518	0.4426	0.2500	0.6669	1.2793	1.8262	1.3022	1.6157	2.9835	2.7639	2.8220	31.0027	30.9318	30.8544	30.7839	30.8136	30.7867	30.7693	30.7162	30.7023	30.7679	30.7673	30.7613	30.6960	30.7133	30.7951	30.8345	30.7998	30.8436	30.8314	30.7954	30.8895	30.8724	30.8862	30.8312	30.9959	30.9239	30.7575	30.9384	30.9914	30.8512	30.9337	30.8981	30.8681	30.8301	30.8112	30.8971	30.8472	30.8731	30.8577	30.7854	30.7189	30.6611	30.8370	30.7338	30.6286	30.8090	30.5835	30.8750	30.8113	30.9540	30.8086	30.6880	30.6004	30.7001	30.6252	30.6347	30.5912	30.5279	30.5779	30.4810	30.2042	30.3966	30.5341	30.3476	30.2597	30.5117	30.3890	30.3837	30.3320	30.4446	30.3938	30.2547	30.1917	30.3377	30.2176	30.0637	30.2420	30.4516	30.2786	30.1768	30.2052	30.3166	30.4465	30.3108	30.2127	30.1487	29.9534	30.0693	30.3246	30.2327	30.2288	30.0369	30.2523	30.0866	30.1326	30.1046	29.9117	30.1596	30.2316	30.2021	30.2165	30.2088	30.1383	30.1333	30.2784	30.2336	29.9030	29.8168	29.9968	29.9578	29.7778	30.1477	30.0218	29.9168	29.7786	29.8152	30.0719	29.9510	29.8162	29.8750	29.9176	29.9060	30.0156	29.9266	30.1105	30.0279	30.2743	30.0818	30.0686	30.1709	30.3164	30.4341	30.2295	30.3025	30.4695	30.5090	30.6395	30.5708	30.5900	30.5530	30.6358	30.6454	30.5991	30.5728	30.6924	30.7641	30.7842	30.7856	30.6982	30.6978	30.6966
31.0043	31.0120	30.8295	30.8782	30.7845	30.6914	30.7714	30.6408	30.6726	30.6292	30.3143	30.3060	30.1314	29.9776	29.9136	29.6270	29.8180	29.1536	29.0057	28.9999	28.5203	27.6882	27.7967	27.9463	26.9847	26.2557	26.8899	26.9158	25.5398	25.8935	26.2890	25.1672	24.4867	25.6493	25.4542	24.6410	25.2831	25.9588	25.7560	25.0636	25.5827	25.9751	25.5873	25.3049	25.7281	25.6513	24.8942	24.9253	24.2850	23.9485	23.2475	23.7725	22.7786	20.6076	18.1038	16.6325	14.5404	12.8051	10.8623	9.4412	7.7515	6.2960	5.6251	3.3514	3.8893	3.7002	3.4292	1.7628	1.8445	1.7598	0.8965	0.4787	0.2500	0.5642	1.0851	1.6368	1.3108	1.5782	2.7853	2.6145	30.9474	30.7791	30.7048	30.7085	30.6913	30.6899	30.6169	30.6993	30.5576	30.5627	30.6894	30.6196	30.5338	30.5994	30.7623	30.6832	30.6613	30.7476	30.7900	30.7638	30.8247	30.8197	30.8360	30.7417	30.8871	30.8963	30.7374	30.8673	30.9232	30.8259	30.8675	30.7481	30.8038	30.7603	30.6861	30.7674	30.6875	30.6573	30.7160	30.5693	30.5103	30.5403	30.5486	30.4893	30.5255	30.4999	30.4619	30.7112	30.6158	30.6687	30.6067	30.5712	30.4296	30.5396	30.3704	30.4807	30.3633	30.4795	30.3624	30.4523	30.0914	30.3186	30.4039	30.2416	29.9903	30.3429	30.2498	30.1223	30.0951	30.2614	30.2751	30.0218	30.1875	30.3354	30.1378	29.9511	30.2683	30.3638	30.2318	30.0795	30.0727	30.3034	30.3102	30.1472	30.1995	30.1680	30.1594	29.9750	30.1023	30.1447	30.1855	29.8673	30.0867	30.2751	30.0257	30.0275	30.0941	30.2926	30.0464	30.2494	30.2827	30.3069	30.1886	30.1187	30.2588	30.2300	29.9581	29.9544	29.9999	30.1334	29.9173	30.1163	30.1683	29.9680	29.9854	29.9188	30.1640	29.9019	29.9655	29.9517	30.0845	29.8613	29.9076	30.0217	30.0325	30.2115	30.0934	30.2815	30.1233	30.1552	30.4219	30.4283	30.2046	30.3394	30.4742	30.5282	30.3740	30.5747	30.5567	30.4479	30.4987	30.6547	30.5990	30.5789	30.5067	30.5797	30.6756	30.6171	30.5670	30.6050	30.5905
31.0574	30.9351	30.8222	30.7732	30.7934	30.7103	30.6432	30.5606	30.6500	30.5297	30.3784	30.3355	30.2518	30.2240	29.8166	29.7481	29.7926	29.1876	28.9390	28.7990	28.3594	27.7000	28.0291	28.1619	27.3344	26.8446	27.2115	27.0385	25.7097	26.1131	26.5548	25.0567	24.8698	25.4130	25.6184	24.9696	25.0457	25.6620	25.6921	24.9903	25.6908	25.8800	25.5270	24.9415	25.5344	25.4751	24.8642	24.3842	24.4382	24.1880	22.6323	23.5652	22.0900	19.8021	17.7694	16.1021	14.1707	12.4231	11.2148	8.5457	7.4674	7.0494	5.7044	4.3452	4.6802	3.3124	2.9908	2.6281	1.5345	1.4952	1.4078	1.1284	0.3796	0.2500	0.6050	1.3060	1.9717	1.4657	2.0359	2.8932	30.9073	30.7827	30.7718	30.7050	30.7586	30.7545	30.7320	30.6989	30.6321	30.6248	30.6090	30.5183	30.6823	30.6557	30.7849	30.7288	30.7215	30.6843	30.8460	30.7545	30.7663	30.7806	30.8269	30.8658	30.8133	30.7837	30.7505	30.8675	30.7880	30.7716	30.8288	30.6829	30.8169	30.7504	30.7107	30.8380	30.7683	30.6661	30.7326	30.6641	30.5155	30.5690	30.5874	30.5831	30.6165	30.6586	30.6257	30.8020	30.6535	30.7127	30.6938	30.5325	30.4241	30.6454	30.5189	30.5140	30.3327	30.4272	30.3287	30.4297	30.2381	30.3250	30.3609	30.1232	30.0492	30.3329	30.2137	30.0838	30.1699	30.1597	30.2671	30.0197	30.0378	29.9801	30.0933	29.9629	29.9868	30.2204	30.1452	30.0355	30.0226	30.3183	30.1987	29.9904	30.0412	30.1176	30.0345	29.8694	29.9428	30.0451	30.0198	29.8145	29.9674	30.0428	30.0969	30.0115	29.9783	30.0679	30.2698	30.2462	30.1575	30.1018	30.0467	30.2215	30.1598	29.9545	29.8440	29.9717	29.9000	30.0502	29.9685	30.0775	30.0255	30.0568	30.0190	29.8406	30.2584	30.1406	30.0363	29.9767	30.0510	30.0546	29.9163	30.1882	30.2683	30.1913	30.1677	30.4717	30.3488	30.3333	30.5164	30.5869	30.3269	30.3581	30.4908	30.5871	30.4969	30.5676	30.6081	30.4798	30.5489	30.5380	30.6531	30.6255	30.6900	30.7671	30.7889	30.6849	30.6445	30.5776	30.6962
31.0546	30.9523	30.8877	30.9231	30.7642	30.6711	30.6595	30.6297	30.6002	30.5725	30.3235	30.0525	30.2120	29.9211	29.5538	29.5244	29.5777	28.2926	28.4477	28.2512	27.5803	27.0517	26.8231	27.0560	26.2465	26.1405	25.7524	26.0482	24.7084	24.7105	25.4326	24.2248	23.4827	24.9187	25.0782	24.1278	24.4076	25.3208	25.2062	24.6031	25.7947	25.7337	25.4730	25.3779	25.9898	25.8452	25.2582	25.5321	25.2247	25.0171	24.2150	23.9590	23.1833	21.1746	18.9219	17.0521	15.0079	13.7452	11.6853	10.7050	8.1324	7.5908	6.8828	4.7093	4.2804	2.8378	3.0587	2.9988	2.5813	1.3328	1.5107	1.4231	1.0517	0.4137	0.2500	0.6207	1.3483	1.8572	1.7820	2.2696	30.9301	30.9406	30.8744	30.6954	30.7696	30.7936	30.7818	30.7381	30.7522	30.7143	30.7174	30.6700	30.7458	30.7533	30.8124	30.8072	30.8122	30.8250	30.8268	30.7665	30.8880	30.9091	30.9858	30.8248	31.0734	30.9575	30.9130	31.0534	31.0650	30.9032	30.9479	30.9181	30.8130	30.8770	30.7755	30.8791	30.9379	30.8585	30.9464	30.8447	30.7115	30.6006	30.8040	30.7162	30.7002	30.8691	30.5381	30.8803	30.9362	30.9462	30.8954	30.7387	30.7289	30.7319	30.5802	30.4850	30.4055	30.5298	30.4208	30.4871	30.1841	30.4206	30.4113	30.4005	30.0976	30.3778	30.2775	30.3002	30.1064	30.3584	30.4480	30.2078	30.0291	29.9983	30.2432	30.0888	30.0905	30.2585	30.1136	30.0987	30.0841	30.3656	30.3383	30.0789	30.1340	30.3168	30.2356	29.8485	30.3233	30.1975	30.1496	29.8669	30.1628	30.0972	30.1450	29.8241	29.9132	30.1542	29.9814	30.2341	30.2383	30.1644	30.2120	30.0296	30.1750	30.2128	29.9582	29.7059	29.9576	30.0578	29.7119	30.1412	30.0819	30.0721	29.7315	29.8985	30.1534	29.9693	29.6688	30.0587	29.9397	29.9944	30.0869	29.9034	30.2405	30.0790	30.2684	30.2767	30.2031	30.2593	30.4494	30.5900	30.4177	30.4728	30.5011	30.6622	30.7075	30.6458	30.6969	30.7147	30.7106	30.7177	30.8846	30.8684	30.8968	30.8895	30.9656	30.8793	30.7084	30.7442	30.7926
30.9531	30.9420	30.9196	30.7736	30.6678	30.6645	30.6403	30.5382	30.6207	30.5459	30.3155	30.1756	30.1297	29.9490	29.6525	29.6388	29.7806	28.8536	28.6571	28.5771	28.1072	27.1547	27.4562	27.5115	26.5185	26.0227	26.4341	26.5898	25.2187	24.8793	25.8334	25.0447	24.1341	25.1623	25.7035	24.6255	25.2539	25.8307	26.0061	25.1016	25.8479	26.0344	25.6079	25.6576	26.0677	25.9400	25.4191	25.4367	25.1176	24.6266	23.9683	24.1143	23.1737	20.9552	19.2152	17.1909	15.0040	13.7227	12.1419	9.6431	9.1494	7.2875	7.1360	5.6946	4.4553	3.9029	2.6534	3.1178	2.9105	2.6064	1.4619	1.8956	1.6885	1.0261	0.5106	0.2500	0.7372	1.7277	1.8699	1.6785	30.9689	30.8915	30.8314	30.7816	30.8694	30.8017	30.7973	30.8432	30.7044	30.6983	30.7499	30.7744	30.7324	30.7266	30.8202	30.8922	30.8017	30.8884	30.8218	30.8498	30.9596	30.9806	31.0325	30.8783	31.0428	31.0052	30.9317	31.0695	31.0839	30.9754	31.0667	30.9486	30.8684	30.9016	30.8744	30.8789	30.8485	30.8854	30.9322	30.8759	30.7338	30.7011	30.8960	30.7704	30.6673	30.8602	30.7151	30.8772	30.9028	30.9468	30.9326	30.7904	30.6742	30.8130	30.8118	30.7854	30.5795	30.6417	30.6508	30.6017	30.2350	30.6087	30.6201	30.4397	30.4081	30.5570	30.5596	30.5017	30.4564	30.5545	30.5248	30.2977	30.3316	30.4752	30.4294	30.3034	30.4263	30.5667	30.4514	30.3543	30.2666	30.5391	30.5147	30.4525	30.4368	30.3299	30.3874	30.1727	30.4131	30.2756	30.3874	30.2142	30.4208	30.3722	30.2593	30.1443	30.2922	30.2016	30.2007	30.3779	30.4467	30.3588	30.0439	30.1136	30.4223	30.3587	30.1248	30.0449	30.0515	30.1037	29.9369	30.2614	30.1117	30.0753	29.9720	30.0361	30.0086	30.0328	30.0754	30.0709	29.9841	29.9277	30.1339	30.0067	30.1187	30.0722	30.3328	30.0920	30.1624	30.1561	30.4749	30.4891	30.3042	30.4341	30.5678	30.5106	30.6271	30.6125	30.6477	30.6748	30.6508	30.7619	30.8463	30.7822	30.8133	30.8310	30.8574	30.8383	30.8153	30.8158	30.8036
30.7642	30.8036	30.5878	30.4443	30.3230	30.3998	30.3807	30.3093	30.2925	30.1399	30.0795	29.9041	29.6703	29.6448	29.2293	28.9721	28.9815	28.5631	28.3594	28.1869	27.8477	26.9852	27.1460	27.0768	26.5748	25.5395	26.2626	26.5842	24.9831	25.0653	25.6921	24.0567	23.9033	24.8430	24.5178	24.1045	24.5343	24.3770	24.5747	23.9814	24.3310	24.6038	24.5533	23.8209	24.3510	24.1582	23.5393	23.9408	23.1488	22.8237	21.9237	22.7052	21.2897	19.1349	17.7021	15.9839	14.4144	12.6508	11.4425	9.6947	8.8521	8.4165	7.2260	5.7617	5.5914	4.2155	3.5870	2.7100	3.1590	3.2515	2.3843	1.7020	1.5306	1.6836	1.3190	0.5185	0.2500	0.6593	1.7378	2.0814	30.8353	30.6294	30.6615	30.6187	30.6784	30.6860	30.6193	30.7030	30.4703	30.5678	30.6212	30.6001	30.5646	30.6166	30.7555	30.7039	30.6889	30.7293	30.8156	30.7632	30.7405	30.8461	30.8963	30.7859	30.8337	30.9271	30.6524	30.8892	30.8848	30.8011	30.8493	30.7998	30.7863	30.7527	30.6591	30.7253	30.6355	30.6213	30.6869	30.6057	30.5248	30.4610	30.6261	30.4730	30.5013	30.5705	30.5675	30.6253	30.6588	30.6519	30.5137	30.5176	30.4559	30.5214	30.5434	30.5674	30.4569	30.5974	30.3178	30.4817	30.1486	30.4247	30.3230	30.2969	30.1116	30.2697	30.2823	30.1077	30.2256	30.2368	30.2580	29.8147	30.3420	30.0251	29.9105	30.0564	30.2025	30.2623	30.2531	30.1337	30.1442	30.2952	30.1845	30.1644	30.1790	30.1387	30.1534	30.0541	30.1067	29.9756	30.1041	30.0181	29.9232	30.1260	30.0174	29.9585	29.9990	30.0557	30.2493	30.3473	30.2150	30.1836	30.0392	29.9814	30.0416	30.0145	29.8579	29.6921	29.9742	30.0244	29.9184	30.0740	30.0006	29.8624	29.8519	29.8957	29.9110	29.9019	30.0084	29.8082	30.0647	30.1067	29.8003	30.0296	30.2257	30.1660	30.0942	30.2715	30.1701	30.2381	30.3168	30.3821	30.2557	30.3511	30.4807	30.4666	30.5646	30.5472	30.4818	30.5173	30.4153	30.6019	30.6525	30.6178	30.7409	30.7692	30.8342	30.8374	30.7489	30.7047	30.7156
30.9198	30.8185	30.6423	30.6605	30.6553	30.5007	30.3836	30.3705	30.5222	30.3704	30.1820	30.1451	30.0471	30.0185	29.6271	29.5255	29.7408	28.6772	28.4179	28.3176	28.0473	27.2211	27.2437	27.6434	26.8562	25.9022	26.3059	26.5086	24.5356	24.9970	25.7543	24.3517	24.0475	25.3349	25.2657	24.4682	25.0717	25.5571	24.7369	24.6948	25.2373	25.4291	25.3169	25.1517	25.6168	25.3897	25.0674	25.4341	25.0329	24.6360	24.1427	24.1703	23.0950	21.1911	19.2702	18.0873	16.1128	13.8256	13.1994	11.0319	10.6063	9.3855	10.0222	7.2228	6.1803	5.1994	4.4447	4.1774	2.7733	2.9839	3.0905	2.7819	1.9220	2.1380	2.8801	1.2364	0.6212	0.2500	0.7838	2.1286	31.0403	30.8934	30.9577	30.8499	30.8974	30.8694	30.8550	30.7950	30.7369	30.7420	30.7716	30.7340	30.7604	30.7795	30.8180	30.8646	30.7453	30.8504	30.8796	30.8468	30.9565	30.9054	31.0418	30.8896	31.0024	30.9233	30.8497	31.0439	30.9586	30.8614	30.9674	30.8955	30.8431	30.8115	30.7515	30.8434	30.8785	30.8851	30.9584	30.7898	30.7670	30.6867	30.7056	30.7179	30.6469	30.8502	30.7776	30.8956	30.7820	30.8860	30.9902	30.7406	30.7152	30.6494	30.6187	30.5882	30.5504	30.5588	30.5084	30.4643	30.3822	30.3868	30.3899	30.4455	30.3011	30.4347	30.3159	30.2431	30.2244	30.3285	30.4451	30.2250	30.1794	30.1852	30.2212	30.0974	30.1940	30.3663	30.2472	30.1540	30.1206	30.3187	30.3715	30.0419	30.1176	30.2995	30.2303	30.0267	30.2416	30.2952	30.2307	29.8401	30.2497	30.3698	30.0431	29.9261	30.1650	30.4045	30.1242	30.4485	30.4057	30.1564	30.2573	30.0855	30.0636	30.2284	29.9526	29.8581	30.1690	30.2184	29.9334	30.1154	30.1673	29.9133	29.7813	30.0095	30.1143	30.0839	29.9577	30.1418	30.1072	30.1155	30.0120	30.2208	30.2411	29.9773	30.3386	30.4607	30.3146	30.2314	30.5721	30.6528	30.5132	30.4135	30.6486	30.6819	30.6986	30.7266	30.8264	30.6566	30.7451	30.7269	30.7957	30.7799	30.8912	30.8187	30.9397	30.8405	30.7085	30.8200	30.7756
30.8011	30.9816	30.7969	30.7656	30.6892	30.6858	30.6659	30.5719	30.5931	30.6212	30.1051	30.0842	30.0740	30.0886	29.7066	29.6330	29.9456	28.9204	28.6259	28.8360	28.5204	27.4291	27.3988	27.5994	27.3049	26.2204	26.7214	26.8106	25.4225	25.2854	26.0669	24.8321	24.3429	25.9649	25.8338	25.2796	25.7876	26.3868	25.9935	25.4761	26.3601	26.3402	26.3423	26.1460	26.3212	26.4612	25.8375	26.0997	25.6404	25.4165	24.7930	24.8915	24.3963	22.4677	20.8814	19.6326	17.2919	15.3560	14.6045	12.0962	11.7204	10.9947	10.9208	10.0994	8.1616	6.6758	6.0626	5.0836	4.5621	2.8682	3.6261	4.1590	2.8393	2.2021	2.9289	2.2991	1.8174	0.7905	0.2500	0.8845	31.0572	31.0601	31.0171	30.9744	31.0153	30.8941	30.9343	30.9193	30.8201	30.8418	30.9108	30.9382	30.8696	30.9123	30.8847	30.9665	30.9326	31.0025	30.9710	30.9707	31.0380	31.0084	31.0816	30.9086	31.0620	31.0995	30.9288	31.0576	31.0820	31.0944	31.0768	31.0230	30.9429	30.9871	30.9336	30.9864	30.9213	30.9789	31.0215	30.8266	30.7920	30.8037	30.9194	31.0202	30.7705	30.9147	30.8029	31.0216	31.0292	31.0757	31.0984	30.8717	30.8000	30.7538	30.7203	30.6568	30.6660	30.7152	30.6559	30.5643	30.4083	30.5163	30.4495	30.5043	30.3936	30.5548	30.4620	30.3184	30.3550	30.5112	30.4129	30.4257	30.2158	30.3382	30.1944	30.2717	30.2204	30.4233	30.3599	30.2246	30.1942	30.4345	30.4308	30.2942	30.3035	30.4007	30.3661	30.1108	30.3491	30.2060	30.2533	30.0360	30.3409	30.1260	30.1304	30.0190	30.2320	30.0849	30.1196	30.2774	30.3722	30.1365	30.1425	30.2107	30.2753	30.2648	30.0574	30.0037	30.1787	30.0410	29.9833	30.1720	30.2517	30.2157	30.0170	30.2175	30.1566	30.0619	30.0036	30.2796	30.0341	29.9840	30.2931	30.2296	30.2059	30.1294	30.5006	30.3322	30.3412	30.2273	30.4716	30.6179	30.4687	30.4496	30.5758	30.5592	30.7303	30.6893	30.8428	30.7091	30.6824	30.7960	30.8997	30.9163	30.9839	30.9679	30.9857	30.9722	30.9675	30.9185	30.9284
31.0103	30.8300	30.5168	30.5064	30.2388	30.4019	30.1751	30.4875	30.3393	30.1056	30.1625	30.1736	29.6250	29.6926	29.1205	29.1305	29.0903	29.1199	28.3714	28.5380	28.5500	27.0352	27.7681	27.9625	27.3755	25.9762	26.9807	26.7825	24.8649	25.8536	26.6816	24.8316	24.6134	26.5235	26.2841	25.1019	26.3996	26.4674	25.9124	25.6173	26.0726	26.3163	26.1723	25.8660	26.0998	26.2223	26.1178	25.9085	25.6004	25.7306	24.7986	25.4330	25.1222	23.6963	23.0117	21.5344	18.8016	16.8869	17.4119	14.4021	13.8606	12.4408	13.0700	11.5448	9.7402	8.7793	7.7915	7.5245	6.0629	5.5829	4.2175	4.9812	4.7240	4.1504	3.4340	3.0596	3.4151	2.8696	0.9660	0.2501	30.9840	30.7338	30.7878	30.7885	30.9516	30.8749	30.7774	30.7974	30.7372	30.7722	30.8657	30.7312	30.8155	30.8619	30.8771	30.8726	30.7970	30.9164	30.9841	30.9639	30.8375	30.8892	30.9434	30.9016	31.0506	30.9227	30.6634	30.9475	30.9635	30.8544	30.9509	30.8804	30.9045	30.8717	30.7453	30.7412	30.7297	30.7872	30.8611	30.7930	30.7017	30.7281	30.7415	30.7452	30.6891	30.7322	30.8356	30.7887	30.8238	30.7888	30.7578	30.7723	30.6988	30.6203	30.6340	30.5721	30.5846	30.7004	30.5474	30.4524	30.3082	30.4116	30.4466	30.2689	30.1375	30.5208	30.3470	30.1971	30.1951	30.4611	30.4180	30.0682	30.3641	30.3665	30.0701	30.2026	30.3528	30.3667	30.2705	30.2295	30.3293	30.3934	30.1249	30.2113	30.2997	30.0270	30.2814	30.1897	30.2515	29.9230	30.4240	30.0180	30.2296	30.1708	30.2791	30.2175	30.1696	30.4525	30.4286	30.5082	30.4697	30.3624	30.1197	30.3187	30.1152	30.3833	30.2279	30.1903	30.2318	30.4106	30.2397	30.2467	30.4658	30.0309	30.0676	30.1072	30.1045	30.0047	30.2736	29.9826	30.3782	30.0788	30.1711	30.0887	30.2492	30.2921	30.2069	30.0087	30.1561	30.3236	30.1084	30.3355	30.2051	30.4688	30.5749	30.5507	30.6445	30.5704	30.7307	30.7176	30.6163	30.6883	30.7619	30.8069	30.8535	30.9352	30.9623	30.9574	30.9630	30.9446	30.9225
31.4417	31.3478	31.3803	31.2824	31.3188	31.2722	31.2483	31.1621	31.2331	31.2451	31.2537	31.2391	31.2265	31.2049	31.2175	31.2340	31.1441	31.1792	31.1111	31.1079	31.0896	31.0434	31.0615	31.0819	31.0173	30.9724	30.9395	31.0426	30.9954	31.0098	30.9642	30.8900	30.9002	30.9523	30.9083	30.9531	30.8230	30.9179	30.6988	30.6519	30.7175	30.6666	30.4914	30.5217	30.5874	30.4846	30.4594	30.5361	30.5705	30.5817	30.5342	30.4757	30.5420	30.5014	30.4804	30.5342	30.6399	30.6613	30.7272	30.7549	30.7681	30.9043	30.7650	30.7741	30.7885	30.8164	30.8040	30.7471	30.8465	30.9153	30.9530	30.8622	30.8846	30.8876	30.9620	30.9671	31.0242	31.1107	31.1344	31.1761	0.2506	2.2553	3.9563	7.0434	5.9322	5.5520	8.0608	9.7189	8.9464	9.3679	10.8550	11.8593	12.2615	12.7970	15.3746	17.0320	16.6465	19.5188	20.8586	21.3455	23.4560	23.8107	25.9930	25.8836	27.0077	27.6637	27.1609	28.1500	27.9819	28.5064	28.8993	28.6958	28.9513	29.0329	29.2492	29.3367	29.4703	29.7026	29.6626	29.7212	29.5672	29.9403	29.9846	29.9463	29.8919	30.1710	30.2753	30.1880	30.1693	30.3587	30.1974	29.8608	29.7502	29.7490	29.4141	29.4949	29.2030	28.7706	28.8905	28.8552	28.5586	28.3956	28.6790	28.7444	28.1804	28.6681	28.9388	29.1011	28.9401	29.1071	29.2993	29.3961	29.1327	29.3405	29.7154	29.7526	29.5898	30.1201	30.1665	30.0585	30.1718	30.2551	30.2764	30.3165	30.2597	30.4840	30.5137	30.3430	30.5426	30.5147	30.7851	30.4896	30.7055	30.8004	30.7897	30.6981	30.6898	30.8704	30.8987	30.9886	30.9130	31.0501	30.9637	31.0178	31.0632	30.9752	31.1100	31.0717	31.1420	31.0788	31.0889	31.1725	31.1298	31.2491	31.1732	31.2219	31.2060	31.2149	31.2434	31.2309	31.2275	31.2376	31.2437	31.2924	31.3251	31.2774	31.3186	31.3021	31.3486	31.3100	31.3644	31.3540	31.3311	31.3615	31.3651	31.3650	31.4065	31.4191	31.3567	31.4311	31.4004	31.3679	31.4044	31.4396	31.4105	31.4365	31.4545	31.4282	31.4399	31.3746	31.4531
31.3585	31.3408	31.3300	31.2530	31.3131	31.2083	31.2578	31.1614	31.2162	31.2377	31.1931	31.1947	31.1377	31.1920	31.1229	31.2159	31.1860	31.1608	31.0595	31.1337	31.0736	30.9955	31.0449	31.0082	30.9751	30.8824	30.8923	30.9617	30.8990	31.0096	30.9128	30.8244	30.8526	30.8871	30.8013	30.8171	30.8152	30.7750	30.7241	30.6289	30.6987	30.5676	30.4524	30.4330	30.4573	30.5315	30.4167	30.4175	30.4373	30.5404	30.4823	30.4942	30.5838	30.5002	30.4930	30.5668	30.6499	30.6171	30.7560	30.6967	30.7737	30.7517	30.7573	30.7363	30.6463	30.7887	30.8099	30.8169	30.7863	30.7720	30.9742	30.9008	30.8010	30.7737	30.7697	30.8474	30.9315	30.9213	31.0604	31.0282	1.0909	0.2500	1.5572	2.8685	4.8387	4.4903	4.4785	7.7394	7.8260	6.5187	8.3749	9.6360	10.1277	10.5139	11.9857	14.0677	15.6061	17.1353	17.7265	18.4481	21.5129	21.6827	24.2224	24.1655	25.6070	26.3862	25.8501	27.1877	26.8130	27.5431	27.8095	28.2172	28.0966	28.3077	28.4972	28.6866	28.5257	28.9355	28.9857	29.1909	29.1504	29.3306	29.3975	29.5303	29.3397	29.7441	29.7197	29.5394	29.6907	29.9669	29.7592	29.3507	29.1800	29.5336	28.9351	29.0813	28.6082	28.2014	28.2789	28.6968	27.8898	27.9257	28.3200	28.1522	27.8373	28.0047	28.2929	28.5798	28.4283	28.6998	29.1575	28.9816	28.4926	29.0315	29.5750	29.5779	29.3008	29.9284	29.9742	29.7412	29.8561	30.1265	30.0699	30.2034	29.9778	30.3936	30.4503	30.1664	30.2593	30.3631	30.5792	30.3766	30.5137	30.6322	30.7569	30.4292	30.6732	30.8419	30.7790	30.7654	30.8089	30.9229	30.8855	30.8059	30.8961	30.8871	30.9910	30.8369	31.0143	30.9702	31.0401	31.0668	31.0981	31.1392	31.1113	31.1439	31.1802	31.0514	31.1216	31.2152	31.1422	31.1384	31.2423	31.2508	31.2642	31.2332	31.2991	31.2771	31.2883	31.2217	31.2228	31.3313	31.3243	31.2690	31.3267	31.3396	31.2926	31.3557	31.3848	31.3929	31.2705	31.2728	31.4230	31.3630	31.4268	31.3980	31.4426	31.4522	31.4522	31.3427	31.4669
31.3274	31.3358	31.2740	31.2074	31.1669	31.1751	31.2225	31.1716	31.2170	31.1868	31.1444	31.1315	31.0966	31.0821	31.1122	31.1142	31.1093	30.9871	30.9881	30.9740	30.9430	30.9013	30.8301	30.8200	30.8625	30.8690	30.8602	30.8723	30.8291	30.7613	30.7140	30.7003	30.7386	30.7497	30.6838	30.7141	30.5812	30.6643	30.5685	30.4586	30.4224	30.3931	30.2716	30.3571	30.3517	30.2863	30.3062	30.3603	30.3353	30.2748	30.3356	30.3234	30.3025	30.3164	30.3801	30.3328	30.4986	30.4958	30.5603	30.5471	30.6421	30.7383	30.6832	30.6267	30.5897	30.6836	30.7804	30.7515	30.7479	30.7978	30.8789	30.7840	30.8584	30.8297	30.8366	30.8362	30.9544	31.0004	31.0154	31.0934	2.0153	1.1235	0.2500	1.3733	2.8955	4.1753	3.5681	4.4584	6.2337	6.7001	5.8140	7.6823	7.7670	9.1870	11.2072	12.0870	13.5993	15.9114	15.9529	17.0609	19.9579	20.5457	23.3909	23.5590	25.2269	25.9936	25.5620	26.7780	26.2763	27.3657	27.4767	27.8770	28.0091	27.9776	28.2039	28.6965	28.5564	28.8930	29.0583	28.9331	29.1926	29.1326	29.0978	29.3530	29.1692	29.5744	29.5492	29.4114	29.4440	29.7216	29.6311	29.2541	29.0412	29.2748	28.9144	29.0998	28.6111	28.3647	28.2747	28.6364	27.8057	27.9689	28.1654	28.1557	27.8080	27.8674	28.2520	28.5353	28.1878	28.5322	28.9346	29.0329	28.7602	28.7793	29.6814	29.4792	29.2419	29.8738	29.9676	29.8727	29.7533	30.0805	30.0331	30.1127	29.9450	30.3798	30.4120	30.1908	30.2642	30.4415	30.5052	30.2997	30.5085	30.6419	30.6090	30.4545	30.5587	30.6616	30.5815	30.7261	30.7828	30.7446	30.8170	30.7907	30.7996	30.8429	30.8633	30.8153	30.9810	30.9040	30.9234	30.9575	30.9177	30.9977	30.9120	31.0656	30.9656	31.1200	31.0693	31.1137	31.0943	31.1035	31.0876	31.1750	31.2017	31.1414	31.2198	31.2204	31.2399	31.1809	31.1604	31.2411	31.2224	31.2107	31.3068	31.3012	31.2897	31.3250	31.3178	31.3578	31.2504	31.2012	31.3712	31.3332	31.3909	31.3970	31.4328	31.4195	31.4178	31.3472	31.4089
31.3472	31.3281	31.2671	31.1855	31.2407	31.2030	31.2470	31.1619	31.2185	31.1425	31.1706	31.1847	31.1182	31.0509	30.9859	31.0889	31.0118	30.9113	30.9090	30.9281	30.8868	30.7819	30.7815	30.7794	30.7569	30.7651	30.7159	30.7852	30.6775	30.7213	30.6351	30.6667	30.5303	30.6555	30.5366	30.6351	30.4608	30.5804	30.3576	30.2864	30.3253	30.3545	30.1683	30.0958	30.1977	30.2929	30.1566	30.1751	30.2997	30.2378	30.2730	30.2884	30.3054	30.3699	30.3443	30.3230	30.4672	30.4860	30.5016	30.5454	30.5964	30.7102	30.6219	30.6232	30.5767	30.6477	30.6492	30.7068	30.6672	30.7617	30.8353	30.7540	30.7168	30.7698	30.7778	30.8610	30.8428	30.8634	31.0184	31.0946	3.3824	2.5176	1.0986	0.2500	1.3248	2.8273	3.8293	4.7964	4.3445	6.0836	6.9533	6.1202	6.5494	8.2227	9.2443	10.9669	12.5447	14.7087	15.4483	16.1955	19.2732	19.5838	23.0199	22.4625	24.8454	25.7086	24.9857	26.3715	26.3089	26.8334	27.5192	27.4827	27.8293	27.9314	28.0212	28.5851	28.5711	28.7248	28.9634	28.8710	29.0623	29.1019	29.1348	29.5300	29.3918	29.5593	29.4838	29.6265	29.5036	29.9514	29.6835	29.2041	29.0936	29.2506	28.9157	28.9996	28.6441	28.1953	28.3337	28.3854	28.1424	27.8041	28.0652	28.2196	27.9030	27.8525	28.2922	28.2428	27.9749	28.4347	28.7761	28.6850	28.4389	28.8158	29.1934	29.1870	29.2354	29.6878	29.7618	29.6356	29.7621	29.8521	29.8800	29.9373	29.9856	30.2324	30.1858	30.0468	30.2647	30.3263	30.3182	30.2468	30.4964	30.5874	30.4547	30.4875	30.6006	30.5555	30.6012	30.6810	30.7204	30.7951	30.8048	30.6894	30.7004	30.8291	30.8797	30.7454	30.9334	30.8386	30.8837	30.9314	30.9061	31.0145	30.8889	31.0414	31.1010	31.0244	31.0559	31.0697	31.1086	31.0410	31.1311	31.1201	31.1667	31.0636	31.2070	31.1687	31.2091	31.1337	31.1367	31.1531	31.2296	31.1445	31.2760	31.1941	31.2864	31.2465	31.2480	31.3346	31.2444	31.1934	31.3113	31.2295	31.3239	31.3309	31.3587	31.3495	31.3448	31.3030	31.3320
31.2890	31.2990	31.2961	31.1858	31.2375	31.2116	31.2511	31.1838	31.2214	31.1530	31.1940	31.1404	31.1442	31.0543	31.0749	31.1198	31.0238	30.9452	30.9865	30.9357	30.8994	30.8456	30.8755	30.8273	30.7819	30.7497	30.6980	30.7812	30.7332	30.6797	30.7081	30.7012	30.6194	30.6990	30.5824	30.6508	30.3974	30.5476	30.3778	30.2710	30.3209	30.3061	30.2463	30.1043	30.1706	30.2589	30.1130	30.1095	30.2265	30.2178	30.1665	30.2306	30.3115	30.3916	30.3302	30.2800	30.4835	30.5373	30.6201	30.5232	30.5663	30.6196	30.6706	30.5891	30.6543	30.6518	30.7610	30.7312	30.6428	30.7546	30.7553	30.7620	30.7221	30.7608	30.7767	30.8940	30.7732	30.9321	31.0229	31.0440	4.5380	3.5607	2.2391	1.1078	0.2500	1.2221	2.8986	3.3159	4.0857	4.0257	6.5235	7.1441	5.4527	6.6462	8.8942	9.4215	10.8730	12.2755	13.8260	15.5447	17.7669	18.1275	22.1283	22.3929	24.1456	25.0673	24.2452	25.5191	25.6866	26.3507	26.8554	27.2829	27.5258	27.6320	28.0775	28.4846	28.4469	28.5946	28.8548	28.7829	29.0049	28.9510	29.0599	29.4492	29.2818	29.6659	29.3466	29.4494	29.3548	29.7471	29.6158	29.1531	28.9077	29.2482	28.8220	28.9012	28.6317	27.9461	28.0675	28.4421	27.9320	27.4950	27.8796	27.7553	27.5212	27.4733	28.0824	27.9638	27.7029	28.2378	28.7247	28.8262	28.3659	28.7208	29.3820	29.1681	29.1050	29.6395	29.8183	29.5850	29.6446	29.8574	30.0009	29.8284	29.8610	30.1267	30.1790	29.9398	30.1734	30.0380	30.2773	30.1589	30.4510	30.4321	30.4222	30.3257	30.5103	30.5746	30.5098	30.6169	30.6492	30.7946	30.7320	30.6184	30.7080	30.7339	30.8352	30.6715	30.8329	30.7970	30.8160	30.8572	30.9007	30.9725	30.8952	30.9726	30.9997	30.9659	30.9796	31.1050	31.0820	31.0276	31.0255	31.0776	31.1588	31.0015	31.1726	31.1780	31.2131	31.0389	31.1707	31.1928	31.2482	31.1820	31.2591	31.2436	31.2418	31.2542	31.2999	31.3568	31.2029	31.1540	31.2949	31.2577	31.3463	31.3035	31.3265	31.3426	31.3638	31.2648	31.3406
31.2860	31.2452	31.2378	31.1131	31.1915	31.0939	31.1993	31.0822	31.1529	31.0685	31.1265	31.0963	31.1009	31.0687	30.9774	31.0788	31.0293	30.9344	30.8971	30.9151	30.8919	30.7940	30.8868	30.8495	30.8780	30.6932	30.7269	30.8159	30.7370	30.6290	30.7187	30.6185	30.5921	30.6437	30.5019	30.6583	30.6297	30.5246	30.4125	30.3834	30.2327	30.2981	30.2155	30.0696	30.1293	30.0896	30.0438	30.0495	30.1713	30.1773	30.1087	30.1040	30.1619	30.2254	30.2394	30.1996	30.3851	30.3133	30.4151	30.3289	30.4606	30.4998	30.5042	30.4232	30.5505	30.5643	30.6233	30.6087	30.5528	30.5473	30.6689	30.6819	30.6132	30.6125	30.6075	30.6844	30.8300	30.7702	30.9739	31.0132	4.5436	3.4546	3.4741	1.9501	1.1538	0.2500	1.1291	2.5277	3.7493	3.7903	3.4741	6.5242	6.6402	5.5090	6.6619	9.4425	10.2054	12.2158	12.1412	14.6403	16.6768	16.9948	20.6598	21.1393	23.6688	24.3413	24.1543	25.6241	24.9456	26.3046	26.7218	27.0325	27.3250	27.5037	27.9083	28.2857	28.1526	28.5108	28.6438	28.4973	28.6779	28.7859	28.9670	29.0779	28.7894	29.4528	29.1989	29.3203	29.2673	29.5589	29.3377	29.0338	28.8079	29.0458	28.6674	28.6870	28.2071	27.6365	27.5555	27.6851	27.5162	27.0198	27.4122	27.6376	27.3518	27.1669	27.7355	28.1694	27.3411	27.8483	28.6037	28.5901	27.9686	28.4341	29.0711	29.0348	28.9512	29.6245	29.7494	29.5650	29.5652	29.8501	29.9927	29.7354	29.6604	30.1849	30.0026	29.7824	30.1035	30.1991	29.9885	30.0943	30.2238	30.3124	30.3448	30.1127	30.4034	30.4161	30.3305	30.5580	30.4994	30.6139	30.6173	30.3757	30.5869	30.6373	30.6615	30.4461	30.7344	30.7142	30.6747	30.8593	30.8289	30.8831	30.8265	30.8750	30.9454	30.8727	30.8464	31.0544	30.9538	30.9008	30.9754	31.0581	31.0893	31.0310	31.1286	31.1340	31.0595	31.0473	31.1274	31.2125	31.1444	31.0754	31.1695	31.2428	31.2152	31.1704	31.2088	31.2639	31.1753	31.1735	31.2556	31.1913	31.3010	31.2766	31.3031	31.2605	31.2857	31.2487	31.3117
31.3672	31.2974	31.2571	31.2139	31.1984	31.1685	31.2132	31.0945	31.1952	31.2351	31.1778	31.1304	31.1854	31.1298	31.0402	31.1149	31.0880	30.9495	30.8960	30.9905	30.9231	30.8621	30.8634	30.8404	30.8284	30.7376	30.6766	30.8772	30.8489	30.7453	30.7168	30.6850	30.6415	30.7186	30.5364	30.6220	30.6372	30.5416	30.4140	30.3573	30.3351	30.3115	30.1665	30.1741	30.1890	30.1339	30.1208	30.0746	30.0724	30.2518	30.1421	30.1328	30.1829	30.2081	30.2293	30.2140	30.2553	30.4735	30.4799	30.4449	30.4561	30.5712	30.5497	30.5640	30.5971	30.5838	30.6569	30.7224	30.6325	30.7238	30.8255	30.7453	30.7029	30.6980	30.7711	30.7845	30.9233	30.9197	31.0173	31.2162	5.8025	4.1506	3.9958	3.4604	2.2854	0.9298	0.2500	1.1587	3.2501	2.9874	3.6265	3.7394	5.5819	7.1636	5.7106	6.9297	9.7725	11.1954	11.8053	13.3074	15.7464	16.7059	20.0261	20.1100	23.4718	24.3224	23.3953	25.4586	24.8586	26.0071	26.6413	26.8008	27.3348	27.5004	27.8697	28.2511	28.0228	28.3951	28.6008	28.5863	28.6008	28.9500	29.0599	29.1689	29.0826	29.4617	29.3472	29.4658	29.2798	29.6825	29.5721	29.0455	28.8722	29.0365	28.8139	28.9396	28.2345	28.0458	27.9570	27.8983	27.6568	27.3651	27.6095	27.5006	27.1839	27.4253	27.9143	28.0934	27.7338	28.0936	28.6728	28.8617	28.0772	28.5229	29.2683	29.1585	28.9644	29.7868	29.8830	29.7099	29.5542	29.9074	29.9986	29.8025	29.7531	30.1333	30.0874	29.9496	29.9729	30.2509	30.0643	30.0483	30.2247	30.3027	30.2610	30.2422	30.3814	30.4662	30.3671	30.4793	30.5528	30.5656	30.6159	30.5171	30.7062	30.7428	30.7516	30.4996	30.7349	30.7949	30.7217	30.7906	30.8659	30.9116	30.7260	30.9464	31.0233	30.8467	30.8521	31.0359	30.9955	30.9051	30.9909	31.0866	31.1160	31.0451	31.1579	31.1499	31.1210	31.0493	31.1087	31.1777	31.1652	31.0646	31.1577	31.2227	31.1854	31.1441	31.1507	31.3136	31.1642	31.1034	31.3095	31.2217	31.2396	31.2114	31.2167	31.2605	31.2291	31.1770	31.3492
31.3520	31.2785	31.3239	31.1875	31.2525	31.1748	31.2463	31.1198	31.2337	31.1672	31.1874	31.1285	31.1107	30.9888	31.0029	31.0615	30.9729	30.8936	30.9184	30.9231	30.8181	30.8118	30.8540	30.8152	30.7972	30.7077	30.7263	30.7344	30.6850	30.5351	30.6172	30.6989	30.5430	30.6236	30.5133	30.5695	30.5501	30.5340	30.3496	30.2913	30.3143	30.2752	30.2138	30.1557	30.1720	30.1568	30.1270	30.1309	30.1793	30.1139	30.2114	30.2211	30.2273	30.2483	30.3006	30.1952	30.4583	30.4267	30.5249	30.5616	30.4965	30.6179	30.5593	30.5094	30.5691	30.6698	30.6137	30.6461	30.6375	30.7652	30.7229	30.6404	30.7488	30.6987	30.6846	30.7541	30.9361	30.8806	30.8832	31.2058	7.2607	5.7433	4.5774	5.5961	3.6768	1.8149	0.9167	0.2500	1.0513	2.4451	3.3531	3.2515	3.0112	5.5732	6.6979	4.8166	7.2171	8.7499	9.3360	11.1212	13.0503	14.6029	18.3396	18.7548	22.3987	23.5107	21.7172	24.0910	23.4184	24.7571	26.1053	25.9901	26.7301	27.2194	27.6987	27.7036	27.4242	28.1558	28.2914	28.3900	28.4989	28.7678	29.0432	28.9214	29.0419	29.2981	29.3290	29.3320	29.2061	29.6506	29.3332	29.0722	28.8314	28.9869	28.5558	28.9318	28.1512	27.6604	27.6509	27.8872	27.1013	26.5250	26.9989	27.0962	26.7009	26.5774	27.2321	27.4878	26.9887	27.6439	27.8969	28.2138	27.5886	28.1867	28.8453	28.5028	28.7615	29.4001	29.3201	29.1326	29.2928	29.6519	29.5762	29.5276	29.6457	29.7859	29.8835	29.5723	29.7450	30.0301	29.9089	29.8988	30.1384	30.2100	30.1581	30.1728	30.3272	30.1596	30.3153	30.3314	30.5131	30.5444	30.6437	30.4631	30.5025	30.6052	30.6790	30.4131	30.7322	30.7432	30.4893	30.8438	30.7000	30.8681	30.7288	30.8963	30.9509	30.8744	30.8204	30.9719	30.9395	30.8432	30.9876	31.0082	31.0430	30.9336	31.0894	31.0974	31.0946	31.0249	31.0549	31.1431	31.1140	31.0752	31.1751	31.2020	31.2290	31.1464	31.2401	31.2778	31.1244	31.1188	31.2631	31.1879	31.2394	31.2413	31.2076	31.2521	31.2731	31.2236	31.2595
31.2821	31.3071	31.2413	31.1903	31.1714	31.1689	31.2672	31.0810	31.1665	31.1202	31.1690	31.1483	31.1967	31.0300	31.0174	31.1047	31.0600	31.0166	30.9527	30.9956	30.8667	30.9008	30.8453	30.8264	30.8063	30.8210	30.7373	30.7918	30.8215	30.7125	30.7374	30.7144	30.5406	30.6331	30.4653	30.6220	30.4751	30.6240	30.4234	30.3617	30.4532	30.3134	30.2010	30.2722	30.2629	30.2988	30.1610	30.1885	30.2959	30.3374	30.3312	30.2817	30.3402	30.2954	30.3587	30.2816	30.4666	30.5418	30.6234	30.5522	30.7225	30.8044	30.6909	30.7925	30.7269	30.7568	30.8328	30.8002	30.7352	30.8362	30.9198	30.7532	30.8146	30.7935	30.7610	30.8330	30.9026	30.8876	30.9636	31.1396	5.8912	5.9029	5.1464	3.5964	4.0466	2.8834	1.3645	0.6523	0.2500	0.8988	2.0252	3.1491	2.3563	2.8155	5.0175	5.5172	5.9040	7.5504	8.9792	10.1063	12.1561	13.1738	16.9948	17.5837	21.4669	22.1719	21.4220	23.7576	22.7402	24.4227	25.2026	25.5813	25.9496	26.6634	27.5291	27.5144	27.0367	27.8159	28.1527	28.0403	28.1195	28.2969	28.5625	28.6588	28.3801	28.9527	28.8322	29.2484	29.0017	29.3484	29.0377	28.7538	28.4753	28.6979	28.0960	28.4959	27.9382	27.4335	26.7729	27.4749	26.5623	26.0915	26.4281	26.4254	26.4028	25.9849	26.8541	27.2780	26.3778	27.0938	27.8472	27.8694	27.4830	27.9169	28.8361	28.3897	28.3900	29.1130	29.2556	28.9909	29.1945	29.4632	29.6506	29.3434	29.3867	29.7063	29.4699	29.4238	29.7381	29.7747	29.7634	29.8453	29.9980	30.0788	29.8112	29.9440	30.1296	30.2298	30.1433	30.3820	30.4105	30.4361	30.4003	30.3465	30.5699	30.4380	30.5715	30.3921	30.5989	30.6974	30.6155	30.6807	30.7103	30.7854	30.6312	30.7617	30.8760	30.7069	30.7557	30.8691	30.9282	30.7735	30.9345	30.9140	30.9808	30.8744	30.9456	31.0465	31.0125	30.9117	30.9805	31.0652	31.0964	30.9195	31.0358	31.0811	31.0996	31.0261	31.0911	31.2633	30.9599	30.9345	31.1778	31.0694	31.2063	31.1465	31.2545	31.1602	31.2532	31.1493	31.2818
31.3482	31.2450	31.2239	31.2074	31.1922	31.1832	31.2170	31.1453	31.2329	31.1755	31.1710	31.0901	31.1206	31.0989	31.0803	31.0519	31.0815	30.9251	30.9873	30.9860	30.9055	30.8467	30.8234	30.8136	30.7729	30.8216	30.7975	30.7693	30.7331	30.7620	30.6431	30.7247	30.5699	30.7048	30.4808	30.6160	30.4715	30.4581	30.4451	30.3245	30.3634	30.2384	30.1049	30.1133	30.1806	30.0464	30.0610	30.0586	30.2410	30.3314	30.1702	30.1995	30.2421	30.2485	30.3197	30.3295	30.4135	30.4814	30.5107	30.5733	30.5784	30.7350	30.6086	30.6315	30.6904	30.6828	30.7138	30.7463	30.6301	30.7254	30.8804	30.7936	30.6804	30.8252	30.8740	30.8613	30.9926	31.0072	30.9926	31.1825	5.6985	5.5668	6.4547	4.9809	3.6845	3.6758	2.6830	1.5094	0.7812	0.2500	0.9806	2.5287	2.9769	2.7246	3.3132	4.8625	6.3637	6.8436	8.1775	9.2815	11.6119	12.7459	16.5528	17.3747	21.2312	22.1710	21.0480	23.2266	22.5622	23.7416	25.1250	25.4465	26.0777	26.5487	27.0853	27.3436	26.9005	27.6723	28.0109	28.0984	28.0932	28.3184	28.4433	28.7963	28.5886	29.0399	28.9518	29.1475	28.7582	29.2484	28.9821	28.6643	28.3246	28.5523	28.0067	28.2167	27.7344	27.0129	27.0462	27.4115	26.7087	25.8247	26.3724	26.7887	26.0999	26.0995	27.0108	27.5245	26.6284	27.3047	28.1885	28.2417	27.7009	28.2045	29.1025	28.8794	28.7360	29.3546	29.4546	29.3489	29.3399	29.7095	29.8711	29.6045	29.6006	29.9376	29.6719	29.7089	29.9195	30.0344	30.0046	29.7875	30.0662	30.0476	30.1678	30.0280	30.2521	30.2908	30.2488	30.2226	30.5011	30.4861	30.4625	30.3350	30.5699	30.6346	30.6313	30.4302	30.7179	30.7939	30.6128	30.7086	30.7373	30.9091	30.6899	30.8037	30.8307	30.8065	30.7768	31.0387	30.9985	30.8879	30.9551	30.9842	31.0525	30.9101	31.0412	31.1185	31.0782	30.9793	31.0534	31.1484	31.1522	31.0382	31.1501	31.1862	31.1663	31.1051	31.1617	31.2575	31.1290	31.1098	31.2644	31.1665	31.1935	31.2166	31.2377	31.2875	31.2448	31.1552	31.3025
31.3658	31.3436	31.2420	31.2242	31.1734	31.2024	31.2839	31.1949	31.2346	31.1827	31.2216	31.1320	31.1699	31.1175	31.1065	31.1168	31.0486	30.9354	31.0140	31.0092	30.8708	30.8015	30.8422	30.8169	30.6908	30.7341	30.7687	30.7670	30.7002	30.6579	30.5883	30.6108	30.5256	30.6493	30.5080	30.5859	30.5435	30.5819	30.3901	30.2468	30.3325	30.2853	30.1570	30.2168	30.1655	30.1895	30.1535	30.1135	30.2533	30.2919	30.1755	30.1619	30.2683	30.2990	30.2926	30.3014	30.4294	30.5087	30.6001	30.5891	30.5897	30.6948	30.7546	30.5820	30.7231	30.6750	30.7479	30.8053	30.6842	30.8359	30.8639	30.8314	30.8224	30.8507	30.8021	30.9392	31.0438	30.9709	31.0966	31.2054	7.3590	5.2408	5.8066	5.6708	4.5588	3.8153	3.1794	2.3542	1.5844	0.7821	0.2500	1.1937	2.0939	2.7914	3.3329	3.0327	5.7771	6.5913	7.1905	8.2503	10.8949	12.2384	15.5295	16.2710	20.4462	21.2592	20.1112	23.1225	22.5072	23.9194	25.2785	25.2585	26.0926	27.0713	27.3142	27.3260	27.2621	27.5668	28.2421	27.8075	28.0720	28.4033	28.5514	28.7686	28.7219	28.9581	29.1086	29.1069	28.8841	29.4689	29.1308	28.9276	28.6774	28.8723	28.2978	28.6830	28.1346	27.4648	27.3369	27.7814	26.8895	26.1579	26.9036	27.1964	26.3527	26.1698	27.4337	27.5807	26.4198	27.3536	28.0530	28.4533	27.4630	27.9327	29.0960	28.6520	28.7672	29.2830	29.4395	29.0717	29.4339	29.5961	29.5839	29.3591	29.6750	29.8700	29.5764	29.5728	29.7621	29.8160	29.8062	29.8342	29.9328	30.0184	29.8216	30.0701	30.2373	30.0933	30.0961	30.2697	30.3602	30.4375	30.4218	30.3467	30.5055	30.5877	30.5703	30.3470	30.6964	30.6278	30.5292	30.7016	30.6070	30.8317	30.6349	30.9120	30.8384	30.7351	30.7948	30.9263	30.7611	30.9087	30.9029	31.0028	31.0139	30.8817	30.9988	31.0119	31.0309	30.9699	31.0245	31.0904	31.0964	31.0594	31.0641	31.1489	31.1655	31.0949	31.1436	31.2106	31.0581	31.0408	31.1878	31.1210	31.1349	31.2610	31.2504	31.2136	31.2271	31.1254	31.1823
31.3482	31.3020	31.3159	31.2489	31.2378	31.2409	31.3013	31.1969	31.2561	31.1895	31.2283	31.1762	31.2073	31.1267	31.1136	31.0574	31.1334	31.0406	30.9989	31.0500	30.8967	30.7941	30.8937	30.8912	30.8707	30.7600	30.7950	30.7687	30.7781	30.6996	30.7228	30.7513	30.6963	30.6482	30.6461	30.7432	30.6150	30.6467	30.4333	30.3108	30.3679	30.3910	30.2893	30.2073	30.3098	30.3597	30.3034	30.3336	30.3151	30.3671	30.3072	30.2719	30.3626	30.4148	30.3957	30.3668	30.5618	30.5718	30.7069	30.6329	30.6715	30.8088	30.7829	30.6959	30.8602	30.8168	30.8667	30.7717	30.7929	30.8851	30.9288	30.8952	30.9536	30.8727	30.9247	30.9464	31.0208	31.0511	31.1381	31.2160	8.6155	6.8264	5.2671	5.3339	5.5522	4.6261	3.5413	2.6050	2.4962	1.7575	0.7182	0.2500	1.1665	2.3147	3.1685	3.2659	4.3712	6.4389	7.1598	8.1511	9.4455	11.4966	15.0084	16.6055	19.6627	20.4101	20.0934	23.3758	22.0229	23.3432	25.1804	25.2289	26.0334	26.4604	27.1351	27.3228	26.9910	27.5600	28.1740	27.7711	27.7821	28.3528	28.7122	28.7370	28.7232	28.9996	29.1114	29.0901	29.0379	29.4494	29.1761	28.9933	28.4873	29.1496	28.2696	28.9312	28.5690	27.7235	27.1910	27.7943	27.1506	26.1372	26.8826	27.3738	26.9357	26.2083	27.5666	27.9721	26.8206	27.5988	28.3401	28.5382	27.9091	28.0608	29.2227	28.9047	28.9653	29.3711	29.6315	29.3965	29.5394	29.8165	29.7804	29.4565	29.8230	29.9621	29.8189	29.7101	29.9043	29.8205	29.8248	29.9323	29.9011	30.2406	30.0887	29.9921	30.2248	30.2582	30.2502	30.4209	30.4165	30.5301	30.4376	30.3958	30.7017	30.6210	30.5996	30.5504	30.6752	30.7806	30.6206	30.8218	30.8885	30.8910	30.7651	30.8612	30.9226	30.7740	30.8703	30.9894	30.8891	30.9193	30.9679	30.9871	31.0882	30.9218	31.0455	31.0387	31.0757	30.8751	31.0584	30.9698	31.0944	31.0841	31.0823	31.1378	31.1843	31.1474	31.1619	31.2757	31.0528	31.0825	31.2161	31.1417	31.1895	31.1894	31.2226	31.2078	31.2713	31.2485	31.2417
31.3091	31.2382	31.2084	31.1446	31.1712	31.0694	31.1948	31.1301	31.1799	31.0927	31.2283	31.1403	31.0668	31.0683	31.0652	31.0350	31.0178	30.9887	30.9816	30.9497	30.8907	30.8266	30.9548	30.8818	30.7986	30.7240	30.8502	30.8630	30.6230	30.6731	30.7944	30.6860	30.5770	30.6286	30.5522	30.6345	30.5734	30.6096	30.3176	30.3419	30.4511	30.3592	30.2955	30.2159	30.3620	30.2876	30.3558	30.2857	30.2126	30.2493	30.2462	30.2961	30.4156	30.4428	30.4464	30.3928	30.5750	30.6150	30.7048	30.6833	30.7203	30.7977	30.8383	30.8482	30.8829	30.8967	30.8109	30.9323	30.8816	30.8814	30.9988	30.8697	30.9053	30.9341	30.9111	30.8748	30.9963	31.0383	31.0859	31.2483	10.5066	7.6061	6.6944	5.0984	5.2140	4.9982	3.8488	2.9223	2.2373	2.0605	1.5169	0.6267	0.2500	1.1210	2.6584	3.0960	4.6514	5.4671	7.3583	8.4670	9.5544	10.8813	14.5976	16.1842	19.7744	19.7804	20.3093	23.1877	22.0055	23.6931	25.0472	25.4848	26.0524	26.6854	27.0330	27.4398	27.1179	27.8309	28.0626	27.7946	28.0842	28.1451	28.6639	28.7978	28.4958	29.0547	28.8536	29.0379	28.8541	29.2739	28.9400	28.8476	28.4005	28.4838	28.0796	28.5314	28.0407	27.4348	27.1844	27.5699	26.9573	25.6686	26.9031	26.7689	26.7357	26.0199	27.3775	27.6445	26.8055	27.4330	28.2833	28.2881	28.0151	28.3199	29.1259	28.8283	28.8694	29.4312	29.0941	29.3513	29.4736	29.5937	29.4498	29.5143	29.4381	29.7597	29.7204	29.6209	29.7992	29.8975	29.6066	29.7536	29.6692	29.9921	29.9788	29.8770	29.9285	30.1462	30.1016	30.0188	30.4677	30.4516	30.3888	30.3042	30.5022	30.4652	30.4633	30.3339	30.5802	30.7798	30.5424	30.6777	30.6044	30.5828	30.6950	30.7660	30.8924	30.6842	30.6140	30.9442	30.8649	30.7138	30.8505	30.9550	30.9161	30.7786	30.8881	30.9850	30.9824	30.8816	30.9068	31.0640	31.0898	31.0018	30.9925	31.1015	31.0651	31.0391	31.0794	31.2350	30.9978	30.9666	31.1685	31.0918	31.1465	31.1943	31.2189	31.1903	31.2586	31.1768	31.2425
31.3225	31.2796	31.2613	31.2343	31.1787	31.1653	31.2308	31.1077	31.1516	31.1978	31.2080	31.1104	31.1195	31.1297	31.0530	31.0277	31.0956	31.0047	30.9533	30.9476	30.8767	30.8709	30.8448	30.7888	30.7635	30.7747	30.7572	30.8239	30.6734	30.7794	30.6626	30.6830	30.6602	30.6681	30.5348	30.6796	30.5554	30.6327	30.4602	30.3865	30.4346	30.3829	30.2729	30.2062	30.3025	30.2244	30.2176	30.2151	30.2780	30.4150	30.2741	30.4175	30.3294	30.3512	30.4471	30.4026	30.6014	30.5651	30.6806	30.6177	30.6529	30.8597	30.7183	30.7450	30.8304	30.7724	30.8145	30.8951	30.7882	30.8133	31.0102	30.9061	30.8713	30.7889	30.9046	30.8768	31.0811	31.0297	30.9864	31.2750	11.3845	9.5030	7.5122	6.8021	4.7807	5.4567	5.2445	3.8813	2.8170	2.8168	2.7955	1.8259	0.7601	0.2500	1.2466	2.3982	5.3205	6.0101	5.5661	7.7437	9.2419	11.0925	13.4226	14.6902	18.9004	19.4215	19.6303	22.8408	21.7591	23.3378	24.7933	25.2787	25.4016	26.4954	26.9544	27.1727	27.0610	27.4948	27.9526	27.8923	27.7419	28.2526	28.5759	28.8407	28.5687	29.0229	29.0479	29.0916	28.9290	29.2468	29.0278	28.8142	28.2776	28.5776	28.2450	28.5776	27.7171	27.5671	27.1464	27.8927	26.7679	25.4831	26.8712	26.9647	26.4670	25.5409	27.4608	27.4046	26.7083	27.6168	28.5899	28.4651	27.8005	28.1487	29.0409	28.9413	28.9129	29.6574	29.5468	29.4977	29.5238	29.6805	29.6488	29.7031	29.6158	29.7802	29.9162	29.6153	29.8587	29.9994	29.8418	29.8550	29.6035	30.0072	29.9921	29.6972	30.3050	30.0929	30.0504	30.2717	30.4438	30.4790	30.4897	30.3208	30.5466	30.5074	30.5708	30.5210	30.5774	30.6745	30.5183	30.6918	30.5203	30.7497	30.6048	30.7566	30.9100	30.6021	30.6778	30.9319	30.8112	30.7111	30.7941	30.9583	31.0250	30.8883	30.9446	31.0099	31.0561	30.7699	30.9523	31.0950	31.0698	30.9470	30.9713	31.1417	31.0787	31.0723	31.1288	31.1300	30.9703	30.8945	31.1786	31.0830	31.1753	31.1980	31.2161	31.1773	31.1654	31.0296	31.2651
31.3168	31.2767	31.2454	31.2040	31.2362	31.1371	31.2311	31.1143	31.2082	31.1808	31.1611	31.1104	31.1568	31.0498	30.9853	31.0699	31.0564	30.9026	30.8963	30.9479	30.8449	30.8270	30.8508	30.7505	30.7480	30.7595	30.7321	30.7691	30.6876	30.6960	30.5969	30.5901	30.6379	30.6255	30.4870	30.5548	30.4511	30.5348	30.4525	30.2119	30.4032	30.3367	30.2610	30.2282	30.3842	30.3235	30.2760	30.3544	30.3349	30.3975	30.3431	30.2314	30.2983	30.3658	30.3846	30.4061	30.4464	30.5331	30.5707	30.5717	30.6705	30.7227	30.7254	30.6585	30.7315	30.7018	30.8099	30.7717	30.7819	30.7686	30.9248	30.8326	30.8373	30.8739	30.8317	30.8830	30.9936	30.9145	31.0260	31.1956	14.0559	12.5555	10.9657	8.1121	7.3835	5.5907	5.3790	6.0673	4.0507	3.2732	3.0229	2.9350	1.4985	0.7986	0.2500	1.2479	3.6122	5.6212	5.5040	7.1832	8.2464	10.1426	13.1638	14.8305	17.8161	18.0749	19.0014	21.3853	20.8450	22.4838	24.0757	24.6874	24.9987	25.7612	26.5605	27.0822	26.1764	27.1280	27.5354	27.5408	27.2721	27.9293	28.0646	28.3138	28.5512	28.5239	28.8859	29.0469	28.9188	29.4644	29.2383	28.9179	28.7143	29.0327	27.8986	28.4925	28.3400	27.7342	26.9601	28.1186	27.3211	25.6355	26.7026	27.3655	26.6575	25.5439	27.5591	27.8389	26.5700	27.4801	28.4982	28.4089	28.1258	28.0217	29.0927	28.9119	28.8282	29.5668	29.6332	29.5408	29.5845	29.8658	29.5188	29.7116	29.8143	29.9020	29.7288	29.6449	29.9503	30.0338	29.7283	29.9212	30.1013	30.0782	30.0471	29.9515	30.5199	30.1531	30.3277	30.4198	30.4010	30.4552	30.4813	30.4188	30.5983	30.5648	30.5880	30.4564	30.6866	30.6798	30.5479	30.8071	30.7641	30.7189	30.6734	30.7818	30.7826	30.7670	30.8856	31.0319	30.8758	30.7900	30.8918	30.9814	31.0090	30.8956	30.9930	30.9874	31.0818	30.9014	30.9248	31.0790	31.0531	30.9984	31.0368	31.1816	31.1218	31.0708	31.1244	31.1933	31.0478	31.0722	31.1835	31.0366	31.2185	31.1503	31.1706	31.2148	31.0723	31.1171	31.2257
31.3775	31.3766	31.3448	31.3092	31.2616	31.2671	31.3002	31.1555	31.2502	31.2968	31.2845	31.1524	31.1945	31.1510	31.1679	31.0925	31.1395	30.9938	31.0754	31.0840	31.0156	30.9674	30.9425	30.8954	30.9078	30.9121	30.8464	30.9562	30.9169	30.7729	30.7647	30.8706	30.7624	30.7625	30.7125	30.8027	30.6691	30.6854	30.6145	30.3726	30.5283	30.5224	30.3247	30.4467	30.4926	30.4202	30.4326	30.4216	30.4534	30.5005	30.4457	30.4552	30.4630	30.6322	30.5691	30.5832	30.6646	30.7370	30.6870	30.8135	30.8371	30.7976	30.8141	30.7863	30.9409	30.9354	30.8971	30.9028	30.8444	30.9368	30.9604	30.9919	30.8450	30.9434	30.9043	31.0082	31.0641	31.1495	31.1230	31.3121	16.7394	14.9259	14.5218	11.9327	9.4642	8.6825	5.9289	5.6984	6.2683	5.4243	3.8649	4.2530	3.2177	2.1229	1.1313	0.2500	1.5319	3.6702	5.1087	5.4925	6.5640	9.4550	12.2657	14.6036	17.1506	18.1075	18.6493	21.0279	19.7176	21.8546	23.4651	23.6855	24.3287	25.3845	26.0690	25.9859	26.0492	26.8094	27.4497	26.8648	27.2122	27.9380	28.1087	28.2956	28.3262	28.4602	29.0368	29.0471	28.7573	29.1841	28.9586	28.8621	28.9827	28.9035	27.8894	28.8132	28.5255	27.9572	26.8348	28.1243	27.8328	25.4489	26.9738	27.8536	26.7720	26.0186	27.7306	28.1712	26.8152	27.3753	28.9507	28.5464	28.3575	28.5939	29.4468	29.0728	29.2227	29.7474	29.5006	29.6118	29.7906	29.8122	29.6993	29.7745	29.8915	30.0071	29.5885	29.7912	29.6527	29.8930	29.8628	29.9790	29.8441	29.9209	29.9866	29.8383	30.2711	30.2527	30.2753	30.4724	30.4110	30.4923	30.5276	30.4945	30.6701	30.7239	30.6226	30.5787	30.7720	30.8060	30.6075	30.8612	30.8182	30.8608	30.7611	30.8501	30.7350	30.8772	30.9052	31.0038	30.9932	30.8635	30.8478	30.9415	30.9703	30.9349	31.0743	31.0033	31.1224	31.0589	31.1329	31.0722	31.0887	31.1191	31.1135	31.0526	31.1853	31.0646	31.0875	31.1663	31.0949	31.1217	31.1549	31.0982	31.2830	31.2262	31.2699	31.2161	31.2236	31.1646	31.2446
31.2740	31.2977	31.2149	31.2067	31.2058	31.1671	31.2512	31.1043	31.1858	31.1886	31.1896	31.1023	31.1090	31.0518	31.0030	31.0222	31.0724	30.9935	30.9898	30.9494	30.8736	30.8575	30.9006	30.8611	30.8100	30.8408	30.7979	30.8613	30.8120	30.8114	30.7806	30.7939	30.7781	30.7559	30.6259	30.6807	30.6196	30.6885	30.5101	30.4932	30.5111	30.5138	30.3437	30.3483	30.3489	30.3850	30.3537	30.3387	30.3840	30.4338	30.3499	30.4810	30.4165	30.5280	30.5120	30.4433	30.6432	30.6313	30.7057	30.6514	30.7113	30.8022	30.7588	30.8032	30.8082	30.7564	30.9121	30.9420	30.7901	30.9046	31.0348	30.9102	30.8739	30.9847	30.9471	30.9287	31.0500	31.0199	31.0994	31.2612	17.2442	17.1552	15.6586	14.8125	12.4902	10.6643	9.3595	6.8919	7.0658	8.1867	6.8677	4.9753	4.9358	5.4567	3.3338	1.0602	0.2500	1.4444	3.3609	4.4173	5.8690	6.3493	9.5429	11.5835	13.7907	14.0662	15.0725	18.3095	17.1027	19.6718	21.1087	21.6108	22.4192	23.9198	25.0797	24.8623	23.7380	25.5906	26.1288	26.5128	26.4276	27.4445	27.8422	27.2334	27.6059	28.1850	28.5070	28.4855	28.6763	28.9492	28.6775	28.5760	28.1656	28.3562	27.9304	28.3851	28.1456	27.2890	26.9722	27.8480	26.8682	25.2689	25.8135	27.2029	25.8642	24.9693	27.4299	27.6574	26.1617	26.9228	28.4558	28.2244	27.7260	28.0445	29.1972	28.5729	28.8383	29.3128	29.4308	29.2627	29.3327	29.5864	29.8984	29.5489	29.5275	29.8467	29.6666	29.6886	29.6043	29.7226	29.6131	29.7075	29.7017	29.9742	29.7757	29.6231	30.1649	29.9200	30.0874	30.2647	30.3604	30.4160	30.5406	30.3029	30.4885	30.4933	30.5332	30.3209	30.5875	30.6641	30.4606	30.6697	30.5769	30.8123	30.6320	30.8146	30.6425	30.6765	30.7852	30.9565	30.8932	30.6204	30.8593	30.8673	30.9330	30.7978	30.9218	30.9336	30.8902	30.8243	30.9595	30.9689	31.0879	30.8832	30.9619	31.1248	31.0434	30.9935	31.1002	31.1633	31.0033	31.0832	31.1970	31.0733	31.1957	31.1159	31.1064	31.2233	31.1497	31.0912	31.2056
31.3646	31.2615	31.3300	31.2013	31.2742	31.1730	31.2693	31.1583	31.2308	31.1511	31.1937	31.1540	31.1162	31.1155	31.0359	31.0518	31.0628	30.9873	31.0103	30.9695	30.8965	30.8042	30.8813	30.8124	30.8592	30.7447	30.7342	30.8445	30.8206	30.6848	30.7035	30.7962	30.7876	30.7254	30.6534	30.7499	30.6929	30.6674	30.5220	30.4727	30.5655	30.4408	30.3160	30.3245	30.3215	30.3925	30.4119	30.3283	30.4087	30.3973	30.4176	30.4371	30.3890	30.4823	30.5535	30.4923	30.6383	30.6738	30.7265	30.7061	30.7900	30.8294	30.8289	30.7750	30.8344	30.7681	30.8538	30.8973	30.7866	30.8371	30.9616	30.9573	30.8859	30.9018	30.9335	30.9563	30.9900	31.0442	31.0976	31.2483	19.0389	18.6143	17.6603	16.7764	14.8736	13.5183	12.2267	11.1184	9.6351	8.7587	9.7019	7.2676	5.4106	7.4378	5.8687	2.7900	1.1378	0.2500	1.4098	3.4179	5.2417	5.4558	7.1276	9.0183	11.3103	12.1879	13.2128	16.4300	15.1950	18.3911	18.6198	21.2288	21.5843	22.0629	23.8221	24.5608	23.7922	24.1707	25.5476	24.3420	25.6870	25.8155	26.8119	27.1789	27.5084	27.4951	27.6824	27.7276	26.9833	27.9275	27.8868	27.2162	27.3815	27.5494	26.4646	27.6255	27.5559	26.8823	26.2762	27.8853	26.2725	24.6378	26.2545	27.5994	26.7542	25.6251	27.6241	27.7128	26.4333	27.1847	28.4725	28.1963	28.2051	27.8176	28.6331	28.8187	28.5540	28.8964	28.7054	28.7996	29.0724	29.0748	29.1175	29.1787	29.2511	29.2112	29.1017	29.0839	29.3509	29.0883	29.4181	29.3291	28.8632	29.2806	29.6327	29.4525	29.9462	29.8912	30.0266	30.3397	30.1181	30.2081	30.2905	30.5112	30.5149	30.4259	30.4780	30.5190	30.7258	30.6500	30.5730	30.7468	30.8571	30.5777	30.6038	30.7591	30.7327	30.7232	30.8415	30.7952	30.7307	30.8419	30.8986	30.8144	30.8461	30.8328	30.8704	30.8486	31.0162	30.8707	30.9878	30.8829	30.9751	31.0375	30.9920	30.9231	31.1008	31.0599	30.9395	31.1207	31.1290	31.1762	31.1337	31.0957	31.1840	31.2351	31.1658	31.1789	31.1472	31.2190	31.2318
31.3654	31.2810	31.3038	31.2801	31.2267	31.1910	31.3193	31.1470	31.1960	31.2329	31.2668	31.1024	31.1884	31.1090	31.0911	31.0543	31.0895	30.9728	31.0187	30.9849	30.9308	30.8764	30.8025	30.8496	30.7981	30.8594	30.7671	30.8147	30.7707	30.8520	30.7290	30.7216	30.7866	30.6836	30.5654	30.6759	30.6269	30.6023	30.4805	30.3927	30.4657	30.3012	30.1343	30.3484	30.3409	30.3036	30.3303	30.3149	30.3809	30.3935	30.3207	30.3447	30.3820	30.4774	30.5006	30.4869	30.5737	30.5902	30.6669	30.6174	30.7684	30.8419	30.7245	30.7772	30.8681	30.8437	30.9667	30.9014	30.8181	30.8991	30.9625	30.9074	30.9544	31.0240	30.9477	30.8914	31.0320	31.0153	31.1171	31.2540	21.1515	19.7357	19.9895	19.4011	17.6282	16.6832	14.9554	13.3586	12.0317	10.7179	10.4046	9.9384	8.3314	7.0059	6.0694	4.0820	2.2276	0.9354	0.2500	1.4519	3.4758	4.9772	5.8054	8.6277	9.5398	10.4006	12.3643	14.9940	14.2506	17.3060	17.9357	19.3855	20.7071	20.3709	21.8248	22.8164	22.7827	22.4087	24.0194	23.1986	24.5807	25.5169	24.7976	25.8041	26.5089	26.8795	27.7840	27.7106	27.2274	28.0479	28.1984	27.7923	27.8192	28.2615	27.3016	28.2122	27.9162	27.0854	27.1741	27.6357	26.2049	24.0746	26.3929	25.8134	25.1460	24.5485	26.5900	26.4953	24.2055	26.0845	27.4355	27.0876	26.1674	27.0787	27.6882	27.6428	27.3315	28.0162	28.1384	28.2277	28.1936	28.9018	28.7629	28.6347	28.6996	29.0503	28.7798	28.9669	28.9274	29.3826	28.9763	29.1766	29.3879	29.7443	29.6187	29.3398	29.9906	29.8352	29.8167	30.1190	30.3451	30.3121	30.3152	30.2234	30.6291	30.5469	30.4829	30.5082	30.7528	30.6966	30.7053	30.7775	30.7455	30.9405	30.7389	30.8169	30.8948	30.9188	30.8992	30.9447	30.9703	30.7925	30.9149	30.9815	31.1092	30.7507	31.1384	31.0356	31.1129	30.9845	30.9940	31.1341	31.1515	30.9454	31.1051	31.0986	31.2211	31.0732	31.0761	31.1936	31.0861	31.0157	31.1586	31.1691	31.1782	31.2154	31.2040	31.2045	31.2280	31.1225	31.0745
31.3672	31.2973	31.2916	31.2239	31.2568	31.1855	31.3203	31.1266	31.2513	31.1774	31.2499	31.1334	31.1793	31.1028	30.9783	31.0894	31.0836	31.0377	30.9237	31.0095	30.9016	30.8041	30.8963	30.8023	30.8096	30.8643	30.7056	30.8298	30.7875	30.8241	30.7431	30.7830	30.7822	30.7427	30.6453	30.7398	30.6357	30.6785	30.4862	30.3526	30.3762	30.4285	30.2040	30.2456	30.2499	30.3916	30.2018	30.3116	30.3853	30.3471	30.3784	30.3944	30.4311	30.4634	30.5364	30.4156	30.6546	30.6162	30.7271	30.6657	30.7626	30.7836	30.6835	30.7998	30.8217	30.8443	30.8892	30.9334	30.6904	30.8984	30.9767	30.8668	30.9033	30.8550	30.8426	30.9101	31.0144	31.0084	31.0434	31.1147	22.2325	22.7695	22.1885	21.2924	20.6731	19.3712	18.7380	16.6473	15.3619	14.0422	12.3616	10.4540	10.0692	9.8980	8.0917	5.6620	5.5810	2.6857	0.9836	0.2500	1.4064	3.5072	5.1801	7.5201	8.6152	9.0282	11.0972	13.6803	11.8142	14.5642	16.5792	17.3998	18.7458	19.5657	22.0686	22.6667	22.5066	22.7688	23.6642	23.5441	23.7324	26.0619	25.6337	25.8091	26.1293	26.7369	26.9462	27.5715	27.1692	27.5756	27.5817	27.2772	26.5706	27.9846	27.3848	27.9687	26.8901	25.8916	25.5554	26.6818	25.7315	24.1653	24.0593	25.1436	24.3406	23.4473	25.1709	26.0021	24.1816	25.2983	26.6556	27.0192	25.7984	26.6875	28.0009	27.7376	28.3610	28.8396	28.8313	28.4929	29.0994	29.1384	29.4508	28.7958	29.3806	29.6384	29.0452	29.2308	29.0666	29.6810	29.3928	29.5238	29.7302	29.7676	29.8268	29.7210	30.1483	29.9842	30.1823	30.3072	30.2888	30.5746	30.4196	30.3702	30.5981	30.5644	30.4768	30.4626	30.6563	30.6844	30.5072	30.7519	30.7125	30.7472	30.5447	30.7832	30.8867	30.7041	30.6583	30.9892	30.8583	30.7380	30.9150	31.0416	30.8901	30.7925	30.9197	30.9080	31.0735	30.9308	30.9435	31.0782	31.0724	30.9153	30.9415	31.1383	31.1277	30.9480	31.1393	31.2246	30.9368	31.0202	31.1051	31.0347	31.2150	31.0482	31.1420	31.1943	31.0763	30.9602	31.1343
31.4138	31.2975	31.3277	31.2523	31.2592	31.2403	31.3028	31.2131	31.2825	31.2517	31.2661	31.1968	31.2359	31.1649	31.0226	31.1311	31.1510	31.0127	31.0678	31.1011	31.0239	30.9100	30.9869	30.9217	30.8279	30.8752	30.8612	30.9337	30.8317	30.7888	30.7822	30.7621	30.7842	30.7348	30.7176	30.7828	30.6617	30.7335	30.6118	30.4763	30.6120	30.5300	30.3638	30.3266	30.4141	30.4045	30.4536	30.4399	30.5494	30.6377	30.4852	30.5360	30.5829	30.6883	30.6327	30.6508	30.7767	30.8043	30.7627	30.8379	30.8922	30.9033	30.8365	30.8904	30.8699	30.9868	30.9849	31.0193	30.9286	30.9699	31.0723	31.0023	30.9722	31.0136	31.0024	30.9973	31.0426	31.0423	31.1654	31.1238	23.5281	23.0178	22.1906	21.2646	20.2154	19.4385	18.9181	17.5257	15.5047	14.1558	13.4044	11.2978	9.4704	9.3331	8.6205	6.3023	6.0897	4.7657	2.7602	1.1849	0.2500	1.4195	3.1208	5.6086	6.9892	7.4582	7.6437	9.8047	9.8784	12.8567	13.6841	15.0455	14.7038	16.9712	18.9906	19.8495	19.1181	20.0180	21.3618	21.0882	22.6116	23.3951	23.7668	24.0455	25.1882	25.7732	25.7834	26.6186	25.8412	26.6526	26.7807	25.2027	26.1859	26.5156	25.4958	27.0609	27.1897	25.5906	24.4505	26.3873	26.4020	24.0008	24.1370	26.1938	25.0605	24.4428	26.3501	27.1261	25.0942	26.5185	27.7106	27.5038	27.4103	26.8526	28.2193	27.8074	28.2435	28.6174	28.9204	28.9153	29.1130	29.5127	29.3326	29.0796	29.3926	29.6002	29.3665	29.0786	29.3496	29.6101	29.0730	29.2878	29.5095	29.6566	29.6770	29.5999	29.9009	29.8258	29.8220	30.1308	29.8583	30.2999	30.4152	30.2442	30.4587	30.4903	30.5153	30.4426	30.5407	30.5812	30.4312	30.7591	30.7086	30.5946	30.5721	30.7431	30.8044	30.7283	30.7139	30.9013	30.8648	30.7284	30.8159	30.8525	30.8763	30.8577	30.9538	31.0348	30.9533	30.8962	30.9727	30.9683	31.0679	30.9323	31.0254	31.0078	31.1468	31.0700	31.0344	31.1046	31.0725	31.0552	31.0926	31.1069	31.1705	31.0799	31.1965	31.1103	31.1061	31.0158	31.1605
31.3847	31.3362	31.3201	31.2567	31.2618	31.2409	31.3798	31.2679	31.2420	31.2022	31.3426	31.2380	31.2899	31.1598	31.1502	31.1335	31.1463	31.1683	31.1309	31.0646	31.0227	31.0335	31.0238	31.0158	30.9281	31.0408	31.0024	31.0212	30.9636	30.9592	30.8905	30.9261	30.7904	30.9053	30.8395	30.8719	30.8412	30.8575	30.7576	30.6715	30.7760	30.7007	30.5370	30.5825	30.6331	30.6526	30.6603	30.5388	30.5223	30.6558	30.5044	30.6668	30.7336	30.7193	30.7219	30.6665	30.8470	30.8742	30.9420	30.9268	30.9499	31.0529	30.9413	31.0970	31.0758	31.0672	31.1280	31.1364	31.0088	31.1626	31.1611	31.1070	31.0925	31.1594	31.1354	31.0944	31.1380	31.1668	31.2637	31.3295	25.1627	24.0814	23.7180	23.3067	21.4172	20.6074	20.3655	19.1938	18.5239	17.3645	15.7416	13.9468	12.6852	11.6790	10.2213	8.9416	7.3777	5.5161	4.4144	2.7302	0.9637	0.2500	1.5891	3.0717	3.7877	4.3892	6.7928	8.7396	8.2785	10.8267	10.9827	13.5067	14.0434	13.3477	15.7974	17.9710	18.1696	16.3747	20.0001	18.8246	21.4060	21.3279	21.4189	23.7020	24.9369	24.4111	24.7677	26.4131	25.6936	26.3491	26.1165	25.3187	26.6051	27.5309	26.2816	27.4611	27.5034	25.5966	26.9515	27.9302	27.0425	23.2490	28.0230	27.6170	26.2620	26.6462	28.0334	27.7584	26.5247	27.5650	28.4082	27.8723	28.0470	28.2691	28.1762	28.0186	28.4520	28.6209	28.8524	28.7652	28.8698	29.2319	29.4947	29.0618	29.3230	29.1365	29.0346	28.9141	29.5090	29.4302	29.4013	29.0534	29.7271	29.8313	29.7202	29.7136	30.0474	30.1041	30.1265	30.3664	30.4288	30.4551	30.6135	30.3016	30.6545	30.7364	30.6335	30.7073	30.7582	30.7716	30.7485	30.9911	30.8650	30.9879	30.8362	30.9845	31.0207	30.8456	30.9899	31.0151	30.9567	31.0065	30.9322	31.1081	31.0679	31.0387	31.2073	31.1406	31.1251	31.0099	31.1463	31.2423	31.1291	31.0671	31.0650	31.1270	31.1841	31.2266	31.2459	31.2549	31.1987	31.1302	31.2234	31.1589	31.3727	31.2172	31.3042	31.1384	31.2948	31.2422	31.1803
31.3500	31.2812	31.3074	31.2103	31.2355	31.2172	31.2812	31.1877	31.2583	31.2469	31.3160	31.2118	31.2358	31.1285	31.0413	31.1252	31.0895	31.0913	30.9903	30.9804	30.9996	30.8777	30.9402	30.8721	30.8254	30.8442	30.7990	30.8608	30.7964	30.7826	30.8118	30.8530	30.7362	30.7670	30.6709	30.8316	30.4818	30.7029	30.5583	30.4272	30.4469	30.4340	30.3650	30.2425	30.3243	30.3639	30.3416	30.2982	30.4239	30.5050	30.4593	30.4186	30.4984	30.5324	30.5563	30.5215	30.7127	30.6735	30.6680	30.7494	30.8067	30.7108	30.8096	30.7584	30.8618	30.8010	30.7918	30.9257	30.7960	30.7441	31.0008	30.8698	30.8937	30.9422	30.9426	30.9348	30.9706	30.9586	31.1451	31.1959	27.0357	26.3556	25.9478	25.5808	24.6949	23.4316	23.3795	21.9971	21.0023	20.1112	18.6720	16.1082	15.0171	13.4270	11.8994	10.3556	9.1312	6.9480	6.6303	4.7637	2.9529	1.1913	0.2500	1.2553	2.2365	4.2787	5.2493	9.2368	7.5363	10.4307	12.1809	12.7096	13.1362	14.1238	15.7922	16.0171	15.7909	17.0527	18.1130	17.8145	19.5053	20.3038	21.1542	20.9517	22.0720	23.1535	22.9217	23.9742	23.4030	24.5442	23.9276	24.0389	23.7076	25.2638	25.9981	26.1139	24.9976	23.9080	25.5496	25.5455	24.4828	23.5778	23.9325	24.2487	22.8333	22.7617	24.5201	23.7358	21.9208	24.0106	25.6337	24.6116	24.9816	26.2059	26.7679	26.4048	26.8933	27.3272	27.7837	27.4711	28.3099	28.0142	28.2835	28.0791	28.2826	28.4216	28.5543	27.9499	28.4395	28.7793	28.8942	28.7636	29.0549	28.8724	29.2312	28.9439	29.3253	29.5525	29.5824	29.6588	29.4550	29.8589	30.0449	29.8274	30.1569	30.0423	30.1888	30.0483	30.0554	30.4983	30.1926	30.4774	30.3988	30.6772	30.3688	30.6473	30.6429	30.6491	30.5113	30.8059	30.6981	30.6600	30.6220	30.7055	30.8309	30.7911	30.9509	30.8805	30.9279	30.8153	30.8798	30.9967	30.9343	30.8567	30.8183	30.9770	31.0854	30.8698	30.9303	31.0850	30.9852	30.9842	31.0620	31.0331	31.0847	31.0858	31.1335	30.9853	31.0191	30.8991	30.8992
31.3450	31.2212	31.2326	31.1655	31.1087	31.1281	31.2854	31.1332	31.1822	31.1503	31.2017	31.0709	31.0843	31.0535	31.0499	30.9132	31.0119	31.0079	30.9082	30.9156	30.8985	30.9024	30.7990	30.7895	30.7049	30.8422	30.7833	30.8348	30.7936	30.6509	30.6500	30.6486	30.6772	30.7707	30.6564	30.7811	30.5490	30.6265	30.4599	30.4358	30.5621	30.4582	30.3091	30.3258	30.4451	30.3807	30.3946	30.4026	30.4233	30.5374	30.4788	30.5753	30.5797	30.6172	30.5860	30.5826	30.7608	30.8111	30.8324	30.8070	30.8450	30.8931	30.8971	30.9051	30.9594	30.9702	30.9857	31.0633	30.9051	30.9006	31.0204	30.9372	30.8637	30.8710	30.9885	30.9104	31.0217	31.0420	31.0899	31.2860	26.1977	25.3967	25.0024	24.5658	24.0029	22.8088	22.4329	21.7690	20.0381	19.1809	19.0853	16.6470	14.9318	13.8088	12.3245	10.5540	9.8755	8.0410	6.3818	5.5046	3.5083	2.2763	0.7989	0.2500	1.2710	2.4110	4.6990	5.8702	6.7333	7.4700	8.5709	9.3331	10.0717	10.7387	11.3810	12.5296	13.2822	12.2823	14.6754	13.7321	16.7753	17.8038	17.5595	18.6276	21.1920	20.5110	21.3050	23.9939	23.3930	25.3255	24.8905	24.7479	24.8582	26.4828	27.0096	26.8686	27.2524	25.4746	26.9366	26.5392	26.0387	24.9909	26.8300	25.8864	24.1729	24.2269	26.2179	26.2829	23.7959	26.0387	26.3513	26.0493	25.2278	26.8238	27.1714	26.6425	26.5969	27.7328	27.9850	27.4463	27.7833	28.6292	28.7749	28.0848	28.3002	28.6506	28.8844	28.0841	28.8403	28.8402	28.5080	28.7412	28.7010	29.3024	29.3212	28.5200	29.7788	29.8995	29.7781	29.7916	30.1851	30.2879	30.0520	30.2198	30.4743	30.1572	30.5909	30.4421	30.4105	30.4963	30.4962	30.6900	30.7327	30.7266	30.6203	30.7363	30.8698	30.9301	30.9300	30.9375	30.8019	30.9307	31.0402	31.0512	31.0863	30.7648	30.9736	30.9267	31.0177	30.9499	31.0305	31.0590	31.1104	31.0158	31.0842	31.1189	31.2302	31.1368	31.1146	31.2273	31.0907	31.0950	31.1359	31.0126	31.2275	31.0975	31.1651	31.0699	31.1850	30.9635	31.0988
31.3094	31.2623	31.1717	31.1320	31.1038	31.1139	31.2756	31.1030	31.1551	31.1287	31.2491	31.1276	31.1604	31.1571	31.0169	31.0030	31.0192	31.0209	30.8898	30.8820	30.8977	30.7612	30.6924	30.7166	30.6520	30.6778	30.5274	30.6905	30.6221	30.5372	30.4818	30.5126	30.4661	30.5002	30.5142	30.5305	30.3639	30.4926	30.4313	30.3360	30.3533	30.2792	30.1618	30.1878	30.3520	30.2439	30.2898	30.2610	30.3409	30.3413	30.2748	30.4581	30.4375	30.5478	30.5723	30.4944	30.7135	30.7006	30.7437	30.6533	30.5516	30.7902	30.7250	30.6956	30.7297	30.7279	30.7411	30.8906	30.5880	30.7580	30.8886	30.7337	30.7725	30.7596	30.7502	30.8172	30.8544	30.8262	30.9358	31.0006	26.7848	26.2449	25.7703	25.7800	24.4390	23.8082	22.9922	22.7010	20.7293	19.5524	19.5625	17.5727	15.6813	14.9671	13.2944	11.2237	10.8466	8.8475	7.2465	6.5353	5.2481	2.9571	2.5423	0.8286	0.2500	1.4880	3.2468	4.1805	3.9033	4.7291	5.7845	6.6005	7.0178	8.0030	9.6712	10.4269	10.7540	12.0367	13.4540	14.8259	16.6966	18.8889	19.4203	19.0737	21.3650	22.4767	22.1718	25.5879	24.6933	26.2311	25.6650	24.4058	24.0716	26.9140	26.2676	25.9866	24.8497	22.1960	24.6218	25.0777	23.5171	23.5343	24.3862	23.8409	22.8478	22.9362	25.3001	25.1559	23.5705	25.1121	26.4151	26.0529	24.9823	25.7632	26.7773	25.8374	26.2814	27.2928	27.2226	27.3646	27.5057	28.2140	27.9964	27.5623	27.9230	28.3979	27.7682	27.9456	28.3732	28.5285	27.8036	28.8348	28.6018	28.9020	28.9142	28.8654	29.2085	29.3594	29.4262	29.5438	29.7015	29.9123	29.8477	29.5415	30.0373	30.1646	30.1074	29.8838	30.1584	30.2674	29.8349	30.2749	30.3822	30.4788	30.1085	30.3900	30.5362	30.5283	30.1478	30.6124	30.5865	30.3912	30.3292	30.7679	30.6696	30.3180	30.7040	30.7949	30.7036	30.4943	30.5675	30.8517	30.8234	30.6532	30.7546	31.0891	30.8898	30.8139	30.9315	31.0980	30.7963	30.7614	31.1062	30.9674	31.0336	30.7958	30.9536	31.0086	30.9865	30.8380	30.9868
31.3574	31.2171	31.2328	31.1558	31.1511	31.1521	31.2890	31.1064	31.2414	31.2765	31.2488	31.1370	31.1312	31.1184	30.9815	31.0298	31.0563	31.0280	30.9403	30.9359	30.9608	30.8291	30.8311	30.7783	30.7609	30.7980	30.6165	30.8432	30.6043	30.6258	30.6601	30.7449	30.5338	30.4984	30.5657	30.5943	30.3291	30.4773	30.5495	30.3784	30.3679	30.4137	30.3433	30.1829	30.3894	30.2823	30.3109	30.2521	30.3404	30.3783	30.3848	30.4579	30.4611	30.5664	30.6216	30.5968	30.7090	30.7279	30.6828	30.6888	30.7108	30.8759	30.7785	30.7066	30.7867	30.8368	30.7920	30.8565	30.6793	30.7119	30.8973	30.8637	30.7283	30.7744	30.8985	30.8591	30.8584	30.9415	31.0977	31.1164	27.3789	26.2272	25.6183	25.7387	24.7338	24.1257	23.6701	22.6021	21.7240	20.9269	19.7275	18.2787	17.1267	15.8699	14.5668	12.9837	12.0744	10.4626	9.7406	8.3242	7.1031	5.5878	4.0100	2.2296	0.8239	0.2500	1.4287	3.0731	3.8428	5.0687	5.8847	5.8779	7.7656	8.3470	9.5975	10.0546	11.0330	12.0474	14.0446	14.6486	16.4477	17.5674	18.6412	18.1976	19.5631	20.7959	20.5794	22.4156	22.2552	23.3808	23.4581	21.5985	22.8398	24.6200	23.4927	24.8877	24.6281	21.1084	23.6577	24.5981	23.3689	22.8429	24.2386	24.3826	23.0815	22.8762	24.6255	24.1647	23.2533	24.7480	25.0995	25.8372	25.0112	25.9434	26.2251	26.3270	26.8888	27.0617	27.3907	26.8418	27.0671	27.2849	27.4847	27.5033	27.5839	27.8796	27.6041	27.1510	28.2979	27.9574	28.0014	28.5931	28.3234	28.3501	28.5393	28.3981	28.5948	29.0507	28.9926	28.7760	28.7199	29.6726	29.2689	29.0701	29.2949	29.6484	29.5391	29.3058	29.5059	30.0511	29.5437	30.0153	29.9895	30.1625	29.8123	30.0545	30.3193	30.2250	30.1805	30.3427	30.3528	30.3033	30.1923	30.4149	30.4119	30.4003	30.4463	30.6790	30.6482	30.3710	30.3118	30.8081	30.5522	30.4053	30.4423	30.9353	30.7925	30.7513	30.8246	30.9142	30.8262	30.9053	31.0414	30.7058	30.9763	30.8392	30.9646	30.8727	30.9740	30.7694	30.8876
31.3755	31.3480	31.3225	31.2382	31.2606	31.2470	31.3609	31.2391	31.3165	31.2379	31.3369	31.2663	31.2931	31.2160	31.1607	31.2406	31.1099	31.0339	31.0095	31.0721	31.0419	30.9240	30.9662	30.8934	30.9095	30.8490	30.8464	30.9681	30.7242	30.8860	30.8274	30.8563	30.6485	30.7397	30.5556	30.7331	30.7076	30.7796	30.6203	30.5169	30.3167	30.4346	30.4118	30.4029	30.4204	30.4000	30.4068	30.4163	30.3986	30.5361	30.4860	30.5646	30.5497	30.5388	30.5898	30.6413	30.7692	30.7225	30.7908	30.8135	30.8218	30.9245	30.9254	30.7967	30.9685	30.9938	30.9741	31.0216	30.8450	30.8621	30.8672	31.0051	30.9421	30.9678	30.9008	30.9085	31.1213	30.9173	31.0600	31.2556	26.7553	25.1967	24.4226	24.0708	23.3630	22.8649	22.8144	22.1344	21.3733	20.4693	20.4406	19.4207	18.4139	17.8611	16.6032	15.4612	14.4910	12.5229	11.2272	10.8567	8.9964	7.2311	4.0604	4.3697	2.3683	0.8501	0.2500	1.2332	2.9481	3.8125	4.3353	5.1119	5.5632	6.8137	6.8017	8.1823	9.2031	10.2140	13.5000	13.5318	16.4967	17.2823	17.1734	18.4014	20.2502	21.5605	21.4558	24.3917	23.9952	25.2418	25.1766	23.3147	23.7488	25.2039	25.4138	26.2715	24.1522	23.5591	25.1379	25.1203	23.9968	24.0984	25.9649	24.8071	24.3747	23.8305	25.6874	24.8117	23.7788	25.5271	26.3444	26.0977	25.2138	25.6251	26.6691	26.2962	25.1102	27.2226	27.5251	26.8440	26.9664	27.2767	28.1219	27.0419	27.2030	28.3439	28.4903	27.4933	28.6726	29.0176	28.7621	28.0356	28.5463	29.2204	28.6507	28.9669	28.9529	29.6889	29.2694	29.4191	29.6037	29.8586	30.0247	30.1481	30.0283	30.3214	30.3227	30.4190	30.2952	30.3859	30.4249	30.4590	30.6607	30.6710	30.7931	30.6978	30.6749	30.9290	30.8480	30.7582	30.7951	30.8796	30.7120	30.7432	30.7963	30.8962	30.9724	30.8427	30.8879	30.9825	30.8921	31.0068	30.9786	30.9776	31.0372	31.0672	31.2072	31.0941	31.0952	31.1220	31.2016	31.2233	31.1131	31.2068	31.1210	31.2679	31.2928	31.1712	31.2345	31.1233	31.1878
31.4355	31.2854	31.3167	31.2648	31.2845	31.1941	31.2894	31.1640	31.2362	31.2690	31.2588	31.1683	31.2417	31.2241	31.1261	31.1085	31.1238	31.0280	31.0505	31.0291	30.9269	31.0169	30.9522	30.9449	30.8258	30.8573	30.7809	30.6811	30.5546	30.7126	30.7170	30.5272	30.5304	30.7481	30.3903	30.4941	30.6503	30.6866	30.5050	30.4211	30.2638	30.3993	30.1367	30.2084	30.2420	30.2327	30.1080	30.0844	30.1164	30.2615	30.2052	30.3723	30.3326	30.3813	30.4570	30.5172	30.5946	30.6417	30.6856	30.6759	30.7056	30.8038	30.7409	30.6634	30.7736	30.7260	30.6713	30.7534	30.5988	30.8137	30.9169	30.8308	30.7776	30.9038	30.9443	30.8565	30.9111	31.0551	31.0708	31.1849	27.2511	26.8927	26.5088	26.2817	25.0362	24.9704	24.7236	24.4516	23.8428	23.1512	22.4505	20.9364	20.1230	19.4479	18.0582	16.3772	15.9699	13.4207	12.1870	11.7290	9.3968	7.2959	5.0706	5.0991	3.5277	2.2544	1.1213	0.2500	0.9879	2.1663	3.2701	4.5333	4.6989	6.8480	8.3217	8.9023	9.3754	12.0652	13.2919	15.2113	16.4333	18.2133	18.5372	18.7129	20.5908	22.0882	22.4891	23.7020	24.1179	25.4401	25.2108	24.3125	24.4723	26.1436	23.9670	25.3056	24.1415	22.4004	24.8262	24.4376	23.2161	24.0590	25.2446	23.9927	23.0592	23.8325	25.6946	24.2984	23.0812	25.2444	25.6607	24.9903	24.2765	25.8382	25.5470	25.2376	25.9113	26.8905	26.5559	26.8250	27.2122	27.4008	27.3347	27.0196	26.8569	27.6059	27.7779	27.2121	27.9296	27.9075	28.0896	27.4137	28.0015	28.2381	28.6552	28.4071	28.3444	29.0173	28.8991	28.9099	28.9563	29.4707	29.6461	29.2236	29.5888	29.8500	29.9921	29.5265	30.2622	30.2097	29.9305	30.4235	30.3731	30.4868	30.1688	30.6398	30.6267	30.6701	30.5557	30.8394	30.8286	30.6051	30.8687	30.8009	30.9694	30.6783	30.9542	30.9768	30.9527	30.7939	30.7050	31.0104	31.0031	30.9338	30.8863	30.9613	31.0993	31.1295	31.0299	31.1893	31.0059	30.9180	31.2134	31.0213	31.2115	31.0778	31.0083	31.1015	31.0841	30.9964	31.0375
31.2710	31.2729	31.1773	31.1258	31.1770	31.1700	31.2302	31.1923	31.2819	31.1759	31.2455	31.1816	31.1585	31.0980	30.9975	31.1428	31.0914	30.8511	30.9596	30.9967	30.8489	30.6973	30.7052	30.7369	30.5963	30.5860	30.7497	30.7617	30.5089	30.6476	30.6328	30.5064	30.1730	30.4496	30.5007	30.4090	30.2584	30.5117	30.4055	30.1494	30.4649	30.4051	30.0960	30.1429	30.3116	30.2116	30.1330	30.1336	30.2724	30.3769	30.2622	30.4710	30.4370	30.4557	30.5017	30.5120	30.6802	30.6199	30.6827	30.6919	30.7453	30.8287	30.7670	30.7690	30.8749	30.8463	30.7798	30.9524	30.8042	30.9229	30.9647	30.9224	30.8836	30.9357	30.9721	30.9211	31.0776	31.0253	31.1475	31.2059	27.5750	27.0651	26.6222	26.0641	25.6967	25.3705	25.2402	24.4474	23.7650	23.4394	22.9783	22.0330	20.9619	20.5129	19.4857	17.3968	16.9408	14.3375	12.8927	12.5034	10.9057	8.8922	7.3773	6.1455	4.8447	3.8720	2.6346	0.7250	0.2500	1.1699	2.0055	3.2262	4.2607	5.5734	6.7737	7.9424	8.4795	9.7859	11.8069	12.9414	14.3487	16.9568	17.1236	17.5786	18.3528	19.8894	22.1062	22.9898	22.4803	24.3887	23.7763	23.1872	23.9020	25.0060	23.4138	25.3425	25.5310	22.2856	24.5042	25.6120	23.0917	22.9156	25.3047	25.4287	22.5661	25.1356	25.6232	25.0320	22.4395	25.2101	26.2164	25.5847	25.2321	26.2310	27.3081	26.3935	26.8564	27.5023	27.6117	27.3263	27.7279	27.7658	28.4961	27.8713	28.2527	28.3340	28.0599	28.0196	28.7077	28.3768	28.3498	28.5861	28.3136	28.7031	28.7328	28.5706	29.3679	29.1517	29.3086	29.4032	29.3694	29.7381	29.8813	29.7029	30.0649	30.1659	30.0268	29.8117	30.1700	30.4169	30.0031	30.5153	30.5008	30.5859	30.3677	30.5917	30.6494	30.7181	30.5805	30.8803	30.6624	30.6516	30.7462	30.9519	30.9243	30.7655	30.9683	30.8861	30.9643	30.8621	30.8791	31.0301	30.9329	30.7797	30.9529	31.1208	31.0690	30.9992	31.1652	31.1009	31.1009	31.0907	31.2485	31.0463	31.1581	31.0933	31.0832	31.1084	31.0792	30.9127	31.0965
31.3267	31.2104	31.2377	31.2028	31.2255	31.1881	31.2798	31.1198	31.2135	31.2325	31.1989	31.1342	31.2414	31.0623	30.9312	31.1194	31.0983	30.8976	30.9386	31.0425	30.7770	30.8132	30.7905	30.8391	30.7181	30.6804	30.7012	30.5913	30.5346	30.4080	30.6514	30.5844	30.4458	30.5945	30.6114	30.5150	30.5138	30.4831	30.4229	30.3602	30.4235	30.4640	30.3743	30.2947	30.4253	30.4324	30.4584	30.3812	30.3266	30.5217	30.4185	30.4984	30.4771	30.5379	30.6219	30.5680	30.5863	30.6723	30.6563	30.7674	30.7313	30.7788	30.7220	30.7284	30.7798	30.8628	30.7731	30.8291	30.8061	30.8468	30.8894	30.8701	30.8731	30.8087	30.9562	30.8947	30.8633	31.0249	31.0157	31.0651	28.3144	27.2408	26.7378	26.1833	25.9861	25.6596	25.0126	24.1067	23.7621	22.9071	22.1790	21.2084	20.5003	19.3306	18.2106	17.1004	16.2340	14.1115	13.2088	12.4280	9.9360	8.3778	6.6643	5.9582	5.2416	4.0986	3.2245	2.2645	0.7459	0.2500	1.4354	2.8365	3.8813	4.2049	5.5810	7.0084	8.2738	8.4816	10.8119	12.9653	15.3950	17.0157	17.3803	18.6665	20.2243	20.8941	22.1935	24.0420	23.4853	25.0043	25.1823	24.1920	24.8349	25.2711	24.3827	26.0324	25.6043	23.7639	24.2863	25.6233	25.4627	23.1221	25.4671	25.7341	24.8775	24.5241	26.0548	26.2968	24.3958	25.3532	26.7262	26.9812	25.5939	26.2153	27.3499	27.0538	26.6557	27.3922	27.5928	27.5331	28.1061	27.5062	28.0905	28.0819	28.5470	28.2468	28.3815	28.0466	28.4305	28.3464	28.4596	28.3485	28.1341	28.7581	28.5953	28.7089	28.9210	28.9680	29.0229	28.8254	28.9153	29.5165	29.7009	28.7679	29.5562	29.8957	29.5644	29.5395	29.8596	30.0640	29.7977	30.2918	30.1516	30.3756	30.1059	30.4011	30.4283	30.4677	30.4669	30.6024	30.5663	30.1708	30.4370	30.6000	30.6310	30.3918	30.5768	30.6511	30.5933	30.5408	30.7317	30.6702	30.5527	30.7839	30.7039	30.7750	30.8005	30.8772	30.9454	30.9247	30.8831	30.9097	30.8992	30.9247	31.0310	30.9392	30.9891	31.1166	31.0528	30.9532	31.0576
31.3086	31.2840	31.2640	31.2098	31.2271	31.2312	31.3290	31.1981	31.1751	31.2706	31.2620	31.1563	31.2196	31.1688	31.0791	31.1685	31.1337	31.0310	31.0669	30.9897	31.0087	30.8905	30.8290	30.7708	30.8878	30.8064	30.5116	30.7370	30.6332	30.6402	30.5868	30.6172	30.4429	30.5344	30.5166	30.6645	30.5278	30.4454	30.5119	30.2976	30.4309	30.3569	30.1961	30.2666	30.3978	30.3024	30.2612	30.3343	30.5075	30.4659	30.4449	30.5014	30.5120	30.5404	30.6002	30.5862	30.6752	30.7066	30.7931	30.7563	30.8079	30.8346	30.6811	30.7288	30.7630	30.7952	30.7783	30.8730	30.7999	30.7943	30.9126	30.9261	30.8175	30.8840	30.8860	30.9185	30.9427	31.0016	31.1360	31.0941	28.8366	28.4673	27.7330	27.6743	27.4034	26.8148	26.3778	25.9227	25.4652	24.0901	23.4157	22.7107	21.3353	20.8545	19.8308	18.2935	17.4264	16.0947	14.8647	14.0008	11.7021	9.4143	8.5980	8.4495	7.2137	4.9981	5.4379	2.5416	1.7700	1.0734	0.2500	1.1119	2.0399	3.6007	5.0589	5.6538	7.2003	8.3158	10.2894	11.4989	14.8088	15.6411	17.0401	16.9495	19.2551	21.4214	22.9112	24.2144	23.6897	25.7327	25.3924	25.1009	24.9814	26.0741	25.8539	26.3964	25.9364	25.2453	24.9189	25.7478	24.8761	24.0818	25.4318	25.3420	24.9974	23.8344	25.9673	26.1025	24.0115	25.7421	26.4585	26.9301	26.3834	26.2884	27.4508	27.3663	27.0527	27.1842	27.7921	27.7611	27.8746	28.0814	28.1949	28.1247	28.5112	28.5169	28.1658	27.6812	28.6017	28.7974	28.3752	28.7574	28.9906	28.9103	29.2691	28.8513	29.1995	29.2280	29.5629	29.2070	28.9200	29.5018	29.5507	29.1220	29.4608	29.9042	29.9042	29.3158	29.6566	29.9579	29.6580	30.0937	30.0597	30.3464	29.7782	30.2132	30.2102	30.4520	30.0853	30.4667	30.2771	30.3417	30.4324	30.4852	30.6919	30.5111	30.6307	30.7276	30.7738	30.6024	30.6668	30.7957	30.8576	30.6867	30.7930	30.7553	30.9283	30.9198	30.9620	31.1089	30.8566	30.8987	31.0713	30.9165	31.1561	30.9925	31.1181	31.0252	31.0696	30.9248	31.0183
31.2436	31.2093	31.2111	31.1913	31.1223	31.1367	31.2388	31.1272	31.1931	31.2071	31.1380	31.0880	31.1561	31.0937	31.0777	31.0662	31.1191	30.9840	31.0347	31.0139	30.8564	30.7536	30.8182	30.8081	30.7314	30.7936	30.8496	30.7779	30.4560	30.6487	30.6254	30.5654	30.4484	30.5380	30.5886	30.5228	30.5037	30.7200	30.5436	30.3680	30.4924	30.5135	30.4904	30.2390	30.5022	30.5460	30.4676	30.4390	30.4263	30.6259	30.5431	30.6903	30.6862	30.6552	30.7673	30.6563	30.8511	30.8966	30.8384	30.9001	30.8885	30.9900	30.8599	30.8522	31.0665	30.9598	30.9686	30.9782	30.9788	30.9102	30.9711	31.0069	30.9319	30.9352	30.9926	31.0525	31.0083	31.0850	31.1761	31.2983	28.4833	27.7439	27.3724	27.1768	26.9793	26.7762	26.2802	25.8331	25.1164	25.0695	24.8021	23.7269	22.6988	22.1176	21.5156	19.7839	18.3386	17.2112	15.7179	14.3743	12.4223	10.2986	8.5340	8.5703	7.4973	5.3416	5.1271	3.2009	3.3937	2.5946	0.5648	0.2500	1.3332	2.3301	4.5771	4.8267	5.4340	6.7873	9.0499	10.3727	12.9531	13.9842	13.9464	16.0366	17.7282	18.6939	20.8171	23.4037	21.9986	24.3790	24.1486	23.8646	24.3218	24.7653	24.6757	24.9400	25.0733	23.1417	24.2642	25.4469	24.4837	22.1383	25.0816	25.3670	24.0135	23.6088	25.6914	26.0759	24.6573	25.5391	26.1556	26.7474	24.9352	26.0678	26.7697	25.6854	25.3718	26.7785	27.3827	26.6841	26.4631	27.6859	27.9773	26.7536	26.8692	28.1922	27.8803	27.0035	27.8047	28.7074	28.4281	27.3231	27.7929	28.4136	28.2031	28.1032	28.8263	29.0689	29.1534	28.8256	29.0861	29.5499	29.6853	29.5439	29.8670	29.8616	29.8090	29.8843	29.8049	30.1929	30.2726	30.2142	29.8418	30.3041	30.4539	30.3372	30.2816	30.5254	30.6763	30.6346	30.5116	30.6045	30.8077	30.7855	30.6554	30.7238	30.6492	30.9028	30.7768	30.6764	30.9326	30.7943	30.7709	30.8799	30.7998	30.8695	30.7875	31.0359	30.9728	31.0420	30.9577	31.0486	31.1413	30.9833	31.1058	31.1143	31.1293	31.1495	31.1448	30.9757	31.1076
31.3704	31.2543	31.3056	31.1738	31.2516	31.2112	31.3393	31.1955	31.2993	31.2305	31.3049	31.1290	31.2776	31.1971	31.1888	31.1610	31.2019	31.1486	31.1511	31.1577	31.1388	30.9499	31.0912	31.0494	30.9601	30.9873	30.9378	30.9123	30.6291	30.7626	30.9026	30.6281	30.5356	30.8171	30.6949	30.6896	30.7880	30.6165	30.5897	30.6209	30.5492	30.6456	30.4738	30.3253	30.3611	30.5410	30.4433	30.3598	30.4422	30.5893	30.4823	30.6168	30.6269	30.6487	30.6833	30.6718	30.7456	30.7406	30.9107	30.7695	30.8535	30.9438	30.9077	30.8011	30.9308	31.0029	30.9794	31.0024	30.8184	30.8750	31.0844	31.0429	30.9272	31.0663	30.9865	30.9373	30.9845	31.0458	31.1065	31.2440	28.5541	28.0391	27.4964	27.4132	27.0318	27.0499	26.4715	26.1659	25.3025	25.0257	24.7976	23.6312	22.9337	22.3437	21.4808	20.3718	19.2539	17.7247	17.2954	15.5391	13.6337	11.3769	10.2711	10.2184	8.8935	6.9891	6.0614	4.6418	3.7706	2.6887	1.6821	0.8652	0.2500	1.2458	2.8496	4.5635	4.9602	5.7353	8.4757	9.1943	12.5121	13.2935	12.9362	15.2088	17.4014	18.7259	21.3114	22.7412	22.6461	24.9334	24.9144	23.8162	25.0825	25.8292	24.9718	25.8167	25.3259	24.0584	24.2905	24.9933	25.1946	23.2566	24.7015	24.8964	24.1874	23.9988	25.2890	25.4845	24.5307	25.0887	25.7941	25.9945	25.5273	26.4030	26.3997	26.6796	26.6985	27.2495	27.5065	27.5667	27.5341	27.9067	28.0761	27.8475	27.7062	28.3999	28.4240	28.1480	28.4755	28.9374	28.8406	28.2068	28.6834	28.7397	28.6110	28.5959	29.0353	29.2142	29.4103	28.7294	29.0409	29.7202	29.6456	29.5792	29.7446	29.9432	30.0812	30.2254	30.2293	30.4206	30.2278	30.3053	30.4842	30.5354	30.4115	30.4496	30.4505	30.6613	30.6352	30.5879	30.6374	30.3988	30.7507	30.5630	30.7037	30.4470	30.8078	30.8245	30.8621	30.7249	30.7236	30.7625	30.9385	30.9213	30.9098	30.7288	31.1540	30.8721	31.0303	31.0530	31.0408	31.1176	31.1594	31.0502	31.2056	31.1744	31.0904	31.1295	31.1036	31.0752	31.1945
31.3103	31.2924	31.2571	31.2572	31.2257	31.2284	31.3524	31.2350	31.2755	31.2577	31.2807	31.1822	31.2372	31.1504	31.1051	31.1485	31.1899	31.0591	30.9832	31.1281	31.0258	30.9560	30.8568	30.8300	30.8893	30.8233	30.7999	30.8719	30.6526	30.7366	30.6329	30.7222	30.5909	30.7023	30.6059	30.6402	30.4467	30.5473	30.5429	30.3808	30.4709	30.4791	30.3309	30.2603	30.3187	30.3877	30.3124	30.2780	30.4400	30.5081	30.3441	30.5778	30.5322	30.5640	30.6315	30.6450	30.6550	30.8032	30.7388	30.7758	30.8361	30.8859	30.8019	30.8089	30.8594	30.8468	30.8672	30.9113	30.7172	30.8671	30.9871	30.9047	30.8924	30.8939	30.9615	30.9177	31.0139	31.0100	31.1399	31.1367	28.8973	28.5195	28.0639	28.0738	27.6695	27.1205	26.9197	26.9766	26.0413	25.4549	25.0953	23.8241	22.7245	22.1171	21.8114	20.2278	19.6559	17.6334	17.1504	17.2332	15.6935	12.6139	12.4623	12.0043	11.8570	8.8843	7.7608	4.8187	6.0738	5.6143	3.2956	2.2366	0.6242	0.2500	1.3536	2.4365	3.8248	5.3236	7.4837	9.0197	11.2188	12.3489	12.5458	13.5583	15.7907	17.5839	20.5286	22.0473	22.5513	24.5286	24.3895	24.3163	24.5059	25.3015	25.1134	25.9343	24.9093	24.0919	24.7319	25.1091	23.6208	24.0112	24.8211	24.8217	22.7196	23.5126	25.2756	24.5548	23.5584	25.0612	25.9135	26.0986	25.5957	25.9395	26.0568	26.6241	27.1013	27.0860	26.9619	27.5414	27.6061	27.9045	27.8607	27.7692	28.2461	28.2539	28.0739	27.9954	28.4352	28.4895	28.5922	28.1365	28.7232	28.7075	28.9276	28.9547	29.0316	28.6620	29.0938	29.3482	29.2551	29.8389	29.6280	29.8082	29.6848	30.0209	29.6977	29.7217	30.0939	30.0595	29.8205	30.1943	30.2494	30.4092	30.1018	30.4532	30.3502	30.5938	30.4895	30.6992	30.5150	30.5872	30.4881	30.6932	30.7543	30.5388	30.7736	30.7671	30.6817	30.5990	30.6129	30.7268	30.9660	30.6743	31.0111	30.9854	31.0792	30.9041	30.8450	31.0062	30.9483	30.8390	30.9509	30.9734	31.0523	30.9433	31.0347	31.0593	30.9642	30.9702	31.0016
31.3047	31.1867	31.2865	31.2070	31.2370	31.1005	31.3025	31.0605	31.1745	31.2015	31.1792	31.1705	31.2055	31.1183	30.9738	31.1541	31.1357	31.0317	30.9500	31.0548	30.9892	30.8647	30.9771	30.9221	30.9531	30.7301	30.7713	30.8389	30.5696	30.6629	30.6478	30.7762	30.4563	30.6129	30.5694	30.5906	30.5810	30.6752	30.6381	30.4280	30.4307	30.5997	30.3369	30.2841	30.2278	30.4736	30.3038	30.2086	30.5046	30.4803	30.4327	30.5493	30.4978	30.6260	30.6343	30.5581	30.6362	30.7331	30.8434	30.7597	30.8854	30.8564	30.8841	30.7880	30.8818	30.7878	30.8004	30.8940	30.7701	30.8212	30.9329	30.8587	30.8087	30.8485	30.7672	30.8185	30.9224	30.9051	31.1094	31.1623	29.0811	28.6995	28.1525	28.4681	28.1891	27.4885	27.2920	27.3678	26.5265	26.3146	26.1752	25.1718	24.6840	24.4802	24.0853	23.1075	22.1422	21.3453	20.1197	19.2159	18.1932	15.8364	14.6322	13.7064	12.7061	9.8924	9.4292	6.1527	8.2138	7.2712	4.1185	4.8318	2.7207	0.9538	0.2500	1.3371	2.5826	5.8023	6.8609	8.9666	12.0480	12.4767	12.6494	13.7645	16.0170	18.7558	21.0665	23.8749	23.9508	25.0471	25.3374	24.1923	24.6335	25.7873	25.6248	26.5895	25.5571	24.0936	25.5969	25.3590	24.5492	23.9319	25.6421	25.5607	24.5813	24.3200	25.9194	26.2026	24.6420	25.5222	26.7674	27.1623	26.0081	27.3107	27.6874	27.9716	27.3851	28.1785	28.6703	28.3968	28.1794	28.7490	29.0922	28.8369	29.3127	29.1868	29.0256	28.6930	29.3211	29.2469	29.0187	29.2672	29.3895	29.4666	29.5876	29.5060	29.4976	29.3108	29.4794	29.6827	29.4969	30.1028	29.9453	29.5898	29.9302	30.2089	29.9840	29.7308	30.2199	30.4201	30.0940	30.5512	30.5873	30.5042	30.4334	30.6313	30.5311	30.4716	30.6073	30.8474	30.7694	30.5574	30.8240	30.8755	30.9627	30.9083	30.9606	31.0489	30.9873	30.8907	30.8841	30.9267	31.1768	30.9735	30.9853	31.0165	31.1920	31.0238	31.0332	31.1992	30.9867	31.0189	31.0800	31.1181	31.1635	30.9898	31.0832	31.0647	31.0882	30.9901	31.0527
31.3482	31.2602	31.1951	31.2232	31.1612	31.0980	31.2787	31.1571	31.2170	31.1672	31.2453	31.1865	31.1739	31.2051	31.0467	31.1483	31.1669	31.0939	31.0788	31.0830	31.0061	30.9004	30.9906	30.9678	30.8699	30.8344	30.8431	30.8260	30.6150	30.7143	30.7845	30.7066	30.5607	30.5867	30.6161	30.6540	30.6307	30.6792	30.6270	30.5127	30.5295	30.5728	30.3670	30.3602	30.3354	30.4757	30.4049	30.2888	30.4703	30.5261	30.4230	30.6465	30.6674	30.6460	30.7512	30.7453	30.8675	30.8960	30.9397	30.8621	30.8717	30.9435	30.9351	30.8358	30.9543	30.8891	30.8755	30.9878	30.8049	30.8642	30.9921	30.8569	30.9122	30.8154	30.9538	30.9213	31.0086	30.9813	31.0328	31.1892	29.0204	28.6591	28.2157	28.3922	28.0659	27.7752	27.7421	27.3193	27.0604	26.9112	26.5325	26.1918	25.3973	25.3150	24.9981	24.0387	22.9555	21.9091	21.4151	21.2986	20.1595	17.4211	15.5871	16.2486	14.4752	11.8889	10.2368	8.8763	9.5264	8.5153	5.6834	5.8570	4.1809	1.7961	0.9985	0.2500	1.4905	3.1201	5.9642	7.1001	8.8298	9.7369	9.2181	9.8539	12.8993	14.4012	18.3035	20.1089	20.5251	22.3665	22.8376	23.4341	23.6492	24.7660	24.7827	25.8953	24.3819	24.4464	24.8459	25.1484	24.6320	23.2497	25.1338	25.7084	24.3277	23.7813	25.7909	25.9107	23.5433	25.4512	26.6027	26.9790	25.7726	26.3880	27.6134	26.8689	26.2252	27.2650	27.8643	27.8292	27.3439	28.0942	28.5140	28.1068	27.4959	28.6271	28.3077	27.8967	27.9469	28.7927	28.6992	28.7054	28.3177	28.9059	29.2663	28.8619	28.5627	29.4898	29.3873	29.2563	29.3350	29.8623	29.7555	29.1441	30.0220	30.1042	29.8318	29.8883	30.3307	30.2393	30.0799	30.5654	30.4793	30.5770	30.2945	30.3755	30.6148	30.4741	30.5419	30.7692	30.7127	30.5834	30.6610	30.8924	30.7105	30.5764	30.7586	30.9491	30.7307	30.7308	30.7447	30.9738	30.8746	30.8607	30.8782	30.9198	30.9499	30.9108	31.0136	31.0530	30.8253	30.8007	31.1831	30.9561	31.1373	31.0074	31.0980	31.0547	31.0045	31.0421	31.0523
31.4063	31.3126	31.3139	31.2946	31.2556	31.2947	31.3497	31.2555	31.2689	31.3154	31.3612	31.2303	31.2398	31.2499	31.1712	31.1657	31.2553	31.1219	31.1567	31.2010	31.1592	30.9789	30.9754	30.9689	30.9261	30.9610	31.0009	30.8664	30.7113	30.8177	30.8891	30.8579	30.7164	30.7012	30.7411	30.7519	30.7207	30.7594	30.7407	30.6577	30.6191	30.7392	30.5404	30.4703	30.5133	30.5213	30.5302	30.4779	30.5482	30.6677	30.4913	30.7115	30.7434	30.7306	30.8292	30.7770	30.9253	30.8701	30.9568	30.9353	30.9153	30.9822	30.9849	30.9233	30.9540	30.9469	30.9289	31.0033	31.0091	30.9452	31.1050	31.0644	31.0148	30.9442	31.1119	31.0846	31.0598	31.1276	31.2441	31.3487	29.4933	28.9685	28.7600	28.5229	28.5764	28.3214	28.0426	27.9166	27.4686	27.3267	27.4411	26.9091	26.5309	26.0665	25.9445	25.3485	24.5536	23.9563	23.6038	23.3238	22.2337	19.4247	18.1841	18.5299	17.3554	13.9381	12.7780	11.0454	11.2847	10.2479	8.0292	6.6690	5.4891	4.0807	2.0833	1.1678	0.2500	1.7595	3.2402	5.0421	7.7197	8.2908	7.7812	9.2476	11.4548	12.2990	15.4706	17.4282	18.3982	20.2818	21.1506	21.5290	22.2698	23.2232	23.0693	24.1946	23.8553	22.6893	23.1478	23.9159	23.0380	21.6434	23.8424	24.3298	23.7071	23.3567	24.7704	24.8558	23.8131	25.0377	25.6119	25.7511	25.2933	25.6427	26.1185	26.1174	26.2700	26.9296	27.3991	27.0896	27.1238	27.7272	28.2887	27.3286	27.1635	28.5145	28.1432	28.1180	28.0907	28.6476	28.6594	27.9335	28.1349	28.8803	28.8270	28.6470	28.8906	29.3624	29.6247	28.7211	29.4018	29.8481	29.9102	29.8839	30.1985	30.0633	29.9374	30.1092	30.2719	30.4128	30.2375	30.4656	30.6395	30.5611	30.6740	30.5614	30.7079	30.7388	30.7168	30.7704	30.6195	30.7875	30.8708	30.8201	30.6562	30.8269	30.8454	30.9660	30.9152	30.7308	30.9475	30.9617	31.0138	30.9884	30.8321	30.9567	30.9884	31.0342	31.0748	31.0474	31.0352	30.9371	31.0597	31.0805	31.1325	31.1867	31.3068	31.2015	31.2845	31.1286	31.1685
31.4026	31.2817	31.3099	31.3227	31.3252	31.2745	31.3775	31.2667	31.3289	31.2808	31.2919	31.2457	31.2706	31.2734	31.1683	31.1833	31.2371	31.1291	31.1564	31.1107	31.0471	30.8339	30.9072	30.8506	30.7221	30.8281	30.7531	30.7387	30.7152	30.6902	30.6889	30.7443	30.5488	30.6336	30.6792	30.5488	30.5635	30.6231	30.5844	30.4367	30.4093	30.4528	30.4116	30.3268	30.4352	30.4426	30.3406	30.5229	30.4998	30.6387	30.4764	30.6073	30.6262	30.6349	30.7367	30.7310	30.8685	30.8896	30.9334	30.9092	30.9493	30.9812	30.9310	30.8505	30.9859	30.9439	30.9576	31.0124	30.9004	30.9054	31.0824	31.0281	30.9216	31.0213	30.9583	30.9868	31.0092	31.1144	31.1393	31.1875	29.6053	29.1280	28.9612	28.9082	28.7953	28.4105	28.4704	28.2340	27.7757	27.6626	27.7152	27.3756	26.7963	26.4740	25.9364	25.6633	25.5372	23.8475	23.7628	24.4147	22.2437	20.9805	21.8551	20.1310	20.4790	17.1506	14.5375	12.6162	13.7396	12.1838	9.8766	8.1650	6.2686	5.8418	5.1419	2.8202	1.1922	0.2500	1.6174	3.1726	5.5623	5.6924	5.0405	6.1814	7.4362	8.6926	11.2242	13.4726	15.5637	17.4737	17.2580	18.1137	18.8577	20.5707	21.9990	22.9166	20.9564	20.1813	22.5479	22.9909	21.1817	21.1411	24.1142	23.3702	21.9386	23.0133	24.3278	24.3020	22.8620	24.6129	25.4908	25.5095	24.9093	26.1724	26.3013	26.7385	26.7453	27.2931	27.4471	27.4823	27.6327	28.1907	28.4269	27.9175	28.0011	28.5874	28.4740	28.1399	28.7120	28.7738	28.5630	28.5462	28.7415	29.0398	28.9109	28.8519	29.1457	29.0799	29.4863	29.1833	29.2575	29.6733	29.7553	29.9085	30.1937	29.9633	30.0593	29.4938	30.1806	30.3346	30.1441	30.3742	30.4642	30.3921	30.5054	30.6028	30.4743	30.3692	30.6270	30.7045	30.6185	30.6355	30.6758	30.8762	30.8282	30.8614	30.8563	30.8879	30.8060	30.7960	30.8842	30.8405	30.7931	30.9265	30.9791	30.9505	31.0126	30.7551	31.0661	31.0978	31.0418	30.9791	31.0467	31.2141	31.0419	31.1937	31.0708	31.1066	31.1075	31.0815	31.1369
31.3653	31.2641	31.3232	31.3238	31.2058	31.2609	31.3678	31.1930	31.3157	31.2922	31.3748	31.2255	31.1984	31.2286	31.1730	31.2002	31.2507	31.1254	31.1555	31.1125	31.0914	30.9532	30.9576	30.9911	30.8512	30.8516	30.8870	30.8890	30.6793	30.7794	30.8293	30.7235	30.7164	30.6936	30.7468	30.7048	30.7120	30.7359	30.7359	30.5377	30.6070	30.6297	30.5002	30.4032	30.5611	30.4984	30.5189	30.4816	30.5032	30.6034	30.4484	30.5853	30.6706	30.6790	30.7053	30.7327	30.8509	30.8957	30.9037	30.8707	30.9073	30.9329	30.8830	30.8930	30.9604	30.9787	30.9589	30.9773	30.9164	30.9333	30.9995	31.0345	30.9629	30.9855	31.0507	31.0436	31.0082	31.1226	31.2228	31.1968	29.5193	28.9317	28.5977	28.6143	28.5823	28.2534	28.1571	28.1467	27.6360	27.2410	27.2126	27.2195	26.8226	26.1606	26.2239	25.6423	25.7109	24.8681	23.9896	24.1624	22.4026	21.3328	20.1727	20.5370	19.8854	15.9551	15.5726	13.1186	14.4681	12.9850	10.3912	10.0315	7.7942	6.7218	6.0191	5.5066	3.9086	1.1099	0.2500	1.3319	2.4443	4.0650	4.4151	5.9406	6.5253	7.4425	8.9809	10.6925	12.5048	14.3713	14.5205	13.9272	14.9299	16.5035	16.4308	16.9534	16.2102	15.4131	17.7504	18.2145	16.5847	17.3289	19.7850	19.0111	17.8874	18.4025	21.4080	20.9168	19.1296	21.7474	22.7576	23.2113	22.0302	23.6991	24.6376	24.7679	24.2664	25.4348	25.5474	25.8038	25.9154	26.7647	27.3345	27.0560	26.3361	27.8612	27.6493	26.8350	27.6443	27.8579	28.1077	27.6341	28.1994	28.1217	28.5424	28.6278	28.4353	28.9323	29.3239	28.9251	29.0815	29.5021	29.7320	29.3822	29.8919	29.5589	29.1915	29.5865	29.5531	29.7331	29.8582	29.9714	29.9955	30.1037	30.2944	30.3613	30.3383	30.5144	30.1889	30.4192	30.4472	30.4112	30.3967	30.4653	30.4851	30.3395	30.5206	30.7760	30.5199	30.3219	30.7198	30.4976	30.4638	30.3335	30.6369	30.7562	30.7262	30.6944	30.8355	30.8238	30.6084	30.8531	30.9015	30.6994	30.9833	30.9388	30.9818	31.0333	31.0845	30.8781	31.1453
31.3919	31.3223	31.3582	31.3359	31.1596	31.2789	31.4213	31.2206	31.3040	31.2552	31.3010	31.1961	31.2538	31.2655	31.1559	31.1127	31.1642	31.0999	31.0913	31.0877	31.0166	30.8380	30.8493	30.8108	30.9003	30.7998	30.6789	30.8029	30.7434	30.6475	30.5921	30.7103	30.5884	30.4593	30.5871	30.5522	30.5252	30.5132	30.5695	30.4495	30.4079	30.4098	30.2272	30.2717	30.2798	30.2595	30.2769	30.2889	30.4577	30.5772	30.3969	30.5134	30.5366	30.5677	30.6541	30.6726	30.7545	30.8056	30.7985	30.8356	30.8585	30.8966	30.7484	30.7515	30.8133	30.8688	30.7817	30.8786	30.7856	30.8746	30.9768	30.7959	30.7899	30.9113	30.7702	30.9017	30.9542	30.9748	31.0964	31.1619	29.4385	29.0746	28.6835	28.8431	28.5203	28.3244	28.1496	28.2691	27.8273	27.5112	27.2383	26.5789	26.7825	26.2505	26.2217	26.0626	25.1620	24.0352	24.2043	24.2659	22.8282	20.7832	20.1640	19.7505	19.3610	17.2088	16.4497	14.9380	15.8225	14.3107	11.7931	10.9543	9.6617	8.4127	7.3757	6.2086	4.5946	2.7519	0.9315	0.2500	1.2518	2.3985	3.5648	3.7094	3.8310	5.7364	7.2636	9.2038	10.6504	13.2238	12.8542	12.7206	13.6645	15.4522	15.7669	16.7099	15.2960	14.4288	15.8986	16.1800	15.4922	16.0853	17.8040	17.3888	16.9333	17.5237	19.2493	18.8609	18.6709	19.8335	21.0635	20.8471	21.0608	21.9274	22.5010	22.7844	22.7039	24.3082	24.1558	24.6585	24.7353	25.6043	25.8854	25.7784	26.3684	26.5817	26.4006	26.1447	26.6940	27.0804	27.5111	26.7980	27.4896	27.8145	27.9771	27.9738	28.4340	28.4483	28.6583	28.5639	28.6901	28.7961	28.8382	29.1217	29.4340	29.4006	29.7445	29.5439	29.4193	29.7486	29.5336	29.9891	29.7274	30.0303	29.7980	30.0573	29.8801	30.2690	30.1326	30.2349	30.1976	30.3695	30.2887	30.2318	30.3938	30.3429	30.4876	30.4209	30.4214	30.4300	30.3890	30.7480	30.6712	30.3905	30.6432	30.6398	30.7934	30.7318	30.7205	30.8781	30.7678	30.8350	30.8837	31.0752	30.8992	31.0421	31.0047	30.9860	31.0907	30.8547	31.0384
31.3575	31.3119	31.3084	31.2884	31.2395	31.2429	31.3759	31.2766	31.3276	31.3091	31.3581	31.3023	31.2222	31.1837	31.2083	31.2781	31.2465	31.1884	31.2013	31.1892	31.1323	30.9379	31.0924	31.0622	30.9961	30.8747	30.9411	30.8748	30.7781	30.9294	30.8714	30.8173	30.8302	30.8043	30.7616	30.7258	30.6399	30.7613	30.6047	30.4958	30.5295	30.5711	30.4578	30.3864	30.4977	30.5673	30.3529	30.4628	30.4930	30.5880	30.4726	30.6104	30.6543	30.5679	30.6370	30.6897	30.8201	30.8978	30.9383	30.8167	30.8348	30.9736	30.8994	30.8499	30.9810	30.9519	30.8914	31.0242	30.9013	30.8557	31.0039	30.9847	30.9382	30.9712	31.0370	30.8988	30.9916	31.0213	31.0719	31.2279	29.4596	28.8732	28.6589	28.7590	28.4005	28.3771	28.0956	28.1518	27.7501	27.4237	27.2549	26.8389	26.9455	26.6344	26.4649	26.0429	25.4086	24.3370	24.1268	24.7935	22.9898	20.9117	19.7829	20.6294	19.8290	16.5217	16.3661	14.6343	15.2857	13.8575	11.7044	11.1868	9.5970	8.4689	8.5215	7.6685	6.3360	4.1448	2.5174	0.8906	0.2500	1.0786	1.9565	2.5012	2.7412	4.1030	6.0777	7.2788	9.4046	10.8990	11.2321	11.4561	13.0930	15.2944	15.7649	17.2993	16.7863	14.6938	16.5641	17.8625	16.4746	15.7126	18.2429	18.8067	17.4798	17.4121	19.7522	19.8065	18.7187	20.4927	21.6917	20.7886	20.9079	21.9248	23.2738	22.9328	22.7024	23.7768	24.8569	24.2887	24.4673	25.6106	26.2232	25.2410	25.3294	26.3817	26.6142	26.6620	26.1461	27.3841	26.9050	26.4476	26.9971	28.1538	27.5856	27.8532	28.4710	28.6054	28.8480	28.6559	29.0600	29.1492	29.2602	29.2883	29.3679	29.6093	29.8504	29.7190	29.7131	30.1378	29.8286	29.8662	30.0707	30.2337	30.0576	30.1870	30.3745	30.4314	30.3259	30.2760	30.5821	30.3341	30.5113	30.5198	30.4707	30.3624	30.7582	30.5601	30.3867	30.3401	30.7989	30.6155	30.6424	30.4156	30.8354	30.6335	30.8244	30.7120	30.7069	30.5898	30.8954	30.8432	30.9386	30.8694	31.0561	30.8942	31.0255	31.0726	31.0014	30.7893	30.8457
31.3813	31.2534	31.2898	31.3082	31.2648	31.2336	31.2927	31.2776	31.2002	31.2533	31.2799	31.1948	31.2073	31.2631	31.1391	31.0540	31.0960	31.0704	31.0215	31.0072	31.0241	30.8506	30.8333	30.8232	30.8219	30.7436	30.6237	30.7720	30.7284	30.7022	30.5704	30.6218	30.5049	30.4618	30.5247	30.6144	30.4349	30.4209	30.4040	30.3865	30.3330	30.2887	30.2620	30.2240	30.2613	30.3457	30.2957	30.2505	30.4075	30.5380	30.2973	30.5099	30.5420	30.4969	30.6568	30.6259	30.6880	30.7836	30.7569	30.7464	30.7849	30.8217	30.7664	30.7420	30.8219	30.6553	30.8283	30.9404	30.6177	30.8581	30.9658	30.8092	30.7952	30.8860	30.8135	30.7951	30.9320	30.8470	31.0245	31.1330	29.5108	29.1976	28.9299	28.9463	28.5844	28.2153	28.2240	28.2216	27.7646	27.7279	27.5630	26.8741	26.7142	26.5174	26.5055	26.3332	25.7472	24.7411	24.5294	24.8867	23.5320	21.5031	21.2361	21.0690	20.4075	18.0038	16.7830	15.3849	17.0010	14.7140	13.1795	11.4193	11.1786	9.8104	9.4810	8.8150	7.4502	5.6259	3.2895	2.1223	0.6392	0.2500	0.9797	2.0338	2.8412	3.8246	5.8207	7.5602	9.2006	10.7991	11.3558	12.1771	13.0204	14.5444	17.1103	16.9381	15.2998	16.2716	17.3320	16.3131	16.3173	16.3849	17.9577	16.9966	16.8235	16.9373	18.4095	18.1147	17.8979	19.4019	20.2189	20.4556	20.8709	21.9280	21.4362	21.8104	23.3642	23.1063	23.4640	23.1626	23.7451	24.3017	24.4782	24.2251	25.1843	25.5501	25.1672	25.4532	26.2998	26.8002	26.5606	26.6588	26.9010	27.3989	27.1985	27.8208	28.1622	28.1375	28.6397	28.3863	28.6864	28.5049	28.8714	29.2364	29.1639	29.3175	28.9524	29.1002	29.5380	29.5404	29.5337	29.8078	29.9283	30.1002	29.9819	30.0650	29.9272	30.3137	30.1016	30.1716	30.2491	30.2592	30.3425	30.3362	30.2292	30.2796	30.5366	30.3592	30.4507	30.5047	30.5334	30.5190	30.7363	30.5391	30.5282	30.5218	30.8715	30.7434	30.7504	30.7733	30.8435	30.8018	30.8176	30.8885	30.7540	30.7894	30.9926	30.9270	30.9239	30.9014	30.9332
31.3321	31.2410	31.3306	31.1382	31.2318	31.1660	31.3244	31.1673	31.1866	31.0934	31.2928	31.2143	31.2293	31.1452	31.1273	31.1502	31.1301	31.0800	31.0734	31.0685	31.0541	30.8079	30.8439	30.7920	30.8282	30.6990	30.6178	30.7633	30.5672	30.6207	30.5247	30.5227	30.3635	30.4972	30.5748	30.5122	30.4443	30.4026	30.5339	30.3832	30.2927	30.3316	30.1435	30.1199	30.1749	30.3059	30.2868	30.2016	30.2561	30.4663	30.2880	30.4622	30.5570	30.5613	30.6558	30.6219	30.7192	30.7440	30.8205	30.6903	30.7411	30.7746	30.7363	30.7001	30.8017	30.6807	30.6723	30.8726	30.6643	30.7663	30.8072	30.7863	30.6701	30.6517	30.7329	30.8115	30.7437	30.6862	30.9861	31.0730	29.6306	29.4787	28.8251	29.0312	28.8295	28.3225	28.3363	28.3153	27.7979	27.5652	27.7228	27.3629	27.0420	26.6791	26.5889	26.6879	25.9505	25.5348	24.5777	24.5375	23.8652	22.6721	22.1055	21.6424	20.8272	19.8301	18.9231	17.2709	18.6669	17.9179	15.4171	14.9957	12.4437	11.2186	11.2741	10.0576	8.5550	6.2067	4.8140	2.5333	2.0730	0.5939	0.2500	1.0928	2.1729	4.6599	6.0068	8.7918	9.2522	11.7555	11.9831	11.6598	12.7289	14.5805	16.4801	16.9973	15.0086	14.3894	16.2270	16.6551	15.7942	15.5594	17.6757	18.0007	16.6453	16.9446	19.1058	19.6306	17.5820	19.0988	21.1911	22.0008	20.9026	21.3490	23.0743	23.2582	23.6166	24.1527	25.2560	24.9461	25.1254	25.7658	26.5182	25.6546	26.1125	26.8446	27.2219	26.1483	27.0795	27.9647	28.0955	27.3522	28.3153	28.1608	28.3930	28.1671	28.1559	28.7780	28.9064	29.0331	28.9115	29.1975	29.3594	29.3971	29.3007	29.5436	29.7211	29.2534	29.3951	30.0515	29.6057	29.9282	29.8731	30.1309	29.9602	29.9613	30.1953	30.2013	30.3501	30.3301	30.2489	30.3548	30.3483	30.4851	30.4680	30.4331	30.6715	30.6885	30.5639	30.5439	30.5378	30.5262	30.6546	30.7135	30.7079	30.7880	30.8575	30.7798	30.6255	30.9627	30.8033	30.8582	30.9593	30.8570	30.7804	30.8427	30.9297	30.9235	30.9043	30.6974	30.9535
31.3579	31.2445	31.3433	31.2107	31.1530	31.2198	31.3219	31.2463	31.2037	31.2705	31.3026	31.2313	31.1265	31.2066	31.1840	31.1306	31.2317	31.1528	31.1545	31.1212	31.0624	30.8426	30.9680	30.9860	30.8476	30.6659	30.8764	30.7839	30.4296	30.5517	30.7392	30.6926	30.4793	30.6041	30.5257	30.6278	30.6354	30.6502	30.5667	30.3957	30.4576	30.4921	30.3621	30.2432	30.2451	30.2804	30.1683	30.2748	30.2611	30.3849	30.3000	30.4238	30.4357	30.4788	30.4523	30.4936	30.6963	30.7654	30.7814	30.7537	30.7826	30.8369	30.8412	30.7209	30.8827	30.8017	30.8541	30.9664	30.8675	30.9219	30.8783	30.9947	30.8994	30.8122	30.9891	30.9797	31.0164	30.9927	31.1142	31.2497	29.4029	29.1813	28.7951	29.0232	28.8550	28.5389	28.6464	28.4504	28.0989	27.7204	27.6213	27.6049	27.3739	27.1686	27.0156	26.5026	26.3601	25.7638	25.3259	25.3014	24.0630	22.7535	21.5926	21.9166	21.4162	18.7280	17.6632	16.4946	17.6264	17.4570	14.5040	14.0964	11.9833	10.5411	10.1362	9.3363	7.7645	5.8842	4.3037	2.7769	3.5640	1.5627	0.7066	0.2500	1.2559	2.6574	5.0367	6.3411	7.6283	9.1712	9.5480	9.9302	10.6189	13.1895	14.6115	16.1596	13.8336	13.2107	16.3128	16.4014	14.6258	14.6115	18.3111	17.5105	15.7316	16.2555	19.4899	18.5905	17.2313	19.3721	20.9140	20.7702	19.5326	21.7678	22.6960	21.2826	22.2398	24.3682	24.9841	24.5197	24.5578	26.0170	26.8241	25.5518	25.3995	26.8680	26.6571	26.3956	27.4476	28.0344	27.5424	27.3105	28.4775	28.2316	28.0161	28.4570	28.4397	28.7099	28.7826	28.5018	28.9730	29.1684	29.1635	29.2125	29.8533	29.4525	29.2383	29.5343	29.2648	29.7134	29.8621	29.6175	29.9638	30.2082	29.9676	29.9486	30.0849	30.2314	30.4115	30.3434	30.2174	30.3440	30.3927	30.3637	30.3892	30.5078	30.5041	30.6101	30.5207	30.5082	30.8273	30.6076	30.5988	30.6798	30.6389	30.4598	30.5119	30.7195	30.6191	30.7173	30.7524	30.7713	30.6513	30.6741	30.6898	30.7545	30.8216	30.9004	30.9707	30.7280	30.8867
31.3763	31.2656	31.2686	31.2352	31.1798	31.2083	31.2806	31.2565	31.2472	31.2577	31.2984	31.2337	31.1558	31.2094	31.1736	31.2031	31.1752	31.1510	31.1314	31.1859	31.0109	30.8155	31.0130	30.9772	30.7863	30.6817	30.9029	30.8603	30.5792	30.5979	30.7762	30.6316	30.5161	30.6433	30.6713	30.6488	30.6167	30.5923	30.4580	30.3042	30.3205	30.3168	30.3298	30.1158	30.3164	30.2875	30.1970	30.3026	30.2309	30.4201	30.1807	30.4087	30.3914	30.5369	30.5185	30.5489	30.7001	30.7609	30.7627	30.7912	30.7828	30.9353	30.8769	30.8212	30.8924	30.8426	30.8993	30.9561	30.9483	30.7999	30.9214	30.9729	30.8458	30.9077	30.9689	30.9185	30.8761	30.9357	31.1367	31.2538	29.6689	29.1420	28.8699	29.1105	29.1074	28.9029	28.6373	28.8038	28.4114	27.9214	28.2789	28.1079	27.8302	27.5253	27.6176	27.2404	27.4062	26.4816	25.9309	26.7613	25.5273	23.0663	23.3272	23.0749	22.9269	20.2981	19.6261	18.1629	20.1592	19.3892	17.1838	15.9495	13.5371	12.3380	11.6082	10.4048	8.9640	6.7013	5.5085	4.1090	3.6303	3.6781	1.9417	0.8414	0.2500	1.3896	3.1425	5.8927	7.3729	8.6925	8.8585	9.1056	10.2886	12.5139	14.3837	15.0685	14.0653	13.4408	15.5297	15.9193	14.8211	14.7306	17.0340	17.6288	16.8314	17.5794	18.7781	19.7946	18.8763	19.9809	21.2215	21.5910	20.9809	21.3512	23.2174	22.5976	22.2631	24.2592	24.7525	24.5436	25.0621	25.7949	26.2038	26.0424	25.8657	26.8061	26.9287	26.6159	27.5632	27.7976	27.4824	26.9228	28.3197	28.2820	28.1594	27.9720	28.3035	28.8119	29.1459	29.0553	29.4313	29.1410	29.0061	29.3284	30.1235	29.3363	29.4703	29.8659	29.8865	29.9350	29.9155	30.0475	30.1772	30.0442	30.2109	30.2357	30.2521	30.5035	30.1897	30.2986	30.3787	30.5380	30.5633	30.4353	30.3074	30.2133	30.5222	30.5607	30.6861	30.4888	30.6972	30.5381	30.4365	30.6653	30.7543	30.5193	30.8346	30.8414	30.6110	30.6566	30.8743	30.8485	30.8101	30.8143	30.8022	30.9994	30.7829	30.8426	31.0561	30.8985	30.8788
31.4736	31.4400	31.3747	31.3892	31.3032	31.3786	31.3259	31.2721	31.3556	31.4238	31.4403	31.3070	31.3131	31.3628	31.3239	31.2271	31.2636	31.1457	31.1770	31.1790	31.1680	30.9506	30.9509	30.8939	30.9376	30.8421	30.9508	30.9230	30.6995	30.8070	30.7321	30.7233	30.7396	30.7167	30.7099	30.6727	30.6920	30.5940	30.5804	30.6125	30.4439	30.4104	30.3790	30.3482	30.5364	30.5570	30.4605	30.5259	30.5629	30.6746	30.5520	30.6011	30.7092	30.6033	30.7965	30.8637	30.9357	30.9283	31.0085	30.9049	30.9224	31.0229	30.9324	30.8898	30.9353	30.8581	30.9429	30.9683	30.8757	30.9055	30.9694	30.9294	30.7840	30.9608	31.0301	30.9894	31.1013	31.0825	31.1695	31.2611	30.0248	29.7844	29.4523	29.4571	29.3518	29.2122	29.0790	28.9784	28.8085	28.3500	28.4133	28.4697	27.9956	28.0807	28.0867	28.0196	27.5776	26.8448	27.1109	27.4689	26.7751	25.2155	25.9945	24.5145	24.6173	24.0376	22.7977	22.8981	23.8671	23.0952	22.6222	20.2895	18.6446	19.3321	18.2440	15.8989	14.3268	12.7066	9.1071	8.8817	5.6507	5.7682	5.7345	3.0290	1.2013	0.2500	1.6325	2.9673	4.4949	6.1002	6.3320	7.3829	9.3252	11.4303	14.1151	15.4378	14.3583	14.2310	16.7423	16.9313	15.9336	17.2241	18.6322	18.6649	18.1621	19.6029	20.2299	20.7873	21.3434	21.9236	22.8206	22.8067	23.8200	24.1688	22.9100	23.5448	24.7779	25.4803	25.4834	25.6935	26.4609	27.0402	27.0620	26.4127	27.5752	27.9418	28.1342	27.9401	28.1282	28.6498	28.2378	28.2391	28.3873	28.7823	28.9316	28.6313	29.3536	29.0256	29.5403	28.8291	29.4683	29.0118	29.2188	29.3222	29.8099	29.7245	29.6268	29.5718	29.8651	30.0923	29.4385	29.9199	29.9536	30.1912	30.0380	30.1286	30.1537	30.2659	30.3841	30.3268	30.4262	30.5312	30.2246	30.4918	30.7116	30.2666	30.7547	30.8671	30.4828	30.6765	30.7825	30.7771	30.8653	30.7015	30.6107	30.8931	30.8647	30.8412	30.8400	30.9619	30.8385	30.7686	30.9400	30.9406	30.9845	30.9894	31.0597	31.0919	31.1529	30.9318	31.1562
31.4861	31.4342	31.3487	31.3665	31.3825	31.4184	31.4302	31.3949	31.3225	31.3714	31.4495	31.3355	31.3678	31.3941	31.3325	31.3360	31.3253	31.2233	31.2073	31.2172	31.1593	31.0106	31.0294	31.0046	30.9816	30.8797	31.0152	30.9459	30.6465	30.8133	30.8329	30.7263	30.5996	30.7830	30.6409	30.7375	30.4101	30.6715	30.6755	30.3887	30.4311	30.4404	30.3159	30.3323	30.3677	30.3377	30.3971	30.2912	30.5371	30.5229	30.4102	30.5722	30.5217	30.5288	30.6761	30.7616	30.7499	30.7716	30.7587	30.8278	30.8604	30.8499	30.7742	30.8598	30.8920	30.8891	30.8647	30.8647	30.7733	30.8714	30.9921	30.9588	30.8688	30.9566	30.9852	30.8712	30.9868	30.8513	31.1032	31.2363	29.4587	29.1425	28.7116	29.0055	28.7461	28.3708	28.4083	28.7189	28.0180	27.9126	28.0670	27.6373	27.3466	27.3176	27.3622	27.5148	26.8954	26.3846	26.9557	26.8577	26.0445	25.3138	25.3145	24.3651	24.7022	23.3855	20.6672	21.5472	23.9641	22.9008	21.4351	20.0780	18.7629	18.1514	17.3317	15.6668	14.1561	12.7701	10.1024	8.9835	7.1721	6.4809	6.2292	4.9842	3.1076	1.0305	0.2500	1.3893	3.2761	4.1310	5.6035	6.5202	8.2137	11.3758	11.3726	12.3851	12.3874	11.1288	12.9900	13.6219	13.1113	14.3386	14.4931	15.0343	15.6828	16.5114	18.5281	17.8072	18.0035	19.6652	21.5443	20.6800	19.8409	20.8312	22.1807	21.3864	21.3741	23.3042	23.9673	23.5163	23.3917	24.9144	24.0972	24.7066	24.4772	25.5944	25.0459	25.9588	25.4807	26.4373	26.0736	25.9373	26.6278	26.9816	27.5214	27.0654	27.9436	28.0546	28.2005	27.5772	28.4145	28.1863	28.5869	28.0839	28.4496	29.1086	29.1573	28.9455	29.8444	29.8548	29.4993	29.7485	29.9153	30.0936	29.7284	29.8782	29.9337	30.3447	30.1920	30.0931	30.2081	30.2890	30.1046	30.4529	30.4963	30.4061	30.5197	30.5785	30.5982	30.3377	30.4295	30.5873	30.4693	30.4286	30.6540	30.7919	30.7227	30.5986	30.8730	30.8464	30.8024	30.6488	30.9171	30.7733	30.9162	30.7995	31.0737	30.8552	31.0356	30.7953	30.9918
31.4101	31.3331	31.2768	31.3416	31.2490	31.3025	31.3354	31.2718	31.2821	31.4044	31.3614	31.2708	31.2818	31.2750	31.2283	31.1984	31.2644	31.2154	31.0704	31.0360	31.0275	30.8776	30.9852	30.9287	30.8853	30.7711	30.7130	30.7760	30.6366	30.4130	30.6910	30.5776	30.3615	30.6135	30.4969	30.5430	30.4422	30.4771	30.3943	30.4131	30.3431	30.3475	30.2590	30.1509	30.2435	30.2590	30.2939	30.2898	30.3716	30.4424	30.3483	30.3428	30.4398	30.4584	30.5346	30.5671	30.7734	30.6511	30.8044	30.8154	30.9101	30.8446	30.7674	30.7916	30.8545	30.7509	30.8416	30.8601	30.6964	30.6402	30.8158	30.7239	30.6627	30.7633	30.9652	30.8683	30.8657	31.0539	31.1460	31.1501	29.4651	28.8410	28.4951	28.7301	28.6257	28.2592	28.1690	28.3610	28.0485	27.5395	27.5106	27.8195	27.3744	27.0278	27.1416	26.8267	26.9881	26.0479	26.2834	26.1024	25.6115	24.1534	24.9921	22.9070	22.7131	23.0732	20.8200	22.3910	24.7897	24.3937	22.3942	22.5762	19.6652	20.0714	20.2935	18.4426	17.0055	15.2163	12.4905	10.5628	8.8311	8.4864	8.6037	6.9104	4.5651	2.4461	0.9157	0.2500	1.3498	2.5301	5.3281	5.6088	7.2161	8.7898	10.0599	11.6767	11.2278	9.2946	11.8312	13.5794	11.7396	11.5673	15.7431	15.2942	13.9045	15.9178	17.0290	16.9773	16.8401	17.8513	18.8816	19.0122	19.4193	20.3140	19.9440	20.5643	20.6684	21.7298	22.5534	21.9554	22.6668	23.8687	24.5744	24.1527	24.3802	25.3706	25.2976	25.1326	26.2171	26.2812	26.0361	26.0683	26.6135	27.1236	27.2391	26.9525	27.3956	27.9864	27.9204	28.2502	28.1668	28.3895	28.3395	28.7448	29.0318	29.0787	28.9809	28.7178	29.2416	29.4660	29.0858	29.3516	29.4177	29.8089	29.5242	29.7117	29.9015	29.8063	29.6627	30.1277	30.3103	29.9498	29.9602	30.0113	30.1629	30.1186	29.9290	30.2698	30.4079	30.0135	30.0430	30.2966	30.2872	30.2109	30.2845	30.3275	30.7117	30.1638	30.0862	30.4766	30.2981	30.2801	30.5164	30.4360	30.6943	30.5587	30.6100	30.5515	30.6174	30.6469	30.6526
31.4575	31.4487	31.4522	31.3553	31.3931	31.3800	31.4588	31.4099	31.3771	31.3415	31.4168	31.3699	31.3379	31.3239	31.2829	31.2594	31.2504	31.2009	31.1629	31.1758	31.1211	30.9910	30.9815	30.9173	30.9015	30.8083	30.8012	30.9285	30.7224	30.7467	30.8036	30.7453	30.6799	30.7504	30.6222	30.7010	30.6737	30.7350	30.6358	30.4592	30.6259	30.5902	30.4452	30.4106	30.5526	30.5586	30.4431	30.4996	30.5726	30.5530	30.5516	30.6547	30.7178	30.7019	30.7530	30.7675	30.8680	30.8724	30.8736	30.8997	30.9175	30.8876	30.7938	30.7695	30.9404	30.7975	30.8255	30.9592	30.7880	30.7882	30.8729	30.7688	30.8576	30.8718	30.8850	30.8750	30.9418	30.8952	31.1126	31.1252	29.8152	29.5692	29.2414	29.2801	29.1342	28.5849	28.5844	28.7782	28.3300	28.1843	27.9985	27.3660	27.5695	27.5384	27.3603	27.2657	27.2360	26.5202	26.2243	26.3131	25.3936	24.0634	24.1907	22.4114	24.3547	22.9079	21.7578	22.5425	23.8784	23.9323	23.3398	21.4852	20.1969	20.2003	19.5069	18.1431	15.7512	15.3237	12.1744	11.7750	9.7441	8.6010	8.6042	7.6135	5.8229	4.1782	2.2369	0.9307	0.2500	1.4903	2.9817	5.4740	6.9888	8.3203	10.0102	11.8720	11.0214	10.5520	12.3896	12.9577	13.4501	13.7417	15.5947	15.3854	15.8636	16.7645	17.5097	18.1936	18.7214	18.8045	19.6641	21.4577	20.6195	21.4081	22.2010	22.5232	22.9178	22.8786	24.1075	24.5556	24.0246	25.5087	25.9728	25.2227	26.1333	26.1181	26.7953	25.8177	27.3379	27.0396	27.3761	27.0998	27.1347	28.0686	27.9846	27.7095	28.6996	28.6946	28.4636	28.5196	28.7896	29.0728	28.7999	29.0386	29.0303	29.2061	29.2317	28.7420	29.7869	29.4720	29.4960	29.7801	29.8195	29.9061	29.6560	29.9046	30.0229	29.9875	29.9269	30.1863	30.2173	30.0532	30.0653	30.3195	30.4896	30.1720	30.4739	30.2864	30.2250	30.3345	30.4424	30.5764	30.3677	30.4620	30.6699	30.6691	30.7609	30.6190	30.6423	30.8415	30.6470	30.5886	30.7041	30.6127	30.5972	30.7204	30.7597	30.6432	30.8225	30.6438	30.9124
31.2890	31.2833	31.2674	31.2853	31.1810	31.2651	31.3603	31.1647	31.2546	31.3291	31.2455	31.1406	31.1603	31.1785	31.1021	31.0823	31.1395	31.0421	30.9513	30.9648	30.8741	30.7891	30.7511	30.7564	30.8207	30.7012	30.6339	30.6775	30.5993	30.5751	30.5281	30.6228	30.4642	30.4935	30.2957	30.4686	30.4058	30.4465	30.3953	30.2981	30.3036	30.3654	30.2532	30.1299	30.3247	30.2777	30.3009	30.2866	30.3744	30.4573	30.3855	30.3024	30.4902	30.4512	30.5318	30.5998	30.6325	30.7943	30.7195	30.8127	30.8256	30.8828	30.7014	30.6753	30.7660	30.7603	30.6961	30.7843	30.5787	30.7173	30.8285	30.6965	30.7115	30.6814	30.7955	30.7467	30.7943	30.8326	31.0376	31.1304	29.4692	29.3030	28.8057	28.9319	28.5964	28.3649	28.3598	28.4123	28.2038	27.6787	27.8361	27.8559	27.5360	27.4180	27.4005	27.4689	26.9270	26.5675	26.1197	26.4708	25.9065	24.3854	24.1739	22.9976	23.6679	22.8321	22.0056	22.9094	24.3081	24.6779	22.5161	22.3722	21.5589	20.5825	19.9019	19.0257	17.7525	15.9775	14.0676	12.5461	11.0804	9.7816	9.8265	10.2267	7.5322	6.0035	3.9735	3.8279	1.4290	0.2500	1.7001	3.2356	5.3670	6.8196	9.0481	10.0982	9.1719	9.7671	12.2064	12.8590	12.7893	13.5261	16.4835	16.0853	15.8130	18.1063	18.6225	18.6517	19.3830	20.3378	21.0332	20.7432	21.9029	22.8318	22.6553	22.6428	23.3825	23.4518	23.8798	24.3027	24.7645	24.5126	24.9569	24.9749	25.9774	26.0581	26.2516	25.5350	26.4249	26.8991	26.7330	27.1825	27.7254	27.3936	27.4946	27.5556	27.9316	27.9243	28.1199	28.7605	28.5708	28.0860	28.5124	28.7336	28.5035	29.0824	28.7776	29.1841	29.3548	29.1630	29.3664	29.4475	29.5478	29.6858	29.5612	29.7168	29.7816	29.6074	29.7021	30.0153	30.1773	29.5841	29.7340	30.0819	30.3459	30.0270	30.0021	30.2904	30.2105	30.1384	30.2431	30.1266	30.3227	30.1686	30.3581	30.5178	30.5080	30.2945	30.4167	30.5392	30.4494	30.4326	30.5687	30.4641	30.6900	30.4785	30.6790	30.6522	30.7530	30.6366	30.8030
31.3549	31.3520	31.3078	31.3172	31.2598	31.3167	31.3512	31.2397	31.2752	31.2616	31.2951	31.2245	31.2015	31.1712	31.1642	31.1875	31.2067	31.1609	31.0669	31.0964	31.0844	30.9240	30.9131	30.9757	30.9422	30.7269	30.9220	30.8962	30.6608	30.7055	30.8014	30.7690	30.5579	30.7455	30.6965	30.7850	30.6152	30.6853	30.5216	30.5147	30.4182	30.5182	30.3911	30.2326	30.3876	30.4181	30.3330	30.2765	30.2682	30.4693	30.3272	30.4068	30.4669	30.5121	30.5268	30.5160	30.7094	30.6982	30.7690	30.7497	30.8167	30.8795	30.7365	30.7544	30.8960	30.7572	30.7424	30.8708	30.7891	30.6892	30.8772	30.7647	30.6791	30.7627	30.8501	30.8159	30.8633	30.9005	31.0491	31.1163	29.5946	29.2819	28.9534	28.8462	28.6752	28.3783	28.3864	28.3757	27.9981	27.6536	27.5810	27.6420	27.3654	27.3262	27.4464	27.1415	26.7468	26.6702	25.8349	26.1018	25.3323	24.7750	24.0225	22.7848	21.6742	22.7987	22.9612	23.9822	25.0447	25.5750	23.4271	23.9146	23.0159	22.0100	22.5080	21.2728	20.8732	19.7096	16.7045	14.6153	13.0530	12.0002	12.0445	11.6980	9.6520	8.2529	6.2871	4.8175	2.8942	1.0275	0.2500	1.7542	3.5805	5.8824	7.1991	7.8755	7.9541	7.2636	8.8997	9.9715	10.1626	10.3636	12.6039	13.5192	13.1393	14.7235	15.9421	16.3649	17.0347	17.6175	18.8389	20.4068	19.5233	20.9620	22.4632	22.4313	21.5159	22.5205	24.5236	23.7105	23.6445	24.7550	25.3706	25.0827	25.2754	25.9576	25.7982	25.7427	25.6887	26.2921	26.0314	26.1725	26.5585	26.5818	26.6014	26.9502	26.5367	27.5348	27.6480	27.0277	27.9581	27.8304	27.9294	28.3824	28.9788	28.5674	28.7018	28.7914	29.3440	28.9379	28.9756	29.0329	29.4474	29.5718	29.5081	29.6463	29.5832	29.6381	29.8226	29.7730	30.0043	29.8471	30.1055	30.2316	30.0771	29.5593	30.3351	29.9600	30.1598	29.9880	30.1951	30.0083	30.1901	30.3088	30.4143	30.2368	30.2911	30.4878	30.4189	30.4053	30.3146	30.4805	30.5364	30.5079	30.5199	30.5558	30.5550	30.5857	30.8088	30.7330	30.7997
31.4117	31.3725	31.3488	31.3083	31.3042	31.3440	31.4158	31.2705	31.3170	31.2488	31.3154	31.1620	31.2493	31.2459	31.1733	31.1989	31.2048	31.1151	31.0814	31.0274	31.0401	30.9039	30.7836	30.7951	30.8818	30.8296	30.7226	30.8836	30.6919	30.6945	30.6735	30.8197	30.5473	30.6570	30.6328	30.6238	30.2947	30.5044	30.4481	30.2142	30.4582	30.3322	30.1760	30.2067	30.3470	30.3050	30.3430	30.3906	30.3535	30.5334	30.4258	30.4445	30.4269	30.4540	30.5091	30.6203	30.6508	30.7510	30.6858	30.7541	30.7648	30.8044	30.7097	30.6192	30.6767	30.8234	30.7110	30.7596	30.6764	30.6860	30.7553	30.7603	30.7967	30.8675	30.6537	30.8511	30.9662	30.8295	31.0075	31.1099	29.4920	29.2580	28.9406	28.8588	28.6448	28.4412	28.3617	28.1772	27.8664	27.3562	27.5896	27.6073	27.1339	27.1742	27.5213	27.3199	27.0727	26.8196	26.7697	26.9882	25.9287	26.1150	24.4873	22.1317	22.3970	22.6861	23.1562	25.4854	25.4745	26.4886	25.4073	24.4640	23.5939	23.4536	23.2197	22.5198	21.1421	20.8704	18.1257	16.9777	14.3772	12.5966	13.8633	12.9028	11.3543	9.0758	7.5925	5.4676	4.8451	2.6133	1.1250	0.2500	1.4327	2.9458	4.8881	5.7102	5.5965	6.1601	8.4459	8.1467	9.0102	10.3089	12.5806	12.3588	13.4444	15.3802	15.5481	16.0754	17.2013	17.9862	18.4211	18.8905	19.1062	19.8492	20.7629	21.0549	21.1191	21.2805	22.4045	22.8948	22.7069	24.1899	24.4346	23.6345	23.9094	25.3372	25.6622	25.1610	26.7380	26.2558	26.5430	26.4294	26.6202	27.1583	26.9479	26.9591	27.5400	27.5691	28.1819	27.8953	28.2110	28.1933	28.2929	28.4254	28.8846	28.7153	28.8933	28.5540	29.4366	29.4508	29.3919	29.5692	29.9747	29.9339	29.8386	29.7275	29.6414	30.0287	30.2123	30.0089	29.9647	30.3461	30.2790	30.1231	30.2031	30.1340	30.6503	30.0997	30.3384	30.3002	30.3305	30.0942	30.5094	30.4312	30.7250	30.5859	30.7353	30.4899	30.4229	30.6016	30.6974	30.5371	30.6810	30.5134	30.7278	30.7257	30.8521	30.8522	30.7834	30.7642	30.7943
31.4582	31.4045	31.3894	31.3327	31.3600	31.3645	31.4320	31.3404	31.3740	31.3325	31.3532	31.3260	31.3103	31.3050	31.2877	31.2741	31.2281	31.1840	31.1792	31.2022	31.1331	30.9895	31.0381	31.0176	30.9072	30.9493	31.0589	30.9646	30.6750	30.8530	30.9833	30.7957	30.7051	30.7732	30.8161	30.7407	30.4332	30.7568	30.7083	30.4424	30.6361	30.5894	30.3684	30.4375	30.5393	30.4856	30.3446	30.4802	30.4898	30.5639	30.5645	30.5031	30.5337	30.5165	30.6023	30.5658	30.8142	30.8283	30.7208	30.7341	30.9194	30.9751	30.7825	30.8233	30.8338	30.7665	30.7872	30.9119	30.7966	30.8138	30.7786	30.7418	30.8347	30.7952	30.8231	30.9089	30.8886	30.9098	31.0882	31.1974	29.2263	28.8967	28.8347	28.6142	28.4675	28.4339	27.9932	28.1463	27.7434	27.2918	27.7213	27.2540	27.2321	27.2919	27.6497	27.5805	27.3623	27.0094	27.1439	26.8362	26.6467	26.4337	25.1080	24.8052	24.2501	24.0856	21.8571	24.6245	26.1201	26.0787	24.7398	24.8907	23.9963	23.5676	23.6667	22.6524	21.9657	20.7347	18.5243	17.2233	15.4602	13.7169	13.8294	13.8377	12.2514	10.1113	8.1947	7.4712	6.4204	4.8275	3.7931	1.1539	0.2500	1.5855	3.4346	4.8667	4.9515	5.9931	7.5875	8.7891	9.0615	10.4412	11.5137	12.8817	12.2869	15.4098	16.2565	16.1650	18.7341	18.4757	19.9869	19.6370	20.8089	22.0654	21.3016	22.2692	22.6759	22.6786	23.7953	24.0166	23.9855	24.5106	25.3825	24.8206	24.4210	26.2097	25.6580	25.2857	25.7778	26.5654	26.2827	25.7057	26.8571	26.7068	26.8683	27.0043	27.2176	27.7555	27.8982	27.4326	27.9058	27.8855	28.8239	28.2961	28.8985	28.9070	28.8857	29.2374	29.3076	29.2420	29.0484	29.1469	29.7058	29.6416	29.6962	29.8356	29.7450	30.0420	29.9492	29.8280	29.7176	30.0266	29.9376	30.0703	30.0009	30.0530	30.1260	30.2591	30.2135	30.0398	30.3535	30.2198	30.1488	30.4034	30.4946	30.3337	30.4873	30.4702	30.4953	30.6073	30.5088	30.6575	30.7039	30.6711	30.7050	30.7483	30.8134	30.6334	30.8423	30.5609	30.7764
31.3493	31.3185	31.2416	31.2330	31.2463	31.2492	31.3148	31.2688	31.3154	31.2599	31.2824	31.2537	31.1671	31.1402	31.1578	31.2092	31.1495	31.1075	31.0961	31.0136	31.0026	30.8735	30.9847	30.9104	30.8345	30.7030	31.0046	30.8817	30.5557	30.5962	30.7553	30.6330	30.3297	30.6963	30.5500	30.4625	30.5513	30.6415	30.4317	30.2825	30.5333	30.4072	30.2994	30.2168	30.3813	30.2951	30.2772	30.2938	30.1571	30.3001	30.2302	30.2102	30.2441	30.2898	30.3667	30.3622	30.6344	30.6145	30.5600	30.6386	30.6825	30.8104	30.6114	30.6493	30.7754	30.8302	30.7543	30.8998	30.6994	30.5750	30.8659	30.7922	30.5579	30.7106	30.7912	30.8057	30.7361	30.9611	31.0289	30.9731	28.9753	28.3133	27.9009	27.7393	27.6238	27.2430	27.1853	26.8869	26.7331	25.9748	26.1366	26.4065	25.8810	25.8761	26.4113	26.3990	26.0219	25.4515	24.8329	25.4179	25.4792	24.0030	24.1750	22.3567	24.1637	23.3888	21.7306	23.6608	24.8834	25.4442	22.7971	23.6021	23.6981	22.8950	22.7282	22.5349	22.1538	20.3495	18.4313	17.2621	15.3319	13.7558	15.2178	14.9897	12.0461	10.2286	8.1685	8.7910	8.6026	6.6698	5.2582	3.6901	1.0186	0.2500	1.2961	2.6749	4.9886	3.8840	4.4496	7.1906	7.7211	6.1591	8.2580	9.5209	9.7804	9.4031	11.6097	13.8207	15.5530	13.7950	15.7118	17.8296	17.4959	17.0330	18.5671	19.5124	16.8739	18.5445	20.6759	20.1248	20.6071	22.0066	21.8125	21.6126	20.9057	22.5356	22.8668	21.9929	22.8263	23.3269	23.5395	23.5214	23.7523	24.4913	24.0039	24.8034	25.0116	25.3780	26.0677	25.9283	26.0922	26.2415	26.0272	25.9277	27.2689	26.8102	27.2959	27.4343	27.6604	27.4782	27.8799	27.6863	27.8819	28.0909	27.7930	27.8626	27.5123	27.7191	28.6136	28.8475	28.6564	28.1155	28.5943	28.9627	28.7461	28.8133	29.1198	28.2792	29.2559	28.9837	29.3259	28.9643	29.1990	29.2692	29.3738	28.8929	29.0325	29.4924	29.7581	29.4750	29.6342	29.5987	29.6433	29.8529	29.8017	30.1938	30.2714	30.3778	30.3971	30.1621	30.3279
31.4522	31.3515	31.3724	31.3239	31.3694	31.3320	31.4010	31.3102	31.3547	31.3047	31.2900	31.2401	31.2389	31.2377	31.1824	31.2267	31.1984	31.1112	31.1745	31.1085	31.1498	30.8747	30.9436	30.9217	30.9027	30.7644	30.7471	30.9419	30.7563	30.6955	30.7857	30.6796	30.6066	30.7488	30.6364	30.7232	30.5877	30.6927	30.6836	30.6158	30.5723	30.5441	30.4832	30.4074	30.4928	30.4765	30.4336	30.4634	30.4330	30.5470	30.4689	30.4931	30.5747	30.6392	30.6509	30.6507	30.7910	30.8208	30.8119	30.7951	30.8587	30.9330	30.8114	30.7858	30.8564	30.8472	30.7822	30.8769	30.7326	30.6700	30.8419	30.8060	30.5952	30.7812	30.7207	30.8633	30.8018	30.7846	31.0777	30.9982	29.4171	29.1285	28.7874	28.5486	28.5570	28.0325	27.9083	27.5349	27.5885	27.0214	27.2569	26.9230	26.5023	26.8213	26.5933	26.3944	26.3275	26.0300	25.2636	25.6987	25.2971	23.3981	23.9684	20.9764	22.6279	22.8152	20.2682	22.9968	23.9650	24.9026	23.3045	23.0642	22.0301	22.0283	22.4086	21.4167	20.7333	19.8603	17.3638	17.4298	14.6834	14.3639	14.9223	14.2692	12.3269	10.8524	9.7981	9.0969	8.7046	7.4039	6.3058	4.6295	2.8258	0.6467	0.2500	1.0337	1.8967	3.0175	2.7229	2.5549	4.4126	4.5437	4.4492	4.9095	6.0696	6.4036	7.3200	8.0003	8.6369	8.4948	10.7103	11.2424	11.3628	11.4962	13.7658	13.1141	14.2635	14.5840	16.3355	15.5023	16.2203	16.3580	17.4474	16.6968	17.2086	18.1514	18.7778	17.8292	19.3958	20.4176	20.7008	20.0879	20.5047	21.9678	21.3166	21.8797	21.9790	22.7819	23.4222	22.2680	23.3374	24.4430	23.9608	23.7501	24.7584	24.8471	25.4413	25.2588	26.0602	26.4406	26.5243	26.7865	26.9367	27.1132	26.7345	27.3217	27.6066	27.3472	27.4721	27.5191	27.8370	27.6556	27.6571	28.2675	28.2640	27.9184	28.7953	28.2083	28.8259	28.4432	28.7953	28.3730	29.0074	28.9775	29.0900	29.0228	29.2876	29.2010	29.2747	29.1476	29.4948	29.5944	29.4684	29.3712	29.8840	29.6591	29.8027	29.9129	30.1951	29.8454	30.2294
31.3707	31.3513	31.3065	31.3359	31.2503	31.2997	31.3527	31.2635	31.3191	31.3153	31.2546	31.2684	31.2497	31.1851	31.1150	31.1800	31.2178	31.1241	31.0228	30.9962	30.9486	30.7327	30.8976	30.8303	30.9035	30.5075	30.7542	30.7141	30.5605	30.5652	30.7140	30.6972	30.4498	30.5770	30.6143	30.5049	30.4541	30.4979	30.4396	30.2160	30.2390	30.4385	30.1831	30.0788	30.2539	30.0426	30.1902	30.1795	30.1911	30.3241	30.2026	30.1335	30.1880	30.2237	30.3423	30.3136	30.5636	30.5657	30.5280	30.5815	30.5679	30.6952	30.6221	30.6088	30.6987	30.5884	30.6640	30.7023	30.7054	30.6758	30.6736	30.6780	30.7262	30.7849	30.7525	30.8106	30.6959	30.8105	31.0359	30.9564	28.6908	28.2347	27.8706	27.6336	27.7816	27.3232	27.2034	27.0114	26.4986	25.7446	26.0553	26.2410	25.2781	25.5035	25.7490	25.4408	26.0466	24.3846	22.8228	25.4447	25.2969	20.6239	23.4135	21.2600	24.0054	22.4636	21.6466	22.5918	23.8954	24.5392	22.0605	21.7327	20.0044	21.0845	21.8837	21.0721	20.2503	18.4695	16.9606	16.5448	14.6033	14.3260	14.8134	14.3936	13.3906	11.1177	9.9670	9.7579	9.9254	8.6223	6.3015	5.2494	3.2564	2.1197	0.6897	0.2500	0.8393	1.7650	2.9255	1.8182	1.9909	3.2827	4.3979	2.9838	3.1567	4.8421	6.1893	6.0259	6.1624	7.6614	7.8083	8.1425	8.7821	10.2958	10.2254	10.4642	10.9471	11.9004	12.6881	12.7552	12.7227	15.4838	15.1813	14.7731	15.1119	15.9683	15.2427	16.5332	16.5637	17.1966	17.1053	17.9884	18.8185	19.2007	18.6141	20.5019	21.4978	21.2035	22.1556	22.7090	23.4007	23.0740	23.1245	23.2464	24.0369	24.2576	24.3461	25.0778	25.1434	25.7138	25.5694	26.3201	25.5749	26.4980	26.4445	26.9148	26.8059	27.4703	27.2530	27.4529	26.9683	27.2809	27.2658	27.5599	28.1387	28.0655	27.8950	27.6700	28.1792	28.0512	28.4553	28.3385	28.3460	28.7664	29.0430	28.3719	29.0511	28.9154	29.0544	28.8633	29.1630	29.0711	28.8443	29.6440	29.1423	29.4462	29.5178	29.7569	29.9863	29.7492	29.8285
31.3906	31.2916	31.2794	31.2689	31.2350	31.2632	31.3925	31.2872	31.3323	31.3375	31.2696	31.2648	31.2515	31.1599	31.2357	31.1820	31.2183	31.1255	31.1466	31.1312	31.0779	30.8384	30.9570	31.0457	30.8794	30.8039	31.0068	31.0301	30.6398	30.7796	31.0112	30.8105	30.7015	30.8552	30.7945	30.8835	30.5494	30.7422	30.7911	30.3967	30.5691	30.5602	30.2575	30.3038	30.4004	30.1693	30.2243	30.2901	30.2131	30.2155	30.1440	30.2856	30.2726	30.1985	30.3323	30.2427	30.4667	30.5037	30.5764	30.4851	30.6099	30.7726	30.5543	30.6163	30.7537	30.7100	30.7981	30.8070	30.6815	30.5583	30.7983	30.7903	30.6704	30.7291	30.8327	30.7711	30.7282	30.9488	31.0401	31.0307	28.8742	28.2395	27.7593	27.5475	27.7819	27.3257	26.8357	26.6168	26.4219	26.1277	25.9010	25.8573	25.5619	25.7618	25.5548	25.2721	25.5186	24.7242	24.6998	24.1516	24.4176	23.6315	23.4365	21.4431	21.9400	22.5180	20.3609	21.8084	23.4635	23.5380	21.6711	21.8589	21.2031	20.7551	21.6101	19.7256	18.8855	17.9353	15.8215	14.8611	13.1387	12.2188	12.4793	12.5680	10.8924	9.5330	8.9430	9.0541	8.7458	8.1168	6.6969	5.4592	4.1096	2.6744	1.6021	0.4143	0.2500	0.5425	0.9682	1.7656	1.2303	1.7158	2.5519	2.6662	2.6421	2.8406	3.5766	4.3523	5.3757	4.9748	6.8492	7.0165	7.1569	6.8236	9.3740	8.7180	8.4097	9.4766	10.6400	10.5544	10.6367	11.0174	12.4650	11.5177	10.3829	12.3045	12.3615	12.9689	12.8276	14.2773	13.6829	14.7090	14.5696	15.9674	15.2872	16.1390	17.0838	17.5666	19.2493	17.5614	19.3520	19.3433	20.1806	20.3555	21.4261	21.5290	21.9980	21.3793	22.9658	22.3662	23.1864	23.4921	24.4004	23.7006	23.5514	24.6692	25.5223	24.8339	24.6434	25.3118	25.6201	25.0806	25.4560	25.4656	26.0852	25.7869	26.2585	26.6990	26.1939	25.7810	27.1234	27.2423	27.1387	26.8740	27.2071	26.9916	27.6542	26.9827	27.4273	27.6622	27.7304	27.5194	28.2481	27.5605	28.3830	28.1992	28.6769	28.6208	28.7938	28.7890	29.3584
31.3891	31.3807	31.2956	31.1780	31.2646	31.2267	31.3722	31.2837	31.3315	31.3063	31.3054	31.2224	31.2036	31.2678	31.2310	31.2134	31.1534	31.1217	31.1679	31.1388	31.1224	31.0349	30.8744	30.8537	30.8526	30.8225	30.9509	30.8608	30.7070	30.7534	30.7200	30.6575	30.5085	30.7526	30.6186	30.6608	30.4323	30.5298	30.5169	30.1854	30.2791	30.2067	30.0981	30.0143	30.2777	29.9567	30.1086	30.1011	30.1135	30.0430	29.8963	30.0368	29.9924	30.0665	30.2068	30.1555	30.4105	30.4491	30.4725	30.3130	30.4522	30.6397	30.4106	30.5426	30.6384	30.5059	30.4733	30.6316	30.4697	30.4551	30.5446	30.6620	30.4743	30.5604	30.5679	30.5880	30.6381	30.5281	30.8922	30.8413	27.7559	27.2737	26.9654	26.7918	26.9046	26.8325	26.5300	25.9991	25.5937	25.0069	25.3861	25.6204	25.0771	25.1265	25.8871	25.5490	25.7103	25.7013	24.7958	25.6267	25.8249	23.1854	23.6761	22.5122	25.3333	22.6833	21.6924	20.9729	21.7044	22.0047	22.1961	19.9968	19.5005	20.1031	19.6075	17.8598	17.3114	16.1356	14.0104	13.5331	11.6858	11.9913	11.4260	11.1687	10.1022	8.8546	8.5179	7.9111	8.1316	7.0453	5.9957	4.7979	3.3026	2.2208	1.9212	1.0575	0.3666	0.2500	0.5385	0.8828	1.2436	1.0633	1.3171	2.3516	2.3536	2.5555	2.6697	3.2797	3.7112	4.7718	4.8818	5.7392	5.7030	6.0642	6.3146	7.0319	7.6043	7.1147	7.7260	8.4129	8.8639	8.8256	10.3923	10.6394	10.0168	10.4987	11.2495	12.0130	11.0636	11.7982	12.2323	12.2744	12.2085	13.7517	14.1099	12.9670	14.6989	15.2247	16.3624	16.1229	17.2907	17.5625	17.9602	18.6424	19.3953	19.6383	19.8866	19.7985	20.8026	21.4808	21.0737	21.8170	22.2693	22.8528	22.6203	22.8316	23.6842	23.3136	23.2739	24.3484	24.3663	24.1758	23.9346	25.1274	24.9592	24.0730	24.9094	25.4864	25.8887	24.8059	25.4970	25.7748	26.2821	26.1258	26.1453	26.8005	26.1707	26.7398	27.1533	26.7661	27.1760	26.7351	27.7287	27.1110	27.5442	27.0215	28.4225	28.3200	28.3160	28.3199	28.1928
31.3727	31.4028	31.3161	31.3490	31.3199	31.3479	31.4198	31.2931	31.3466	31.3044	31.2532	31.2624	31.2025	31.2140	31.1577	31.1490	31.1543	31.1179	31.0850	31.0536	31.0647	30.7522	30.7694	30.8083	30.7318	30.6097	30.7535	30.7348	30.5271	30.6619	30.7684	30.7101	30.5383	30.5470	30.5545	30.6166	30.4784	30.5628	30.5559	30.2319	30.4744	30.4555	30.2961	30.3227	30.5518	30.3633	30.3379	30.5050	30.3696	30.4690	30.3732	30.3009	30.3643	30.3771	30.4316	30.4232	30.6368	30.6568	30.6532	30.6172	30.5740	30.7405	30.6005	30.5797	30.6894	30.6742	30.6316	30.7687	30.6835	30.6417	30.6566	30.7013	30.5819	30.5844	30.6583	30.7631	30.6346	30.7440	30.9995	30.8608	28.8684	28.5435	27.9605	27.8502	27.8796	27.5990	27.3848	26.9344	26.8472	26.4877	26.6596	26.6562	26.3985	26.2485	26.9170	26.8025	26.6762	26.1908	26.1264	26.4251	26.0150	23.4910	24.1748	22.6395	25.4819	22.8091	22.2498	21.7231	22.9482	23.4767	22.2183	20.1298	19.0423	20.0991	19.6620	18.8538	16.8348	17.7009	14.1855	14.7760	13.2904	12.5434	12.9865	12.1598	11.1531	9.6765	8.9339	8.5004	8.6341	7.4642	6.1488	5.3382	3.7124	2.4418	1.6263	1.4675	0.8868	0.3628	0.2500	0.4293	0.8281	1.2536	1.1478	1.5299	2.2653	2.3553	2.6540	2.6157	3.4538	4.0067	5.0625	4.7551	5.1051	5.6090	6.9622	5.9681	6.4863	8.3609	8.3547	7.8671	8.5783	9.9841	10.3309	9.7537	10.4513	11.7767	11.7513	11.2234	12.9700	13.2346	12.9793	12.8026	14.4771	14.3940	14.2060	15.4944	16.3269	16.9619	17.5459	17.5718	18.2007	17.6720	19.1017	19.9716	21.2566	20.0905	20.5068	21.2186	21.8607	21.3400	22.0805	22.1136	22.6612	22.8947	23.8029	23.5292	23.5973	24.2746	24.1921	23.9073	24.6745	24.6980	24.6420	24.2064	24.9603	25.3037	25.1063	25.0784	25.4931	25.7311	26.7949	25.9967	26.4191	26.5777	26.4929	26.6852	26.4678	27.2056	26.5040	26.1703	26.9089	27.7827	27.3931	27.5478	27.7081	27.7712	28.3729	27.9232	28.7433	28.1400	28.6551
31.3240	31.3369	31.2447	31.2758	31.2327	31.2900	31.3777	31.2132	31.3315	31.3111	31.2146	31.2521	31.2359	31.2168	31.1523	31.1733	31.1989	31.0759	31.0510	31.0389	31.0201	30.8804	30.9288	30.9611	30.9089	30.6877	30.7992	30.8624	30.5142	30.6604	30.7835	30.6876	30.5873	30.6690	30.5894	30.7265	30.4141	30.4921	30.5884	30.2815	30.2612	30.3274	30.0776	29.9933	30.1896	29.9212	30.0376	30.0307	30.0845	30.0131	30.0298	30.0868	30.0641	30.0671	30.0793	29.9631	30.3640	30.3987	30.4061	30.3810	30.5051	30.6252	30.4221	30.4331	30.6099	30.6058	30.6391	30.6942	30.5699	30.4659	30.6718	30.7027	30.5901	30.7089	30.6623	30.7426	30.7000	30.8250	30.9291	30.8379	28.4527	27.6922	27.3236	27.1943	27.0031	27.1307	26.3039	26.5386	25.7685	25.6794	25.5042	25.6594	25.2093	25.2293	25.5971	25.1398	25.0901	24.1875	23.9157	24.1359	24.7077	20.9276	22.9819	21.4741	25.2458	23.0541	22.0985	22.3023	22.7172	23.7970	21.4503	20.0639	19.4308	19.8740	20.2027	18.9014	17.9940	17.2860	15.9893	15.2299	14.5011	13.0730	13.0455	13.6001	12.0320	9.9423	8.8692	8.6565	9.2444	8.2241	6.3521	5.1678	3.8899	3.1155	2.0317	1.5029	0.9750	0.7697	0.3160	0.2500	0.4206	0.7572	1.1832	0.9198	1.3117	2.0521	2.2870	2.0718	2.5111	3.4896	3.7108	4.4143	4.4836	5.7130	5.6969	6.2448	6.3571	7.0309	8.0054	7.8767	8.2821	8.5746	9.7475	9.7400	9.1152	10.8284	10.9598	11.3148	11.1303	11.3672	12.2891	12.8856	11.9809	12.7474	13.4096	14.1609	14.8309	15.2088	16.0345	15.8229	17.0213	17.4718	17.5338	17.7610	19.6526	19.6533	19.2785	19.3145	20.7526	20.8082	21.5260	21.7058	22.0240	22.1096	21.8597	22.9000	23.0834	23.7187	23.1432	24.3172	24.7068	24.0006	24.2845	24.7696	24.2709	24.5048	25.3164	24.7932	24.8681	24.8882	26.0215	25.6856	25.9224	25.8032	26.4268	26.3262	26.5912	26.0456	27.2389	27.4676	27.1692	26.5308	27.1748	27.0116	27.6544	27.5398	28.3252	28.0303	27.8423	27.9789	28.5608
31.4249	31.2839	31.3051	31.3330	31.3150	31.3078	31.4180	31.2631	31.3506	31.3840	31.3374	31.2496	31.2727	31.2450	31.2283	31.2314	31.2550	31.0511	31.0505	31.1573	31.0387	30.8338	31.0284	30.9680	30.8630	30.8084	30.8947	30.8970	30.5916	30.8354	30.9415	30.7090	30.5530	30.7745	30.7471	30.8274	30.6221	30.6761	30.6250	30.3489	30.4895	30.4058	30.3380	30.2680	30.4309	30.2681	30.2455	30.3483	30.2761	30.3526	30.2790	30.3851	30.3174	30.3819	30.4540	30.4760	30.6154	30.6820	30.5825	30.6241	30.6923	30.7306	30.6155	30.7152	30.7737	30.7044	30.7744	30.8767	30.7508	30.6429	30.9264	30.8181	30.6199	30.7573	30.9512	30.8120	30.8371	30.9332	31.1062	31.0291	28.5919	28.0676	27.3509	27.1657	27.4526	27.1293	26.5254	26.5245	26.1601	25.1046	25.4891	25.2836	24.9612	24.8369	25.1464	25.4201	25.6984	25.2982	23.9801	24.3316	24.1073	21.9503	23.1298	21.7623	21.7461	21.1335	19.0386	19.3775	20.5841	22.9721	20.5167	20.2332	18.8209	19.4553	19.7751	18.7942	17.6455	16.9659	14.9058	14.2038	12.7970	12.9515	12.4359	12.1743	10.9361	10.0485	9.7307	10.0001	9.7769	8.7117	7.1603	5.3724	4.1395	2.9487	2.6854	1.4497	1.3194	0.9607	0.7743	0.3434	0.2500	0.3966	0.8133	1.1317	0.8936	1.4051	1.9539	1.7363	2.3090	2.5236	3.0997	3.7567	4.4981	4.6564	5.4300	5.5733	6.2805	6.6575	7.2174	7.7187	7.9812	7.3006	9.1255	9.0983	8.6762	10.5677	11.0404	10.6381	10.5979	11.8033	11.6644	11.7149	11.4194	13.3297	12.5122	12.8582	15.1850	15.4908	15.5477	15.1953	16.8187	17.4773	17.7789	17.3062	19.7969	19.7440	19.0352	19.9553	21.0681	21.7059	20.9308	21.7576	22.0024	22.4206	21.4614	23.0477	23.0431	23.3756	23.8465	24.7945	25.2324	24.1435	24.6948	25.7468	25.3154	24.9322	25.2212	26.2830	26.1203	25.7697	26.5819	26.8253	26.7623	26.1900	26.9838	26.9285	27.2661	26.2890	27.0281	27.3962	27.3865	27.0041	27.5358	27.7025	27.6774	27.7097	28.2330	28.5561	28.9564	28.5333	28.6791
31.4078	31.3549	31.2469	31.3441	31.2969	31.3113	31.4450	31.3034	31.3637	31.3749	31.2861	31.2700	31.2404	31.1752	31.1636	31.1027	31.1997	31.0642	31.0240	31.0699	31.0536	30.7127	30.8420	30.7937	30.9044	30.6826	30.6617	30.6899	30.7092	30.6931	30.5456	30.5936	30.6359	30.6082	30.5394	30.7473	30.4690	30.5784	30.6997	30.2966	30.5240	30.4189	30.3433	30.2227	30.4801	30.3950	30.3408	30.3342	30.2798	30.3944	30.3561	30.3514	30.3501	30.3598	30.3909	30.4023	30.4773	30.5790	30.5030	30.4935	30.6218	30.7672	30.4905	30.4468	30.5289	30.5583	30.5576	30.6297	30.3994	30.3597	30.6543	30.5967	30.3984	30.5034	30.5785	30.7058	30.6107	30.7967	30.9933	30.9037	28.2649	27.8649	27.3118	27.1126	26.9909	26.8789	26.5574	26.3814	25.8409	25.3984	25.7310	25.9396	25.5900	25.4069	26.2735	25.8131	25.9506	26.1714	25.5408	25.6161	25.6239	23.4974	23.7705	23.2141	23.6539	23.6801	20.2913	21.3500	23.3235	22.8929	23.2437	19.6296	19.6047	20.5218	19.9524	18.1365	17.0274	16.5750	14.3251	15.8110	12.3668	13.7685	13.2096	13.3355	12.6682	10.3374	9.1340	9.9082	9.7021	8.4849	7.3217	5.6904	4.8222	3.1759	2.8103	2.3179	1.3839	1.0956	1.2592	0.7505	0.3263	0.2500	0.3704	0.7230	1.0206	1.0030	1.2743	1.6924	1.9585	2.2432	2.6239	3.1279	3.5657	4.3834	4.5802	4.5013	5.0628	6.1661	5.9044	6.0170	7.5167	8.1469	7.6730	8.4306	9.6346	9.0225	9.8870	10.4419	10.9149	11.1153	11.4659	11.8589	11.4504	12.8552	12.9083	13.8451	13.1337	14.7970	15.4128	14.9447	15.7759	16.1322	16.6477	16.7735	18.0647	19.1385	18.6926	19.1803	20.3507	20.5811	20.7036	20.1505	21.9912	21.8596	21.4687	21.6090	22.8930	22.7683	23.1755	23.6941	23.5218	23.7813	24.3381	24.2557	24.8672	24.9650	24.6883	25.3250	25.1132	25.1969	25.8216	25.9871	25.5079	25.7657	25.8472	26.5573	26.7374	25.7726	26.2101	26.7222	25.5438	26.2089	26.7501	25.8179	27.3276	26.3354	27.4847	27.2303	27.8157	27.7594	28.2892
31.3558	31.4156	31.3219	31.3538	31.3058	31.3535	31.4149	31.3361	31.3850	31.3701	31.2589	31.2978	31.2306	31.2291	31.2221	31.0855	31.2584	31.0594	31.1010	31.1156	31.0526	30.8796	30.8997	30.9120	30.9112	30.7226	30.7253	30.6432	30.6361	30.5710	30.6797	30.6919	30.5650	30.7372	30.5753	30.6239	30.5143	30.6197	30.5380	30.2396	30.4679	30.5340	30.1950	30.2805	30.5091	30.3222	30.3081	30.3600	30.3262	30.3929	30.3433	30.3313	30.3188	30.2993	30.3493	30.3575	30.5743	30.6349	30.5794	30.5621	30.6691	30.7862	30.6722	30.5260	30.7846	30.7306	30.6489	30.7513	30.8076	30.5845	30.6978	30.8000	30.7122	30.6778	30.7534	30.8742	30.7763	30.8566	30.9986	30.9649	28.7513	28.3517	28.1088	28.0371	27.9151	27.6791	27.4345	27.4587	26.9234	26.7820	26.9462	26.9630	26.5999	26.6408	27.0191	27.3753	26.4343	25.9530	26.9169	26.9296	25.4339	25.0722	25.1475	23.8064	24.8575	23.9281	22.4454	22.1828	24.2923	25.3339	23.1183	21.1560	19.8349	21.6171	21.0004	18.8677	17.8670	17.5024	14.4253	15.0010	14.0390	13.4921	13.0349	13.9757	12.6715	11.0008	9.2374	9.2640	9.5157	8.2131	7.2064	5.5210	4.6473	3.4932	2.9057	2.4499	2.2050	1.3702	1.1244	0.9741	0.7740	0.3089	0.2500	0.4896	0.8465	1.4246	1.1347	1.3760	2.1395	2.4075	2.4668	2.7225	3.1252	3.6805	4.7119	4.4956	4.7859	5.0546	5.8987	5.9990	6.3017	7.2227	8.0326	7.8207	8.3150	9.4631	9.6858	9.4246	10.7997	10.8493	10.3764	10.5202	11.6535	11.6102	12.3652	12.1401	13.8936	14.0281	14.7071	14.6670	15.3185	15.9913	16.4934	16.8862	18.6051	18.1022	18.4238	18.6794	19.1829	20.0066	20.2081	20.6197	20.9740	21.5814	21.3106	22.4201	22.3694	21.6373	22.5296	22.9955	22.8622	23.2726	23.5461	23.6844	23.5366	23.9119	23.9773	23.8878	24.5719	24.6989	25.7468	24.6471	24.5793	24.5762	25.7557	25.2045	25.5595	25.0089	25.3635	25.6729	25.5294	26.0008	26.0928	26.1496	26.7834	25.6020	27.4157	26.9904	28.0913	27.2251	27.4224
31.3034	31.2653	31.2469	31.3134	31.1963	31.2733	31.3585	31.2860	31.3189	31.3351	31.2846	31.2886	31.2671	31.2425	31.1444	31.2016	31.1635	31.1235	31.0905	31.1648	31.0461	30.8551	30.9601	31.0026	30.8800	30.7575	30.8331	30.8469	30.5330	30.6937	30.6439	30.8120	30.5378	30.5787	30.6178	30.7087	30.2334	30.3777	30.4755	30.0468	30.1779	30.2679	29.9185	29.7979	30.0234	29.8365	29.7987	29.8483	29.8993	29.9233	29.7219	29.9329	29.9079	29.8060	29.9495	29.8724	30.2060	30.1786	30.2636	30.1813	30.3422	30.4666	30.3121	30.3844	30.5814	30.4881	30.5223	30.6093	30.5271	30.4653	30.6131	30.5685	30.4535	30.5682	30.7136	30.6504	30.6662	30.6877	30.9142	30.9328	28.2287	27.5889	27.1164	26.8354	26.8690	26.7257	25.9304	25.8900	25.7216	25.0344	24.9733	24.9336	24.4618	24.3254	24.1831	24.3807	24.6827	23.2158	22.7795	23.7303	23.6730	21.0819	23.6987	22.0897	22.3835	22.8422	20.0313	21.0734	22.3684	24.0855	20.8333	21.3993	20.1584	20.0807	20.2557	19.2523	18.5412	17.5663	15.9632	15.4443	13.3440	13.1977	13.1229	13.2176	11.7335	10.4693	9.1166	10.0726	9.8763	8.6583	7.9416	5.9188	5.1471	4.1372	2.5694	2.5691	2.3560	2.0568	1.2365	0.9718	0.9804	0.7399	0.3335	0.2500	0.4412	0.7979	1.3730	1.0835	1.3355	2.2080	2.2760	2.5297	2.5630	3.2482	3.6369	4.1840	4.4747	5.2407	5.5241	5.9825	6.4064	6.9417	7.9310	7.8570	7.8617	8.3120	9.1835	9.0990	8.4643	10.0689	10.1747	11.0769	9.5586	10.8741	11.4704	11.3944	12.0221	12.6163	12.5880	14.1988	14.1932	14.8159	14.8758	15.0664	17.2045	16.6257	16.4626	17.2943	18.0066	18.6091	18.4825	19.0177	20.1885	20.3258	19.7656	20.5041	21.1124	20.8991	21.3736	22.4789	21.6516	21.8804	22.4378	23.1667	23.6872	22.3236	22.9147	23.5960	23.9269	23.3429	24.8447	23.9917	24.0641	24.6408	25.1038	24.6704	25.6356	24.9865	25.7848	26.0214	25.3036	26.1258	25.7539	26.2972	26.9906	26.7768	27.2336	27.4512	27.1502	27.4036	27.5411
31.4525	31.3616	31.3448	31.3846	31.3374	31.3312	31.4464	31.3723	31.4111	31.4144	31.3396	31.2678	31.3271	31.2622	31.2885	31.2662	31.2915	31.0790	31.1971	31.1271	31.1203	30.8632	30.8893	30.9430	30.9139	30.7679	30.9819	30.8200	30.7142	30.7633	30.8063	30.5973	30.5137	30.7086	30.6305	30.7245	30.5743	30.6594	30.4396	30.2202	30.3795	30.4056	30.1828	30.1342	30.2981	30.1011	30.1524	30.2075	30.2121	30.2650	30.2438	30.2172	30.2302	30.1826	30.2542	30.3125	30.5304	30.6711	30.4173	30.5412	30.7132	30.8070	30.6352	30.5960	30.7302	30.6329	30.7091	30.7744	30.6630	30.5567	30.7926	30.6477	30.6469	30.7705	30.7593	30.7711	30.8628	30.8551	31.0080	31.0730	28.4065	27.8359	27.2160	27.1900	27.0058	27.0630	26.4476	26.0743	26.0212	25.3319	25.4388	25.5011	25.1809	25.2204	25.0007	24.9308	25.6403	23.9947	23.7058	23.9622	24.2106	21.0070	22.2051	20.2072	21.4397	21.1351	19.8120	21.8905	21.9931	23.3581	20.0826	20.7546	20.2996	20.1016	19.4234	18.6249	17.7206	18.0520	15.9297	14.9259	13.3797	13.8257	14.5001	14.0159	12.9483	11.2976	9.9861	10.7820	10.4779	9.3626	8.3431	6.5384	5.3744	4.1766	3.5425	2.6066	2.1867	2.0594	2.0247	1.0891	1.1070	1.2520	0.6904	0.3120	0.2500	0.3373	0.7200	1.0447	1.0130	1.4123	2.2144	2.0821	2.4907	2.6906	3.2372	3.4594	4.7957	4.8990	5.8628	6.1665	6.5640	6.7118	7.2961	8.3556	7.8273	8.3756	9.0196	9.8775	9.0787	10.5215	10.7754	10.0304	10.8015	11.7318	12.0559	11.5426	12.0034	14.2180	13.2638	13.5180	15.0381	15.1481	14.8938	15.1807	16.9336	17.3120	16.6693	17.9914	18.5657	19.1013	18.9391	18.2739	20.2094	20.4148	19.7413	21.7910	22.2213	20.9686	20.7962	23.2920	23.5655	21.2425	22.7827	23.3288	23.3395	22.7195	23.7555	24.4203	23.9907	24.1219	25.1180	25.2881	24.8517	24.9170	25.4562	26.0216	25.6455	24.8807	26.8478	25.7925	25.8418	26.1969	26.7074	25.1886	27.4372	26.5027	27.4278	27.2942	27.8828	27.4705	28.1719
31.3743	31.3976	31.2793	31.3313	31.3014	31.2861	31.4473	31.3133	31.3630	31.3678	31.3073	31.2506	31.2420	31.2313	31.1683	31.1755	31.1554	31.0142	31.0283	31.0813	31.0711	30.8339	30.8061	30.8064	30.8031	30.5852	30.6612	30.7247	30.6194	30.6290	30.6127	30.7250	30.6309	30.5202	30.5948	30.6944	30.5432	30.4378	30.4405	30.2039	30.4362	30.2186	30.1672	30.2427	30.2032	30.1249	30.2092	30.2843	30.2863	30.3147	30.2455	30.2052	30.2139	30.2053	30.2592	30.3250	30.4654	30.5856	30.5048	30.4250	30.5912	30.7554	30.5553	30.5266	30.6427	30.5824	30.6763	30.7274	30.4929	30.5068	30.7178	30.3762	30.5048	30.5718	30.6532	30.6213	30.7276	30.6716	30.8578	30.9037	28.6494	28.1205	27.6263	27.2588	27.5241	27.3188	26.8384	26.5117	26.5900	26.0875	25.8137	25.9770	25.6727	25.8163	26.2289	25.7629	26.1542	24.8955	24.8954	24.7627	25.4225	22.9772	25.2516	22.3825	23.6791	23.7401	22.0601	22.2318	23.8552	24.0566	23.1700	20.3321	20.0254	21.7239	21.2376	19.0538	18.0554	17.9849	15.6882	16.2082	14.5867	14.4005	14.1701	14.1272	13.0367	11.9900	10.2419	10.9766	11.4294	9.4505	8.0851	6.9030	5.6702	4.2598	3.5811	3.2343	2.2888	2.4193	2.4884	1.8279	1.3180	1.1102	0.9926	0.7980	0.3345	0.2500	0.4606	0.8265	1.2625	1.1832	1.6967	2.1697	1.9966	2.4821	2.7378	3.1186	3.6405	4.5817	4.7426	4.7829	5.2647	6.1404	6.2904	6.6678	7.8709	8.2007	8.0163	8.5708	9.6176	9.7245	9.8271	10.2253	10.9718	11.2358	11.2974	11.2890	12.2630	12.9116	13.1749	12.6984	13.9364	14.4035	15.3368	15.4485	16.9602	16.9842	17.2359	17.7128	18.8330	19.3595	19.2587	18.5237	19.5193	20.1441	20.2627	19.9903	21.2454	21.6001	21.4500	22.2300	23.0593	23.1518	22.2661	23.0523	23.0959	23.9479	23.6906	23.2952	23.9342	23.3046	24.8496	24.3096	24.3711	25.2176	24.6625	25.0895	25.4266	25.3059	25.4738	25.1784	25.6801	25.5665	25.1144	26.0651	25.9427	25.6108	27.2196	27.0488	27.7833	27.5819	27.7992
31.3247	31.3532	31.2823	31.2990	31.2401	31.2765	31.4189	31.2545	31.3145	31.3089	31.2573	31.2055	31.2361	31.1146	31.0546	31.0931	31.1312	30.9423	30.9331	30.9710	30.8805	30.7080	30.7519	30.7021	30.7011	30.5983	30.6075	30.4879	30.5973	30.3872	30.5352	30.6587	30.2572	30.3582	30.3934	30.4579	30.1688	30.3819	30.1051	29.7879	30.1610	30.1874	29.8564	29.9190	30.2063	29.9223	30.0391	30.0932	30.0388	30.0895	30.0829	29.9929	29.9065	29.9502	30.0984	29.9483	30.2643	30.2762	30.1923	30.2205	30.4567	30.5959	30.3072	30.4529	30.6038	30.5728	30.4397	30.5243	30.6795	30.4526	30.4773	30.5771	30.5546	30.4249	30.5737	30.7195	30.7420	30.6758	30.8346	30.8581	28.5452	27.9714	27.7335	27.5120	27.6411	27.5962	27.0223	27.0874	26.4739	26.1343	26.3876	26.5353	26.1553	26.3454	26.7534	27.2377	26.4469	25.8435	26.7434	25.9226	26.4126	25.4201	25.7210	24.7957	24.0511	24.0983	22.7962	22.9398	25.0616	26.3530	23.5223	22.0270	20.4241	21.6326	22.0146	19.2219	18.0615	17.5762	15.9132	16.4338	14.6001	14.3627	13.9606	14.5337	14.0887	12.2642	10.4417	10.3850	10.4417	9.6824	8.6676	7.3009	5.9279	5.5276	4.1391	3.6244	2.9037	2.7590	2.5336	2.1695	1.9015	1.3170	1.0399	1.1098	0.7095	0.3074	0.2500	0.4179	0.8333	1.3153	1.0050	1.3737	1.7533	1.9926	2.2794	2.2580	2.9757	3.3069	3.9105	4.1165	4.8832	5.3246	5.8313	5.8833	6.3734	7.4067	7.5638	7.6494	8.2348	9.4318	9.2714	9.1839	9.9527	10.4220	10.5159	10.6228	11.5352	11.8170	12.3904	12.8436	13.0294	13.9946	14.1409	14.5051	15.9262	15.4897	16.5136	16.6603	17.0181	17.1522	17.2805	17.7273	18.4359	18.6258	18.7680	19.3877	20.2541	20.0184	19.8578	21.7124	20.3196	20.4835	21.1583	21.5350	21.7014	21.7251	22.3052	22.9814	22.0469	22.5058	23.6616	23.5698	23.5442	23.7877	24.1903	23.9924	24.0550	23.8768	24.8088	25.1738	24.4174	24.6281	24.4356	24.3309	25.3390	25.6370	26.5623	26.4636	26.5864	26.9037	27.0772
31.3759	31.2965	31.2847	31.2745	31.2407	31.2493	31.3401	31.2421	31.3475	31.3233	31.2737	31.2461	31.2134	31.1686	31.1774	31.1095	31.1150	30.9949	31.0622	31.0396	30.9848	30.8160	30.9200	30.8228	30.8905	30.5884	30.7053	30.7551	30.5874	30.5362	30.6141	30.4733	30.3294	30.4717	30.4526	30.5846	30.3494	30.3670	30.1852	29.8564	30.1530	30.0956	29.7899	29.6824	29.9186	29.5377	29.4932	29.7321	29.6393	29.7326	29.8403	29.7908	29.7645	29.6653	29.8382	29.8824	30.1890	30.0336	30.0979	30.1224	30.3203	30.3994	30.3609	30.2751	30.5306	30.5384	30.4845	30.6220	30.5591	30.2958	30.5990	30.5574	30.5325	30.5924	30.6224	30.5541	30.7232	30.6767	30.7415	30.8334	28.3044	27.9176	27.0222	26.8754	26.8345	26.8898	26.3532	25.9932	25.7771	25.1793	25.3128	25.3262	25.1454	25.2455	25.7397	25.3801	25.8894	24.0734	24.3677	24.9948	25.7072	23.7840	24.7087	23.1870	22.9156	22.8482	21.0018	22.1926	23.1040	26.1875	21.8164	21.6294	20.3130	21.2059	21.9549	20.6364	18.6758	18.7860	16.9086	15.2173	14.0976	13.3840	13.9051	13.9431	12.8179	11.5493	10.7124	11.6099	11.4766	10.4403	9.8130	8.0536	6.2949	5.9387	4.4465	3.5705	3.3452	3.2171	2.3217	2.1925	2.1536	1.9602	1.1795	1.0382	1.2177	0.6755	0.3198	0.2500	0.4224	0.8613	1.3176	1.0145	1.4674	2.0175	2.1622	2.2494	2.4298	3.4392	3.5012	4.0188	4.7843	5.7019	6.0169	6.2278	6.7691	5.9687	7.4893	8.1286	6.9185	8.3693	9.2205	9.7849	8.6624	10.1558	11.0669	11.5037	11.6365	11.7391	12.0684	12.9718	12.0697	13.1696	13.5601	14.0746	15.5691	15.3093	15.2624	16.2007	17.0915	18.0929	17.8078	18.0417	18.8260	19.1569	17.9943	19.6919	20.2717	19.8691	20.1186	21.3849	22.3153	21.3308	21.6240	22.3815	22.3146	21.9133	23.3057	23.3233	22.9030	23.1835	24.4163	23.8675	24.4360	23.8901	24.6017	24.1971	25.3304	24.7775	25.4205	26.0207	25.6610	25.9213	25.8649	25.8831	26.2031	26.4455	26.4961	27.3429	27.5751	27.0640	27.7025
31.3100	31.2424	31.2659	31.2573	31.2141	31.1554	31.3717	31.1180	31.2402	31.2611	31.1874	31.1220	31.1904	31.1341	31.0965	31.1297	31.1684	30.9584	30.9372	30.8899	30.8873	30.7023	30.7057	30.5966	30.7232	30.4898	30.5902	30.6516	30.7189	30.4931	30.5729	30.6649	30.6211	30.6027	30.4919	30.6273	30.5541	30.4427	30.5795	30.2902	30.3793	30.2118	30.1786	30.0157	30.2856	30.0668	30.1724	30.1314	30.1559	30.2010	30.0274	30.1211	29.8962	29.9931	30.0414	30.0989	30.2139	30.4282	30.3308	30.3230	30.4831	30.4598	30.4487	30.3892	30.4933	30.4141	30.4473	30.6063	30.2475	30.2759	30.6396	30.4460	30.2879	30.6939	30.4897	30.4845	30.4999	30.6781	30.8533	30.7792	28.3517	27.8741	26.8562	26.9032	27.0950	27.0351	26.5479	25.8904	25.9174	25.5032	25.1629	25.0481	25.2929	25.3029	24.9011	25.3400	25.7092	23.7393	24.1706	24.1261	24.4611	22.9096	24.1190	21.8448	23.7775	23.4137	22.1252	22.0347	23.0692	24.6415	21.5137	22.0635	20.8984	21.8777	23.2069	20.5841	19.8295	19.5045	17.5155	17.0959	15.0710	15.0434	15.6623	16.2775	13.8088	12.8811	12.0943	12.5780	12.7790	11.3381	10.0071	9.1147	7.0533	5.5768	5.3344	4.3728	3.7845	3.5605	2.9835	2.2777	2.4452	2.4666	1.8113	1.2145	0.9207	1.1152	0.7191	0.3264	0.2500	0.3669	0.7744	1.1477	1.0738	1.2528	2.0845	1.9009	2.0569	2.2420	3.2138	3.4094	4.2907	4.7213	5.5968	5.5797	6.3504	7.2014	7.2845	7.6923	8.9699	9.3516	8.9613	9.6129	9.1319	11.4509	11.0222	10.3684	11.7531	12.3104	12.0151	11.4936	13.2635	13.3769	13.2423	13.4660	15.0935	15.8635	14.7533	15.5151	16.3416	17.0698	16.2214	17.6532	18.0844	18.3815	18.9117	18.9180	20.2106	19.4525	19.7200	21.1397	21.0594	20.8794	21.6250	22.3918	22.1956	22.1853	22.6223	23.4552	23.4196	23.9062	24.3941	24.5683	24.4626	23.7087	25.3635	24.9922	25.8091	25.3238	25.1195	25.4607	25.1141	25.1527	26.1311	25.8381	26.5616	25.8884	27.1710	26.6922	26.6126	27.6466	27.8087
31.3653	31.3495	31.2555	31.3143	31.2195	31.2721	31.3988	31.2337	31.2884	31.2753	31.1633	31.0789	31.1272	31.0835	31.0474	31.0745	31.0936	30.9385	30.9886	30.9298	30.9170	30.8678	30.6567	30.6304	30.6963	30.7360	30.6333	30.7009	30.6423	30.5594	30.5909	30.5569	30.5559	30.5043	30.4346	30.4932	30.3251	30.4161	30.2522	30.2399	30.3589	30.1576	30.0253	29.9438	30.2084	29.9441	30.1342	30.2650	29.9827	30.1084	30.1103	30.0930	29.9057	29.8913	30.0625	29.9726	30.3128	30.2732	30.2062	30.2519	30.2957	30.3698	30.2335	30.3538	30.5348	30.4181	30.4183	30.6435	30.5853	30.2947	30.5178	30.6099	30.3874	30.4253	30.5674	30.7951	30.5616	30.7118	30.7934	30.5490	28.6883	27.7989	27.7188	27.5352	27.5818	27.2457	26.8965	26.8018	26.7335	26.2694	26.1596	26.5979	26.6294	26.4217	26.7515	26.7003	26.6780	24.9029	25.7225	25.8527	25.9039	24.9520	25.1410	24.3901	24.3728	24.8143	23.7954	23.3235	25.5522	25.3492	24.0478	21.9843	21.2050	23.0432	23.1873	21.0922	19.6486	19.4726	16.4004	17.1439	14.9759	14.4615	14.8003	15.6547	14.8484	13.4248	11.7484	11.2355	11.6523	11.5053	9.6882	9.1095	7.5912	6.0879	6.1033	5.3664	4.2640	3.9169	3.7381	2.9664	2.2097	2.5456	2.2078	2.0031	1.3456	1.1435	0.9277	0.7486	0.3316	0.2500	0.4279	0.8612	1.1024	1.0983	1.4400	1.8523	1.9407	2.2267	2.5979	3.1321	3.4896	4.8364	5.0888	5.1864	5.5524	6.4344	6.2860	6.6348	8.2181	8.7382	8.4573	9.2492	9.9680	10.0491	10.0639	10.5116	11.7454	12.0505	12.5819	12.2689	12.8526	13.3632	14.1301	14.0763	15.6780	16.6210	16.2726	16.0617	16.9412	17.7069	17.3960	17.6332	18.8619	19.4764	19.0085	19.4300	19.8524	19.5654	20.1293	20.7138	21.3241	21.0777	21.8834	21.5768	21.9383	22.2041	21.5052	22.4062	22.6557	23.0732	23.6543	23.3752	23.5355	23.1451	23.7060	23.7040	24.7916	23.9740	24.5356	24.4926	24.9411	24.6300	25.0806	24.6782	26.0838	25.4990	26.5850	25.5996	26.8407	26.1942	26.9430
31.2889	31.2994	31.2627	31.2814	31.2547	31.2647	31.4292	31.3044	31.3548	31.2516	31.2810	31.2156	31.1836	31.2305	31.1324	31.0970	31.1266	31.0315	31.0995	31.1139	30.9889	30.9324	30.8262	30.7651	30.8414	30.6562	30.8133	30.7197	30.5112	30.4807	30.5823	30.5977	30.2915	30.3550	30.4004	30.4516	30.2285	30.3978	30.2014	29.8739	30.0500	30.0286	29.8473	29.7463	29.8418	29.6010	29.6147	29.8102	29.7216	29.6014	29.5019	29.6058	29.6029	29.4659	29.6587	29.6814	29.9423	30.0040	29.9621	29.9914	30.2246	30.3230	30.1257	30.1670	30.6071	30.3495	30.4055	30.5081	30.4244	30.4613	30.6216	30.5350	30.5128	30.6823	30.6171	30.6719	30.6554	30.6277	30.7610	30.5906	27.9804	27.7577	27.1734	26.8933	27.1693	26.9220	26.3997	26.3658	25.5073	25.6535	25.6382	26.0471	26.0388	25.5020	26.7034	26.6133	26.2680	25.5418	25.8243	25.9368	26.9743	26.1970	25.3257	24.5663	23.8162	23.9434	21.7343	23.7983	24.6100	26.3865	22.8427	21.8743	20.9105	21.8037	22.3143	20.8889	19.3976	18.4190	16.9182	16.3968	14.6267	14.3263	15.1158	16.0171	14.0654	13.5323	12.4956	12.5708	12.4982	12.4626	11.2010	9.2699	7.9628	7.2622	6.4542	5.9484	5.0924	4.6484	3.7238	3.2815	2.9098	2.4093	2.4011	2.2331	2.0291	1.3639	1.1210	1.2188	0.7525	0.3182	0.2500	0.4202	0.8033	1.1889	0.9984	1.2386	1.7826	1.8876	2.0825	2.2572	3.1056	3.7897	4.5971	4.7151	5.3555	6.0585	6.3133	6.3452	7.2923	8.2421	7.8886	8.2381	9.0657	9.7086	9.7775	9.5012	9.8693	10.8111	11.1797	11.1410	11.9230	12.5157	12.6954	13.2124	14.5070	14.2669	14.9277	15.5899	16.1473	15.9539	16.3032	17.3062	17.0424	18.1902	17.1470	18.0099	18.7075	18.4755	18.2052	19.8479	19.3570	19.4459	20.5078	20.3295	20.8972	19.6124	21.4039	21.8003	21.3543	21.3861	22.4425	21.9331	22.5878	22.5481	23.0843	22.9216	23.0894	23.1051	23.5762	23.8343	23.7202	22.9074	24.8744	23.8974	24.9208	25.1913	26.4402	25.9363	25.7326	26.6126	27.3522
31.3098	31.2206	31.2049	31.2387	31.1603	31.1703	31.3777	31.1904	31.3302	31.2309	31.2497	31.2173	31.1841	31.1482	31.0914	31.1545	31.0779	31.0306	30.9561	31.0519	30.8436	30.6839	30.6953	30.7382	30.7729	30.6612	30.6650	30.5810	30.3891	30.4140	30.3838	30.3631	30.3522	30.3936	30.4034	30.2419	30.1967	29.9923	30.2242	29.8842	29.9810	29.9793	29.6873	29.6557	29.7604	29.5740	29.6943	29.7066	29.5474	29.5739	29.7249	29.7421	29.7638	29.6801	29.8374	29.6820	29.9081	30.1627	29.9875	30.0133	30.0101	30.4332	30.3078	30.2232	30.4253	30.3799	30.4379	30.4449	30.0860	30.3890	30.5382	30.4430	30.4892	30.6996	30.5208	30.4777	30.6566	30.5266	30.7443	30.7476	28.0265	27.4878	26.9895	26.7551	26.9423	26.7829	26.2528	26.0900	25.9193	25.4900	25.6788	25.4222	25.6417	25.4907	26.5271	26.2071	26.4623	24.6633	26.0824	25.4952	26.0962	24.7903	24.5639	24.3438	23.6880	23.0073	21.7655	21.8950	24.4514	26.7489	21.7970	22.0991	20.1589	21.4826	22.8107	21.3092	18.2596	19.0835	17.5260	16.1277	14.5786	14.4333	15.3180	16.3920	14.0590	13.2762	12.9064	13.6617	12.6539	12.5866	11.7046	9.2761	9.5431	7.3111	6.0508	5.6500	5.5243	4.5834	4.0782	3.4361	3.3682	2.9402	2.4031	2.3014	2.3332	1.9157	1.1486	1.0526	1.2066	0.6713	0.3169	0.2500	0.3732	0.6625	1.0002	0.8460	1.0905	1.7803	1.8984	2.0165	2.5081	3.6040	3.8251	4.2052	4.8828	5.4397	5.8221	6.4103	6.2754	6.8644	7.4648	8.4227	6.6698	8.6315	9.6169	8.3693	9.4214	10.3939	10.1643	9.9623	11.1992	11.1075	12.0246	11.6253	13.2543	13.2286	13.9343	14.0245	14.8541	15.0733	15.5601	15.8660	16.9727	17.6878	16.6682	18.0108	18.3519	17.6399	18.2391	20.0292	20.0082	19.7825	20.3078	20.4706	20.8087	20.2203	20.7103	20.9830	21.1128	21.6911	22.2761	23.1195	22.6822	22.7187	22.8130	23.5175	23.6357	23.6676	24.4032	24.8441	24.4443	24.3382	25.7824	25.3647	26.3877	25.5469	25.7159	26.9124	26.5031	26.1885	26.9105
31.4710	31.3976	31.3646	31.4108	31.3725	31.4203	31.5334	31.3445	31.3913	31.4008	31.3807	31.2800	31.2888	31.2361	31.2403	31.3121	31.2660	31.1278	31.1357	31.0848	31.1552	31.0354	30.8841	30.9955	30.9459	30.9865	30.9683	30.9145	30.7714	30.8178	30.7771	30.8370	30.4839	30.8046	30.5478	30.7130	30.4987	30.6460	30.5534	30.3410	30.5196	30.3083	30.2522	30.1930	30.4088	30.3077	30.2887	30.4397	30.3275	30.2796	30.3915	30.2844	30.2571	30.2719	30.2822	30.3952	30.5524	30.4628	30.5303	30.4630	30.5825	30.7177	30.6132	30.6769	30.7545	30.7361	30.6700	30.7656	30.6483	30.6192	30.7987	30.6421	30.6596	30.8190	30.7107	30.8118	30.9631	30.7892	30.9275	31.0202	28.8726	28.1217	27.9292	27.5864	27.6194	27.2934	26.9758	26.6848	25.4768	26.2155	26.1838	25.9790	26.0366	26.0935	25.8356	25.9203	25.6543	24.3895	25.9693	25.4339	24.7762	24.8464	24.6753	24.1410	24.2922	22.6696	22.9567	22.2962	25.2130	24.7843	23.0758	21.7263	21.3828	23.1100	22.6847	20.9319	20.2753	20.3323	17.9209	18.5311	15.5075	16.0715	16.6133	18.7061	16.1958	14.9650	12.3525	12.5737	13.0561	12.5379	10.6839	9.5229	8.2305	6.8900	6.8851	6.0350	5.2201	5.8654	4.9183	4.2040	3.8164	3.5116	2.9023	2.3293	2.5833	2.1548	1.7848	1.3275	1.1200	1.1147	0.6520	0.3213	0.2500	0.2977	0.6275	0.9015	0.8486	1.2931	1.9853	1.7863	2.4462	2.9934	3.4741	3.7271	4.8514	5.0606	5.4781	5.8976	6.4721	7.2251	7.8662	8.3008	9.5169	9.4746	9.8177	9.2081	9.9493	11.2995	11.1635	10.3356	11.2001	12.0909	12.5723	11.7228	13.0440	13.5390	13.6174	13.7798	14.5757	14.9455	14.8051	14.6419	16.0757	16.6796	15.8417	16.7562	17.4993	16.9527	17.6556	18.1908	18.3727	18.6226	19.2668	19.5749	20.1238	19.3378	20.0955	20.5633	20.5430	21.4889	22.1840	21.6492	21.9203	22.0306	22.6710	22.5886	23.1946	23.4345	23.5573	24.1611	24.1360	23.4488	23.3579	23.6109	25.1217	24.6309	25.8697	25.7825	25.9120	25.6511	26.6767
31.3486	31.3680	31.2823	31.3072	31.2766	31.3523	31.4591	31.2796	31.3327	31.3004	31.2772	31.2158	31.2132	31.2157	31.2005	31.0778	31.2417	31.0756	30.9676	31.0845	31.0520	30.6761	30.8549	30.8659	30.8688	30.7029	30.7927	30.7261	30.6196	30.6353	30.6405	30.5687	30.3702	30.5612	30.4254	30.7005	30.3066	30.4810	30.4106	30.0557	30.2785	30.1244	29.7943	29.9273	30.2452	29.9245	29.9939	30.1509	30.0554	30.0578	29.9977	29.9007	29.8040	29.7699	29.9409	29.9143	30.1701	30.1566	30.1743	30.1322	30.3235	30.3109	30.3242	30.3201	30.4917	30.5393	30.4990	30.5824	30.6152	30.5475	30.8174	30.4877	30.6173	30.6271	30.7685	30.7005	30.6159	30.7259	30.9383	30.8003	28.7294	27.8360	27.7555	27.0117	27.3643	27.3790	26.9470	26.5387	26.1713	25.9125	25.7749	25.5535	25.9593	25.4928	25.8332	26.0448	25.8831	24.4427	25.8609	25.8630	25.5761	25.7372	24.6415	25.0996	24.3061	24.1872	23.7100	23.4865	25.3994	26.6642	23.7912	22.1721	21.9178	22.7195	23.7001	22.2121	19.9075	20.0658	17.8515	17.9553	16.5743	15.2775	16.0389	17.1179	15.8449	13.5484	13.0152	12.6338	13.1364	13.2122	11.5549	10.6165	8.7716	8.0553	7.6736	6.9799	5.5910	5.5218	5.3089	4.6994	4.1228	3.5991	3.1561	2.7613	2.3312	2.1761	1.8823	1.7144	1.1407	0.9035	0.7376	0.6406	0.2894	0.2500	0.4470	0.7368	0.9053	0.9304	1.4867	1.9088	2.2935	3.1809	3.3031	3.3876	3.6064	5.1118	5.0798	5.4180	5.8027	6.6149	6.3028	6.8699	8.3504	8.3663	8.0809	8.7109	9.1269	9.6150	10.2045	11.0826	11.4198	11.6374	12.1276	12.0924	13.2945	13.1494	13.4025	13.8957	14.7398	15.0817	15.0351	15.3326	16.2535	16.7718	16.3638	16.8719	17.6635	18.0783	18.1276	18.4878	18.6454	19.5189	20.1039	19.2561	19.9204	19.8178	20.7689	20.8211	20.6446	20.9242	22.6103	21.6687	21.6074	21.4344	22.5778	22.2883	22.6453	22.7922	22.8133	23.4640	24.0460	22.3087	22.6672	23.8041	23.9824	24.1277	25.2007	25.4910	25.1901	25.7115	26.0441
31.3591	31.2845	31.2820	31.3367	31.3072	31.2724	31.5157	31.3276	31.4394	31.3328	31.3746	31.2332	31.3168	31.2375	31.1969	31.2626	31.2202	31.1705	31.1088	31.1502	30.9162	30.8568	30.8577	30.9809	30.7235	30.6398	30.8408	30.7111	30.5828	30.4947	30.6006	30.5923	30.2581	30.5272	30.5104	30.4838	30.0980	30.4309	30.3644	29.9017	30.2142	30.2058	29.9719	29.7280	29.9891	29.8783	29.8535	29.8742	29.7813	29.8941	29.7155	29.5744	29.6306	29.5802	29.7535	29.7102	30.0443	30.1588	29.9754	30.0092	30.2133	30.3246	30.1879	30.1941	30.4596	30.3607	30.4407	30.5699	30.4889	30.4570	30.4498	30.6340	30.5952	30.6887	30.6558	30.6735	30.7305	30.5853	30.8328	30.6976	28.1709	27.5701	27.1101	26.9264	27.0407	27.0027	26.5593	26.4924	26.0106	26.2023	25.7782	26.2859	26.6975	26.5649	26.9643	27.3656	27.6064	25.6823	26.9476	26.3750	26.8253	26.5302	25.1126	25.5988	24.9665	22.8454	22.2006	22.7126	24.6625	26.4946	22.7610	22.1997	21.1386	21.4177	22.9750	21.0439	19.6077	19.3777	17.8136	16.8575	14.1534	14.2856	15.3772	15.5554	13.1908	13.3408	12.9733	13.3980	13.9509	12.8771	11.7422	9.8551	8.9137	8.4532	7.7682	7.2113	6.0398	5.3854	5.2166	4.8536	4.4855	3.9057	3.1186	3.0324	2.7409	2.1149	2.1088	1.9228	1.7082	1.1208	0.9516	0.8412	0.5585	0.3063	0.2500	0.3554	0.7557	1.0466	1.1627	1.3933	2.3274	2.9195	2.9072	3.1392	3.7322	4.4130	4.8109	5.1456	5.4552	6.0299	6.4950	6.3917	6.8991	7.2889	8.0302	7.7810	8.7805	9.1696	9.2226	9.3359	10.6931	11.0524	10.5170	10.8513	12.4757	12.0280	12.4712	12.8799	13.5924	13.9517	13.9765	15.3409	15.1026	15.8802	15.3074	15.9437	16.5604	16.5848	16.8380	17.6549	17.0861	17.6907	18.6680	19.4610	19.4374	18.8920	19.5382	19.8229	20.1621	19.6737	21.6970	20.8829	21.6743	21.3008	22.0455	21.9363	22.3536	23.2063	23.7999	23.0242	22.8680	23.8674	24.4272	24.4384	24.7035	24.8120	25.3080	25.6658	25.8406	25.9444	26.4367
31.3381	31.2450	31.1428	31.2473	31.2355	31.1673	31.4165	31.2457	31.3118	31.2487	31.2513	31.2539	31.2094	31.2094	31.0732	31.1761	31.1623	30.9851	31.0588	31.0176	30.9463	30.7802	30.6499	30.6778	30.7004	30.7199	30.6821	30.6229	30.5481	30.4637	30.5212	30.5237	30.1965	30.4979	30.3940	30.3179	30.1599	30.2227	30.4298	29.9153	30.2054	30.2160	29.9659	29.7953	30.0692	29.8722	29.8852	29.7333	29.7944	29.8540	29.6547	29.7776	29.8440	29.6774	29.8193	29.7856	30.0801	30.3147	30.1055	30.0111	30.2646	30.4381	30.3697	30.2648	30.4179	30.4033	30.3710	30.5197	30.3370	30.4018	30.5213	30.3129	30.2364	30.5859	30.4721	30.3989	30.5010	30.5503	30.7191	30.6892	28.5931	27.7425	27.3317	27.3885	27.3164	27.3644	27.0291	26.5758	26.4409	26.2892	26.4583	26.4657	26.3199	27.0627	27.0502	27.2095	27.3103	26.2861	26.8727	26.0345	26.5664	25.8802	25.6322	24.9516	24.5905	23.6205	23.2220	23.0768	25.2146	25.8528	22.4016	23.0557	20.9270	22.9221	24.3005	21.9383	19.5957	20.6417	18.5342	16.7803	15.0981	15.8208	15.8336	17.2241	14.9730	14.5844	14.2749	14.8502	13.9768	13.7386	12.7689	11.0264	9.9441	8.1293	8.0886	6.7720	7.0327	6.2771	5.0668	5.1685	5.2553	4.4756	3.9249	3.3608	3.1313	2.7674	2.0212	2.1206	1.9466	1.9293	0.9841	0.8556	0.8321	0.5821	0.3084	0.2500	0.3726	0.8179	1.2496	1.1743	1.8823	2.6545	2.6220	3.0508	3.2345	3.9945	4.4286	5.3854	5.4697	6.0938	6.1918	7.4469	7.5728	7.6159	7.9532	8.6486	8.9686	9.5270	10.7465	10.1441	11.1463	11.0220	12.1098	11.6308	12.7771	12.8448	12.9191	13.2314	13.5788	14.0929	14.1668	14.5334	15.3886	15.4973	15.4919	16.0843	16.1541	16.6801	16.7261	17.8731	18.3122	17.6597	18.2383	18.8168	18.8959	18.7779	19.6781	21.3802	20.4082	20.4661	21.5396	22.0920	22.9450	21.6965	23.0884	22.7600	22.7042	22.7138	23.6917	24.4799	23.7571	23.7864	25.3002	24.5176	25.6124	25.2281	26.3101	25.7560	26.2616	26.4305	27.1288
31.3959	31.3481	31.2642	31.3672	31.3005	31.2943	31.4287	31.2726	31.3524	31.3361	31.2770	31.2174	31.2447	31.1900	31.0478	31.1248	31.1478	30.9709	30.9390	31.0065	30.9730	30.7774	30.7811	30.8068	30.7566	30.8572	30.7283	30.7939	30.4516	30.7011	30.5618	30.5418	30.3329	30.3595	30.4334	30.6964	30.3251	30.4100	30.5237	30.0293	30.3267	30.1371	30.0009	30.1200	30.2288	30.0686	29.9766	30.0251	30.0433	29.9865	29.9311	29.9618	29.9775	30.0031	30.0174	30.0282	30.3453	30.3857	30.1571	30.0388	30.2954	30.3445	30.3627	30.3675	30.4864	30.4772	30.5095	30.6036	30.4614	30.4807	30.6466	30.3701	30.4294	30.3509	30.4662	30.6461	30.6904	30.4337	30.7436	30.8252	28.6352	28.0891	27.8284	27.2150	27.3914	27.0538	26.8375	26.8162	25.8848	26.2222	25.9615	26.0660	25.9486	25.7325	26.1304	25.9499	26.5281	25.2171	25.7710	25.4894	26.0753	25.0371	24.1016	24.4805	24.6708	23.6987	23.3912	23.4431	25.3603	25.7328	23.8618	22.9070	23.3312	23.6851	24.5921	22.8699	21.4155	21.8668	19.8367	19.9315	18.1228	17.7047	18.8465	18.9822	17.3349	15.9128	14.6903	14.9026	16.2110	16.2632	13.6881	12.9918	10.4083	10.7720	9.9675	9.0605	7.2683	7.5788	6.9607	5.6264	5.4637	5.9336	4.7855	4.3821	4.0638	3.6419	3.1533	2.1063	2.3259	2.1346	2.0335	1.0862	0.8777	1.3172	0.6906	0.3256	0.2500	0.4424	1.0830	1.5342	2.0850	2.3898	2.8462	3.3867	3.7807	4.1370	4.1732	4.8270	5.6854	5.7829	5.9933	6.9699	7.6867	8.2327	8.6584	9.0702	9.7477	9.6072	10.8411	11.6425	11.3525	11.8119	12.4174	13.0070	13.7384	13.6977	14.4086	14.3067	15.2018	15.4343	16.0415	15.8075	16.2855	17.1605	16.8650	17.4024	17.5985	18.3952	18.5367	18.8964	19.1820	19.5000	19.6761	20.6184	21.5210	20.9808	21.1007	21.3191	21.8366	22.1591	23.5396	22.5327	22.9088	23.7754	23.3953	23.5204	24.4526	23.9504	24.4051	24.6524	25.0317	24.1688	24.7001	25.5830	25.2729	26.0969	26.9235	26.7664	27.1281	26.5610	27.4241
31.3510	31.4206	31.2433	31.3227	31.2795	31.3262	31.4696	31.3295	31.4070	31.3717	31.3121	31.3080	31.3172	31.2414	31.2583	31.2407	31.2454	31.1395	31.1098	31.1026	31.0261	30.8623	30.8497	30.8709	30.8652	30.6679	30.7979	30.6259	30.4461	30.6199	30.7460	30.5644	30.3418	30.4388	30.5987	30.5584	30.3525	30.4699	30.3175	30.0427	30.1815	30.1003	30.1177	29.9542	30.1974	29.9264	30.0816	29.9564	30.0019	30.0217	29.9364	30.0624	30.0019	29.9132	29.9379	29.8345	30.2378	30.2812	30.2139	30.1315	30.1953	30.4087	30.3233	30.2042	30.5311	30.5470	30.4644	30.5682	30.5156	30.5230	30.5361	30.5315	30.5019	30.5622	30.6376	30.7305	30.7064	30.6101	30.8325	30.8663	28.9204	27.8303	27.5047	27.5182	27.4369	27.1517	26.8381	27.3943	26.5337	26.2881	26.5297	26.6937	26.6940	26.3767	26.8691	27.7195	27.4807	26.5377	27.4816	26.7744	27.5482	26.8676	26.2398	24.9136	25.6129	25.0574	23.6812	25.1454	26.4672	27.3306	25.2303	23.9642	23.2727	23.3085	25.4025	22.9248	21.5791	20.8500	19.7331	19.4084	17.7533	17.7050	17.8441	18.5124	17.7547	15.9180	16.5073	15.9806	16.3259	16.2770	15.1839	13.6494	12.2231	11.4510	10.6328	9.9319	8.7311	8.7554	8.6558	7.0626	6.3209	6.1060	5.6704	4.9448	4.5718	4.2240	3.5831	3.2147	2.6756	2.8262	2.5238	2.2269	1.2470	1.2981	1.3843	0.8197	0.3634	0.2500	0.5006	1.1669	2.2432	3.1384	2.6378	3.6469	3.6087	4.6793	4.3176	4.6218	5.2657	6.0650	5.9056	6.6783	7.3117	8.0792	7.9425	9.0552	9.5563	9.6398	10.4364	11.2364	12.0632	11.7389	12.3335	13.1129	13.8038	13.9657	14.0867	14.9113	14.8244	15.5355	15.8375	16.6467	16.1320	17.1789	16.6655	17.5277	17.6965	18.3531	18.7082	18.7107	18.8466	19.3530	19.9160	19.9292	19.7256	20.5356	19.8384	19.9905	21.0306	20.9953	22.0671	21.6728	21.7422	22.3726	22.2348	22.5792	23.1191	23.6984	23.7568	23.4415	23.8044	23.2711	24.1455	24.9155	25.2128	25.0963	26.3477	26.4004	26.7770	26.1004	26.9793
31.3419	31.2087	31.2445	31.2749	31.1958	31.2286	31.4676	31.2706	31.4250	31.3107	31.3455	31.2047	31.3572	31.2721	31.2123	31.2028	31.2376	31.0166	31.0180	31.1455	30.9366	30.7684	30.8210	30.7308	30.7222	30.6701	30.8055	30.6124	30.5998	30.5974	30.6086	30.6152	30.3916	30.4969	30.4208	30.5405	30.1190	30.2857	30.2449	29.7768	30.0257	30.1442	29.6951	29.6352	30.0187	29.7510	29.8100	29.8324	29.8356	29.8788	29.7448	29.7840	29.4297	29.7229	29.8185	29.7361	29.9951	29.9750	29.7609	29.9871	30.1841	30.3577	30.0399	30.1264	30.3557	30.3932	30.3372	30.5395	30.4618	30.2664	30.5351	30.3849	30.4776	30.5450	30.5638	30.5586	30.6642	30.4755	30.5867	30.6225	28.2809	27.7185	27.2586	27.1713	27.4727	27.4571	26.5936	26.8783	26.7853	26.5746	26.7360	26.7752	27.3944	26.6968	27.1248	27.6674	27.4183	27.5053	27.3692	26.2306	26.4303	26.3121	25.0858	25.0479	25.6871	23.8204	23.4740	23.8555	24.9258	26.1525	24.3971	23.0614	22.5467	22.8222	24.1693	22.7544	21.2731	21.2309	19.6836	19.0842	16.7289	16.7478	17.5923	17.9743	16.2056	15.9894	15.6252	16.4532	16.4774	15.9218	14.4198	13.1678	11.7599	11.3197	10.8215	9.2510	8.5179	8.6656	7.8207	7.3944	6.5196	5.6961	6.0346	5.1322	5.3569	4.3330	3.5121	3.3794	3.2853	2.5634	2.5654	2.3546	2.1124	1.3663	1.2511	1.1424	0.8924	0.3953	0.2500	0.5292	1.2057	2.4873	2.0539	2.1818	2.6567	3.3276	3.2967	3.5563	4.2208	4.6663	5.0540	5.9165	5.7908	6.6369	7.4651	6.9043	7.8289	8.6255	8.2617	8.9324	9.5729	9.6452	10.0391	9.8097	11.6987	11.2121	11.5620	11.6410	12.9696	12.9842	12.4910	13.3781	14.0317	14.7179	14.0114	14.8003	15.8130	15.3830	16.0672	16.8300	16.8699	16.7174	17.6987	18.0820	18.4901	17.7424	18.7314	18.9151	19.6184	19.0479	21.2290	20.4177	19.7613	21.0615	20.9018	21.1557	21.6925	21.6566	22.8222	22.3213	22.9156	23.4429	24.3294	23.7499	24.9799	24.9560	26.1333	25.4194	26.5282	25.5357	26.4395
31.3120	31.2270	31.0905	31.2560	31.1210	31.2622	31.4337	31.2384	31.3373	31.2848	31.2917	31.2442	31.3161	31.1770	31.1024	31.2347	31.0965	30.8810	31.0232	31.0322	30.8371	30.8116	30.6752	30.6990	30.6365	30.7239	30.7530	30.7035	30.5225	30.3978	30.5085	30.5468	30.2240	30.4157	30.4018	30.4580	29.9331	30.2223	30.4328	29.7578	30.1352	30.2067	30.0589	29.8687	29.9935	29.9916	30.0272	29.9660	30.0652	29.9812	29.8768	30.0367	29.8755	29.6712	29.8836	29.9442	30.1406	30.2812	29.9730	30.0467	30.4149	30.5637	30.0809	30.3296	30.5100	30.3648	30.4934	30.6001	30.3825	30.4552	30.5207	30.5114	30.5475	30.5393	30.4648	30.6381	30.5719	30.4470	30.7167	30.7490	28.6666	28.4287	27.5433	27.1690	27.6978	27.7736	27.3385	27.3210	27.1311	26.8894	26.8630	26.9539	27.2425	27.2206	27.3333	27.4905	27.6234	26.9587	26.9420	26.4874	26.5994	26.6383	24.9379	25.7095	25.5574	24.5442	24.2420	24.5112	25.7351	26.3836	24.7052	24.0039	22.7565	24.1566	25.1826	23.0418	21.1495	21.9251	20.0090	18.7878	17.0396	17.6593	18.4596	18.8711	16.9988	16.4736	16.1781	16.8515	16.6853	16.2060	15.3764	14.1783	12.6903	12.2057	12.3113	10.7680	9.0397	9.3766	8.3594	7.6868	8.5048	6.9173	6.0519	6.5066	5.7437	5.5153	4.7254	3.8335	4.1894	3.7089	2.7191	2.8234	2.8949	2.3506	1.8629	1.4140	1.6691	0.8778	0.4686	0.2500	0.5675	1.5026	1.6957	1.8071	1.6603	2.3581	2.8112	2.8459	2.8109	3.9115	3.8665	4.4138	4.6932	5.1340	5.4985	6.3410	6.3687	6.8417	7.6223	7.5791	8.4023	8.3657	8.8621	8.7251	9.9609	9.9860	10.5599	10.7441	11.1699	11.4584	11.6097	12.1701	12.5576	13.2035	13.0481	13.3535	13.9711	14.6149	14.6325	15.3326	15.5790	15.3808	15.7730	16.9541	17.4937	16.8462	17.5749	18.1236	17.9302	18.8771	19.8727	19.1965	20.0453	19.9042	20.8900	21.0760	21.0713	21.3991	21.7280	22.4898	22.5239	21.9623	23.0404	22.0269	23.5116	23.6580	24.6192	24.0392	25.3367	25.2876	25.7714
31.4308	31.4231	31.3242	31.3809	31.2704	31.3577	31.4796	31.3419	31.4240	31.4151	31.3614	31.2893	31.3452	31.3120	31.2195	31.3157	31.3055	31.1033	31.0686	31.1282	31.0278	30.9569	30.7324	30.7884	30.7896	30.7084	30.7735	30.8073	30.4405	30.6322	30.6605	30.6881	30.3765	30.4410	30.5276	30.7228	30.2442	30.5916	30.4680	30.2240	30.3435	30.3477	30.1169	30.0065	30.3884	30.2114	30.0530	30.1797	30.0918	30.1377	30.0458	30.0981	30.0913	30.0092	30.0445	30.0280	30.3145	30.2684	30.2276	30.0945	30.3779	30.4720	30.3321	30.3836	30.4617	30.5580	30.4661	30.4827	30.5538	30.2755	30.5169	30.4812	30.4511	30.4409	30.4664	30.6427	30.5878	30.6464	30.8955	30.7510	29.0275	28.2597	27.3789	27.6835	27.7290	27.4378	27.2549	27.2304	26.7433	26.8714	26.8140	26.9244	26.6661	26.7233	27.0960	27.0581	26.8579	26.3085	26.4453	26.5813	26.7300	26.3712	25.6846	25.6598	25.5141	24.8085	24.4081	24.6471	26.2258	27.3433	25.3718	24.4015	24.0080	24.3657	25.3508	24.2225	22.8607	23.1857	21.7457	22.0401	19.8235	20.3113	21.2929	20.6510	19.3578	19.8604	17.9475	20.2027	20.2516	19.5397	18.4074	17.1502	14.0902	14.7313	13.2556	13.1735	9.1371	11.0704	10.3905	9.0476	8.5152	8.9784	8.0846	6.6988	7.7142	7.1263	5.8449	5.4415	5.2468	5.1552	4.0977	3.2327	3.7991	3.5963	3.1918	2.0434	2.0987	2.0594	1.1367	0.3602	0.2500	0.4977	1.1590	1.3951	1.0738	1.5119	2.3516	2.2698	2.3477	2.3489	3.3261	3.4462	4.2018	4.2301	4.9647	5.0132	5.2994	5.6042	6.3299	6.4020	6.3231	6.8135	7.1207	7.7400	8.7722	8.4305	9.0001	9.4523	9.5501	10.1302	10.5989	10.6758	11.1115	11.8270	12.3825	12.5030	12.4144	13.9469	14.0203	13.8218	13.9026	14.3042	15.1483	15.0805	15.3641	16.7352	16.3516	16.8229	17.1496	17.7286	18.1936	17.5001	18.5492	19.2186	19.0855	19.2475	20.4258	19.9811	20.2090	20.0671	21.1611	20.7017	21.1389	21.8322	22.2094	22.9747	24.1940	24.2804	25.5791	24.1498	25.7096
31.3197	31.2659	31.2825	31.3277	31.2079	31.3274	31.4671	31.2818	31.4217	31.3970	31.3720	31.2524	31.2768	31.2785	31.1774	31.2200	31.2808	31.1400	31.0772	31.1390	31.0012	30.8706	30.7937	30.8431	30.8653	30.8271	30.8125	30.7146	30.7607	30.3765	30.6952	30.7544	30.4899	30.5823	30.5668	30.5358	30.2202	30.3937	30.5048	30.1860	30.2689	30.3278	30.1620	30.0235	30.4444	30.2034	30.1135	30.0768	30.0498	30.1474	29.9681	30.0817	30.0306	29.9237	30.0541	30.0131	30.2525	30.2952	30.1429	30.1149	30.2505	30.3005	30.3009	30.3240	30.4864	30.4340	30.3882	30.5772	30.5613	30.3583	30.5019	30.4959	30.4111	30.3611	30.5617	30.7286	30.5859	30.5140	30.8724	30.8188	28.6429	28.3322	27.6897	27.7684	27.6899	27.5917	27.2860	27.3696	26.8506	27.1013	26.7443	26.5808	26.4780	26.2885	26.7949	26.5875	26.0640	26.4605	25.9770	25.3654	25.7189	25.4501	24.6633	24.8623	25.5985	23.8488	23.4229	23.7135	24.9697	26.5066	23.4912	22.6532	22.5699	22.8053	24.4320	22.6755	21.3893	21.6020	19.6099	19.4232	18.0184	18.3826	18.7547	19.4220	17.7920	17.2649	17.3768	18.4305	18.5360	18.3299	17.3472	16.0600	14.0762	14.2682	12.7157	11.7765	10.5087	9.9162	9.8263	8.6968	8.0983	8.6519	7.8895	7.0780	6.6180	6.5912	5.8520	5.6183	5.2932	4.7274	4.2944	3.8888	3.4387	2.9872	3.2880	2.6406	2.0395	1.8653	1.7786	1.0181	0.2958	0.2500	0.4064	0.6915	0.9382	1.0042	1.1472	1.6602	1.6591	1.8508	2.0886	2.6023	2.8090	3.0619	3.5046	3.9629	4.2799	4.7220	4.9881	5.2561	5.5852	5.7345	6.1586	6.3611	7.1829	7.5211	7.8271	8.3107	8.4360	9.1156	9.2307	9.5463	9.4877	11.0077	10.7958	11.4138	11.5174	12.4620	12.6596	12.8525	12.6225	13.9245	13.7907	14.1847	14.5503	15.3278	16.3018	15.7270	15.3757	16.3421	18.0198	16.6740	16.9053	18.3352	18.5351	17.6574	18.5554	18.8623	19.2059	19.2061	20.3512	20.1746	20.7036	21.5994	21.8056	22.2697	22.9909	23.2854	24.1865	23.7292	24.5721
31.2277	31.1432	31.1348	31.2669	31.1965	31.2367	31.3982	31.2614	31.3603	31.3726	31.2342	31.1641	31.2005	31.1533	31.1108	31.1662	31.2048	30.9433	30.9526	30.9080	30.7671	30.7254	30.7243	30.6459	30.7358	30.5580	30.6383	30.4651	30.3490	30.3444	30.4864	30.4341	30.4026	30.3040	30.2901	30.3944	29.9813	30.2025	30.3299	29.6821	29.9205	30.1710	29.9447	29.6372	30.0751	29.8074	29.8214	29.8507	29.7699	29.7546	29.8180	29.6743	29.8905	29.6193	29.9302	29.7672	30.2106	30.1093	30.0949	29.7783	30.0696	30.2509	30.0772	30.2193	30.3148	30.3962	30.2231	30.3512	30.4336	30.2544	30.4899	30.4172	30.3979	30.4367	30.3720	30.5319	30.6321	30.4195	30.5675	30.6937	28.8501	28.5165	27.8324	27.6174	27.8827	27.7074	27.0366	27.2264	26.8353	26.8438	26.3735	26.6622	26.8989	26.7424	26.8201	26.7697	26.4158	26.1517	26.0134	25.7600	26.0324	26.0133	24.9354	25.0468	26.0008	24.2431	24.0343	23.8881	24.5733	25.9738	24.3660	23.5939	22.9678	23.6843	24.7799	23.4535	21.6990	21.9196	21.0477	19.6913	18.1780	18.5453	19.6705	19.8817	18.3855	18.0768	17.9933	18.4754	18.9489	18.4890	17.4247	15.7848	14.5136	14.3178	12.6392	11.4245	10.7390	11.0420	9.6189	8.8440	8.7500	8.1440	7.3498	7.7026	7.3693	6.2486	5.9217	5.8764	5.6185	5.1326	4.6046	4.1926	3.5614	3.3186	3.1237	2.8389	2.4311	2.2030	1.4770	1.2110	0.6907	0.3272	0.2500	0.3805	0.6890	1.1933	1.0232	1.0194	1.5455	1.6930	1.7408	2.0094	2.7458	2.7171	3.0551	3.7865	3.8494	4.1446	4.8205	5.2425	5.4090	5.3986	5.3013	5.8336	6.6853	6.9980	7.0870	7.4639	8.2512	8.4098	8.5303	9.2814	9.3851	9.8551	9.9062	10.4179	10.9404	11.1574	12.0871	12.2275	12.3306	12.4922	13.4575	13.6397	14.4688	13.9681	14.7692	15.9561	15.8146	15.5593	16.5959	16.9497	16.8921	17.2533	18.3350	18.6364	18.5000	18.2459	19.7254	20.3913	19.7614	20.8521	21.4485	20.6461	22.4898	22.0804	23.5259	23.8575	24.2601	23.9573	24.8109
31.3335	31.3140	31.2200	31.3106	31.2174	31.2715	31.4530	31.2581	31.4109	31.3108	31.2719	31.2090	31.2997	31.1751	30.9659	31.2371	31.1818	30.8686	30.9388	31.0324	30.9271	30.6723	30.7070	30.6489	30.6446	30.5982	30.7467	30.7016	30.6033	30.3147	30.5655	30.5546	30.3718	30.4185	30.4717	30.5305	29.9606	30.3071	30.4182	29.9772	30.1193	30.2632	30.0413	29.9000	30.1013	30.0570	30.0345	29.8565	29.9865	30.0131	29.9233	30.0733	30.0170	29.9521	29.9991	30.0181	30.2476	30.3289	30.1390	30.0059	30.3997	30.3163	30.1384	30.2721	30.3289	30.3055	30.4049	30.5459	30.2980	30.3258	30.4549	30.2868	30.3699	30.4145	30.3747	30.3572	30.6067	30.4441	30.7487	30.7245	28.9546	28.4529	27.7357	27.6072	27.9984	27.8335	27.4376	27.5336	26.9456	27.2583	27.1628	26.9037	27.0551	26.9688	27.2441	27.1450	26.8341	26.6062	26.6820	26.5224	26.3610	26.0254	25.3586	25.3450	25.5048	25.3791	24.3082	24.7801	25.8659	26.3202	25.4502	23.8530	24.2956	25.1297	26.1850	24.4791	22.5377	23.6861	21.8060	20.7625	19.0805	19.2177	20.8543	20.6559	18.6814	19.4844	17.7944	19.2751	18.7111	18.5620	17.6766	15.9702	14.7070	14.8999	14.1434	13.3909	12.7883	12.1911	11.4313	10.5376	10.5424	9.1871	8.3817	8.8042	9.2638	7.3289	6.3322	6.5400	6.5440	5.2720	4.8267	4.2377	4.3528	3.5017	3.1970	3.0663	2.5955	2.5890	1.9117	1.2129	0.8422	0.5834	0.2980	0.2500	0.3110	0.6919	0.7912	0.7810	1.0070	1.3515	1.5685	1.7494	1.8829	2.3728	2.4140	3.0008	3.2870	3.5001	4.1688	4.3754	4.5184	4.8211	4.8169	5.1969	5.5900	5.9381	6.0213	6.4449	7.0487	7.4937	7.5240	8.0073	8.4488	8.5418	8.7584	8.9262	9.5507	10.2139	10.3266	10.8206	10.5691	11.3037	11.4156	12.1526	11.9526	12.6235	13.1225	13.2557	13.2995	14.1819	15.4851	14.8544	15.1548	15.5515	16.5960	15.8235	16.6770	16.7461	16.9720	18.1936	17.5054	17.7736	18.8411	18.9283	20.0682	19.7413	21.2563	21.6180	22.7667	22.7791	23.9641
31.3839	31.4425	31.3058	31.4024	31.3487	31.4007	31.4857	31.3737	31.4311	31.4491	31.3711	31.3617	31.4177	31.3253	31.3068	31.2939	31.3410	31.1214	31.1726	31.1308	31.0508	30.8931	30.9075	30.9120	30.7806	30.8657	30.9562	30.8358	30.4393	30.6539	30.6937	30.4480	30.5460	30.5934	30.6102	30.7026	30.3645	30.6195	30.4687	30.1671	30.4048	30.4426	30.2320	30.1753	30.4337	30.2930	30.1446	30.2542	30.1672	30.3126	30.1479	30.3095	30.2342	30.0842	30.2288	30.2396	30.3756	30.4229	30.3995	30.2209	30.3740	30.3879	30.3751	30.2835	30.5664	30.4513	30.5071	30.3651	30.4424	30.0902	30.4073	30.2714	30.3091	30.4161	30.5663	30.5859	30.5936	30.3650	30.8579	30.8190	29.1612	28.2433	27.7666	27.8441	27.8557	27.3832	27.1911	27.5037	26.6176	26.6068	26.5727	26.2006	26.1828	25.8520	26.2066	26.2785	26.1254	25.3906	25.5180	26.0613	25.8145	25.5525	24.5716	24.7199	24.5480	23.9798	23.9123	23.9290	25.7222	26.1626	24.4170	23.5044	22.8641	24.0836	24.8262	23.8322	21.7300	23.1906	21.3258	21.0092	18.7838	19.6498	20.5960	20.3966	19.3299	18.8317	18.8284	19.1786	19.8357	19.2566	17.4240	16.4018	15.2047	15.1618	13.4971	12.5877	11.2313	10.8730	10.1849	8.3590	7.2992	9.1363	8.0523	6.5933	6.9311	7.5315	6.6620	5.5479	6.2888	5.5336	4.9424	4.4662	3.7066	3.6591	3.1580	2.7708	2.5033	2.6058	2.1564	1.1592	1.0742	0.9973	0.6157	0.2775	0.2500	0.3266	0.5524	0.8645	0.7530	1.0335	1.3505	1.4299	1.6787	1.6746	2.1090	2.4200	2.8628	3.0900	3.3959	3.7616	4.0905	4.3509	4.2688	4.5107	5.0241	5.4515	5.6632	6.1386	6.1094	6.6388	7.1127	6.8412	7.0452	8.2875	8.5929	8.6696	8.7019	9.6808	9.7725	10.1546	10.1615	10.8610	10.9514	10.8306	11.6354	12.2310	12.0871	13.0214	13.3872	13.5000	14.8220	14.1680	14.3165	15.2731	15.2950	14.9223	15.8349	16.1766	16.1206	16.8949	17.5696	17.0024	17.8280	18.5705	19.0202	19.3701	21.0156	21.6275	22.1797	22.6965	23.8795
31.2692	31.2221	31.2221	31.2448	31.1913	31.2078	31.4648	31.1920	31.3543	31.2869	31.3371	31.1970	31.3273	31.2641	31.0801	31.2641	31.2338	31.0032	31.0378	31.0458	30.9924	30.7577	30.7816	30.8487	30.8024	30.7902	30.7514	30.8083	30.6646	30.4036	30.6591	30.6802	30.5171	30.6100	30.5623	30.5224	30.0931	30.4274	30.3349	30.0292	30.2249	30.2761	30.1927	29.9428	29.9683	29.9284	30.0698	30.0321	29.9389	30.0729	30.0018	29.9694	29.8329	29.8052	29.9019	29.8072	30.1721	30.1485	30.0129	29.9745	30.3166	30.2776	30.1043	30.2093	30.3322	30.3447	30.3114	30.5654	30.4230	30.1300	30.3664	30.2784	30.3757	30.3510	30.5897	30.6205	30.5464	30.4784	30.9004	30.7529	28.6291	28.4384	27.6223	27.4264	27.7706	27.6146	27.0733	27.2811	26.7145	26.9489	26.4943	26.4970	26.5536	26.0357	26.7130	26.6287	25.9764	26.2249	25.7695	25.9523	25.6729	25.2642	24.9321	25.4435	26.5432	24.0893	23.8300	24.3298	25.2825	25.3479	23.7527	22.9988	23.0333	22.9696	24.6716	22.8454	21.9946	21.7898	20.0634	18.8548	18.7397	18.0820	19.0145	19.3115	19.0586	17.7615	18.7621	19.7755	18.4805	18.2726	17.1046	16.0605	15.0278	15.1206	13.0176	11.8312	11.5240	12.0267	9.9363	9.1479	9.6945	8.6461	7.7703	8.3164	7.6075	7.1656	7.0381	5.8899	6.2997	5.6613	5.6334	5.1156	4.2652	3.8556	3.7964	3.2167	2.5295	2.6320	2.3705	1.9488	1.0136	0.9708	0.7579	0.4928	0.3071	0.2500	0.3005	0.5221	0.8580	0.6865	0.9375	1.3964	1.6028	1.5333	1.7121	2.1949	2.3656	2.5875	3.2816	3.3116	3.6741	4.0637	4.2359	4.3410	5.0813	5.2948	5.4715	5.8373	6.3540	6.7078	6.7568	7.3143	7.4019	8.0720	8.2535	8.3541	8.5599	9.4818	9.6413	9.8587	9.8832	10.6723	10.9061	11.1225	11.2326	11.6860	11.9906	12.1149	11.6934	12.5975	14.5026	13.3566	13.3790	14.8036	15.2824	14.8142	14.7981	15.7565	15.9182	16.2215	16.4872	17.4887	17.7329	17.8554	19.3346	19.0848	20.9084	21.4641	22.3281	22.1155	23.4786
31.2415	31.2657	31.1513	31.3162	31.1202	31.2191	31.4573	31.2448	31.3046	31.2843	31.2328	31.1408	31.2697	31.1429	31.0154	31.1311	31.1222	30.8012	30.9555	30.9546	30.8202	30.5560	30.6240	30.6713	30.8023	30.5168	30.6165	30.5076	30.4020	30.1585	30.5150	30.2716	30.3886	30.2237	30.2753	30.5140	29.8812	30.2117	30.2370	29.3204	29.8585	30.1807	29.8310	29.7502	29.9613	29.6969	29.7407	29.8162	29.7805	29.6876	29.6475	29.7447	29.7786	29.7420	29.7897	29.8055	30.0956	30.1142	29.9379	29.8552	30.2374	30.3520	30.0713	30.1725	30.0946	30.1305	30.3374	30.3954	30.1955	30.2282	30.4678	30.3679	30.4041	30.4716	30.4499	30.6255	30.6955	30.7428	30.7575	30.7674	29.1259	28.7881	28.1157	27.9581	27.9448	28.0529	27.3264	27.4199	26.8334	27.2531	27.0197	26.4539	27.0919	26.7414	27.0255	26.2447	26.4964	26.2521	26.2796	26.1808	25.8379	25.9536	25.4495	26.2855	26.0255	24.8452	24.8774	24.5407	25.1622	25.3092	24.6133	24.2707	23.8236	24.7407	25.3309	23.4364	22.1701	22.4506	20.5058	19.5000	18.4159	18.2123	19.2750	19.9062	17.9111	17.5689	17.2001	18.7969	18.0963	18.7107	17.3516	15.6349	14.6124	14.5518	13.1330	11.9511	11.7452	11.2410	10.6138	9.8177	10.1144	9.4352	8.7499	8.2516	8.3242	7.3974	6.6519	6.8201	6.7352	5.7427	4.9994	5.2003	4.4985	3.9225	3.8384	3.2934	2.7534	2.6780	2.4234	1.7482	1.5711	0.9826	0.8500	0.6327	0.5125	0.3103	0.2500	0.3151	0.5825	0.7142	0.6401	1.0021	1.2277	1.3133	1.4785	1.6880	2.1541	2.2011	2.5543	2.9883	3.3471	3.3785	3.5474	4.0735	4.5686	4.6935	4.8126	5.3289	5.6019	5.6854	6.0708	6.3887	6.5211	7.0074	7.5935	7.8632	7.6763	8.8578	9.0303	9.1965	9.4183	9.7648	10.0244	10.0614	10.9353	10.8219	11.7599	11.9031	11.6993	12.3360	13.2324	12.9802	13.2033	13.4184	14.5189	13.7116	14.7454	14.1027	16.2183	15.7722	15.4839	16.3119	18.3340	17.2515	19.1386	18.3749	20.3644	20.6561	21.4754	21.7727	22.4192
31.3736	31.3588	31.3170	31.3402	31.2853	31.2874	31.4430	31.3190	31.3824	31.3017	31.2594	31.1132	31.2762	31.2032	31.0684	31.1786	31.2584	30.9525	30.9912	31.0793	31.0158	30.7012	30.8534	30.7500	30.8561	30.5599	30.7614	30.7157	30.4106	30.3991	30.4761	30.6147	30.3881	30.2629	30.3248	30.4883	30.0370	30.3704	30.1361	30.1022	30.0966	30.0128	29.9008	29.6070	29.9368	29.9063	29.7142	29.6351	29.7024	29.8168	29.5871	29.8283	29.8943	29.5393	29.8334	29.8373	30.0965	30.1472	30.0594	29.9258	30.0669	30.2783	29.9292	30.0240	30.2749	30.0742	30.2679	30.4518	29.8970	30.0532	30.3407	30.4314	30.1757	30.3817	30.2031	30.4250	30.4573	30.0880	30.6756	30.7243	28.7600	28.2762	27.5107	27.7960	27.7499	27.5969	27.2957	27.2112	26.5963	26.5376	26.5002	26.0714	26.1950	25.9278	26.5078	26.1655	26.0759	25.8669	25.8529	26.3120	26.0071	25.3859	25.6941	24.6915	26.2367	24.5560	23.9395	24.8741	25.5980	25.7306	25.4995	24.0018	23.9927	25.1275	25.5343	23.7695	22.5978	23.3045	21.8119	21.2263	18.7678	20.2820	20.8606	21.2461	19.1236	19.4111	18.3880	19.3719	19.0741	18.3470	17.0468	16.0904	14.7297	14.1064	14.0733	12.7438	11.6777	12.1162	10.9589	10.1302	10.1245	9.5480	9.0348	8.4130	8.0787	8.0417	6.9770	6.8463	7.3720	6.0381	5.3124	5.8801	4.7864	4.2397	3.9596	3.3107	3.0097	2.9935	2.6908	2.0311	1.6381	1.4836	0.9248	0.8104	0.7170	0.5635	0.2892	0.2500	0.3057	0.5175	0.6488	0.6423	0.8825	1.2134	1.3132	1.4908	1.5900	2.0760	2.2728	2.6180	3.1164	3.3182	3.2304	3.6838	4.3270	4.6328	4.7634	5.2055	5.3573	5.8048	6.1524	6.1291	6.4296	7.2954	7.3355	7.2770	8.2003	8.8175	8.6362	8.9892	9.1341	9.5908	9.5109	10.0381	10.2768	10.7119	10.8972	11.4262	11.2005	11.9116	12.5931	12.9049	12.4782	13.3056	14.0903	13.6940	14.3473	14.0866	15.0899	15.1623	15.5811	15.3622	16.1886	16.4586	17.9940	17.4580	18.6082	20.0254	20.0097	20.6134	20.9749
31.3478	31.3639	31.2738	31.3584	31.2579	31.3264	31.4217	31.2979	31.3769	31.3949	31.3424	31.2200	31.2657	31.2080	31.1718	31.2095	31.2038	31.1029	30.9315	31.0407	31.0236	30.8276	30.7738	30.8284	30.7966	30.7627	30.8503	30.7957	30.4763	30.6415	30.4377	30.4546	30.5956	30.4534	30.4001	30.4544	30.1539	30.4665	30.2319	30.0903	30.0612	30.1362	30.0009	29.8477	30.2117	30.0174	29.9853	29.8131	29.8953	29.9576	29.8723	29.9926	29.9518	30.0157	29.9823	29.8668	30.2575	30.1267	30.2194	29.9454	30.2308	30.2607	30.2073	30.2263	30.3621	30.3270	30.3270	30.5135	30.3211	30.0064	30.4441	30.2149	30.2666	30.4462	30.3832	30.5173	30.6962	30.5683	30.9185	30.8856	29.5520	29.0507	28.2830	28.3861	28.3768	28.0988	27.8167	27.8271	27.4705	27.2438	26.9019	26.7444	27.0015	26.6366	26.9209	26.6335	26.4449	26.2439	26.0415	26.6131	25.8493	26.3839	25.2884	26.1187	26.1314	25.4104	24.4582	24.8438	26.2031	26.7832	25.1030	24.7963	23.4910	24.6881	24.3479	23.9188	22.5150	22.8765	21.7977	20.9172	19.9335	20.6138	21.1878	21.6573	20.4907	20.2354	20.4048	20.6788	20.9605	20.5248	19.8698	18.4212	17.8796	17.4907	16.0985	14.8789	14.2386	13.6976	12.4199	11.7224	9.9003	10.6583	9.8207	9.1854	8.1211	8.6515	7.8880	6.7239	6.7299	7.2732	6.0686	5.3633	5.3905	5.3108	4.5080	3.8991	3.0595	3.4281	3.0963	1.9540	1.8958	1.6277	1.5269	0.9240	0.8580	1.0220	0.5117	0.2893	0.2500	0.3180	0.5448	0.7791	0.6308	0.9377	1.2468	1.3719	1.4727	1.6142	2.1779	2.2128	2.5856	2.9858	3.2224	3.3784	4.1208	4.3888	4.6183	4.8710	5.1896	5.3804	6.1917	6.5119	6.1446	7.6491	8.0185	7.6339	7.9705	9.0919	10.0598	9.5053	9.4269	10.4365	10.9121	10.0302	11.4251	12.4977	12.3232	11.7179	12.2931	12.9849	14.2903	12.9699	13.6203	15.4217	15.3845	15.1572	15.6628	16.6150	15.7691	16.3044	17.4418	17.5729	18.0370	18.5642	18.9446	19.2582	21.0833	21.5200	22.3285	22.4480	23.4621
31.2670	31.1964	31.1999	31.2438	31.1465	31.1459	31.4146	31.2566	31.3225	31.2516	31.2585	31.0984	31.1705	31.1428	31.0054	31.1673	31.1178	30.9464	30.9708	30.9937	30.9129	30.6243	30.4521	30.6925	30.7413	30.4524	30.6799	30.5753	30.3680	30.4763	30.5663	30.5275	30.4126	30.2467	30.3034	30.5402	30.1045	30.3499	30.2420	29.9728	29.9132	30.1651	29.8894	29.8937	30.0788	29.8982	29.7016	29.8644	29.7388	29.8006	29.7582	29.7727	29.7361	29.4315	29.5739	29.5273	29.9025	30.0299	29.8614	29.8146	30.0496	30.1315	30.0652	30.1183	30.3363	30.1534	30.1800	30.2138	30.3178	30.2409	30.3924	30.4708	30.3288	30.3025	30.5065	30.6772	30.5415	30.6264	30.8146	30.7068	29.0846	28.7795	28.0641	27.7757	28.0911	28.0910	27.2630	27.5751	26.6635	27.0052	26.4887	26.2909	26.5273	26.4801	26.4932	26.4142	26.0281	26.0400	25.9657	26.0986	25.5829	26.0644	25.3518	26.0794	26.5624	24.6583	24.9810	24.9024	25.3817	26.2318	23.9551	23.8302	24.1704	23.5683	24.5505	23.4020	22.8829	22.7522	21.0345	20.1862	19.6727	19.0287	20.4560	20.6290	20.2147	18.5801	18.7572	19.8773	19.1386	19.5691	18.2346	17.6353	15.9627	15.9406	14.2505	13.5211	13.1557	12.7285	11.5063	10.4989	10.6664	9.5321	9.1981	8.8541	8.9580	8.4341	7.4150	7.8193	7.6908	6.7368	7.1680	5.6176	5.3017	5.0761	5.1257	4.5328	3.6754	3.5901	3.2667	2.5430	2.1874	1.7119	1.4499	1.3894	0.9684	0.7858	0.6796	0.4908	0.2855	0.2500	0.3240	0.6252	0.9180	0.6354	0.9017	1.2301	1.5122	1.5805	1.8035	2.3075	2.3835	2.6990	2.6695	3.3821	3.8890	4.0997	4.3546	4.8698	5.1335	5.2648	5.6257	6.1847	6.2094	6.6885	6.8576	7.5932	7.5333	7.9325	8.5435	8.9427	8.9714	8.8022	9.8807	9.8171	10.2771	10.4002	11.3113	11.6566	11.0010	11.4930	13.2356	12.4237	12.9488	13.1135	13.9144	13.3127	13.9362	14.5713	15.6357	15.5396	15.6311	16.9627	18.3866	17.8650	18.6972	18.8593	20.9599	21.5423	22.0696	22.5384	22.9988
31.3854	31.3219	31.2992	31.3270	31.2305	31.3046	31.4727	31.2384	31.3696	31.3034	31.2517	31.1106	31.2699	31.1690	31.0253	31.1889	31.1425	30.9353	30.9702	31.0920	30.9141	30.6913	30.7276	30.7085	30.7960	30.4753	30.6150	30.5577	30.4816	30.1629	30.5466	30.5159	30.4591	30.4195	30.2556	30.5156	30.1572	30.3232	30.3046	29.7702	30.0799	30.1787	29.8770	29.8913	30.0399	29.7259	29.8018	29.8101	29.8704	29.8496	29.7179	29.9130	29.9258	29.6322	29.9057	29.8552	30.0363	30.2432	30.0210	29.8239	30.1691	30.4102	30.0114	30.1805	30.3475	30.3278	30.3887	30.4071	30.3083	30.3257	30.3906	30.3817	30.3798	30.5104	30.4851	30.6067	30.6470	30.6452	30.6946	30.6422	29.3830	29.1317	28.3904	28.4170	28.3662	28.4255	27.8620	27.9379	27.5759	27.3925	27.1676	27.0843	27.1559	27.0990	27.3839	26.8940	27.0916	26.5964	25.7063	26.2911	26.0834	25.4104	25.4789	25.3104	26.4152	24.8891	24.3971	24.0238	25.3554	26.1375	25.4367	23.6932	23.2399	24.5715	25.7192	23.4255	21.9280	22.7756	20.1376	20.5601	18.9342	18.8933	19.9780	20.1020	18.3631	18.2274	17.9763	19.8771	19.1618	18.7184	17.6675	16.5891	14.3855	15.3171	14.4495	13.2493	12.0753	11.7425	11.3948	10.0035	10.4129	10.0309	9.1293	8.9659	8.6130	8.2406	7.1283	7.1971	7.3215	6.5046	5.8028	5.9656	5.7395	4.7298	4.5042	4.1768	3.4989	3.5556	2.8860	2.4522	2.1222	1.6411	1.4848	1.3849	1.2082	0.7849	0.7571	0.5120	0.4613	0.2907	0.2500	0.2996	0.4867	0.5992	0.5821	0.8665	1.1227	1.1729	1.4208	1.5807	2.1599	2.3348	2.2649	2.6258	3.2292	3.3340	3.8815	4.3188	4.3843	4.8450	4.8734	5.4649	5.3813	6.1183	6.1820	6.4959	6.6380	7.8071	7.6521	7.9996	8.2703	8.5551	8.5237	8.7347	9.4603	9.5648	9.7794	10.9551	10.1824	10.8504	11.8594	11.6753	11.8721	11.7645	12.6299	12.5776	13.1326	12.8930	13.7730	13.9823	14.2619	14.4027	15.5529	15.6726	16.8259	16.4418	18.1552	18.4231	20.0464	20.1919	21.5439
31.4023	31.4216	31.3649	31.3597	31.3517	31.4353	31.4454	31.3896	31.4494	31.4547	31.3247	31.2942	31.3975	31.2423	31.2468	31.3561	31.2459	31.2296	31.2152	31.1966	31.0662	30.9838	30.8998	31.0309	30.9172	30.8619	31.0288	30.8979	30.5059	30.5641	30.8053	30.8814	30.5304	30.7157	30.6946	30.7383	30.6320	30.6643	30.4185	30.2988	30.4712	30.5840	30.4344	30.2211	30.4184	30.4340	30.2887	30.2160	30.3697	30.3478	30.2734	30.2831	30.4506	30.3231	30.2747	30.3337	30.5116	30.5835	30.4780	30.3526	30.5663	30.6608	30.5419	30.5100	30.6680	30.5415	30.4892	30.6752	30.4502	30.4193	30.6169	30.4921	30.5287	30.6053	30.5687	30.5763	30.7961	30.6800	30.9213	30.9177	29.4447	29.0047	28.6154	28.7256	28.9068	28.6465	28.2696	28.3591	27.9815	27.9471	27.7743	27.7067	27.4644	27.2272	27.6320	27.2047	26.9053	26.2758	26.7066	26.8543	26.5943	26.3613	26.0057	26.4159	26.5522	26.0316	25.6520	25.4415	27.1319	27.2654	26.2376	25.1277	24.3368	25.7781	26.0760	24.9109	23.5801	24.6314	23.1671	22.4920	20.6552	21.1168	22.8219	22.3503	20.8340	21.6672	20.7990	21.3964	21.2957	20.8233	20.5017	18.6039	17.2612	16.9547	15.6580	14.5958	14.5713	12.9727	12.8325	12.3371	12.0173	11.1865	10.7620	10.0547	10.1517	9.5156	8.5567	7.8028	8.5289	7.5306	6.4380	6.1591	6.8991	5.7573	4.7982	4.5105	4.2181	4.1927	3.5587	2.8315	2.4929	2.3443	1.5963	1.7264	1.4206	1.3367	0.8461	0.7364	0.6430	0.4658	0.2710	0.2500	0.2893	0.5426	0.6598	0.6999	0.9504	1.2854	1.4458	1.6737	1.9451	2.3116	2.4620	2.8219	3.4274	3.6499	3.7089	4.2925	4.7145	5.2745	5.4283	5.9040	5.7215	6.6945	7.0461	6.9845	7.9421	8.6180	8.6226	8.7697	9.4392	10.0627	9.7224	10.0679	10.7212	11.0039	10.8372	11.6212	11.9524	12.1401	12.5799	13.0953	12.6438	13.3953	14.1398	14.2996	14.5465	14.4274	15.0939	15.5527	15.7409	15.6247	17.0579	16.7631	17.9317	17.9694	19.5001	20.7076	20.7644	20.7477	22.3184
31.3736	31.4018	31.2867	31.3589	31.2629	31.3225	31.4516	31.3437	31.4298	31.3946	31.3609	31.2763	31.3297	31.2281	31.2041	31.2491	31.2223	31.1514	31.0931	31.1123	31.0123	30.7699	30.8854	30.9007	30.8988	30.6370	30.9333	30.8570	30.5564	30.5875	30.7216	30.5129	30.5038	30.6188	30.6003	30.6127	30.4851	30.5448	30.2894	30.2597	30.2174	30.2668	30.2400	30.0787	30.3051	30.1607	30.0794	30.0964	30.1692	30.1233	30.0159	30.1400	29.9362	29.9542	30.0361	30.0999	30.2751	30.3374	30.2675	30.0776	30.3309	30.4964	30.1928	30.3260	30.3633	30.4499	30.4182	30.5906	30.4826	30.1851	30.6446	30.5143	30.3948	30.4232	30.7031	30.6006	30.5037	30.5158	30.9114	30.8510	29.5410	29.4497	28.9249	28.5912	28.8645	28.6644	28.4620	28.4559	28.1438	27.8730	27.9433	27.8242	27.8762	27.4106	27.8237	27.2526	27.3418	26.6498	26.5217	27.2147	26.8628	26.3135	26.2272	26.5004	27.4760	26.0374	25.6026	25.1669	26.2732	26.9742	25.9263	25.0928	23.7168	25.2289	25.7336	24.6963	22.6524	23.4898	22.2795	22.6801	20.6412	20.9925	21.4693	21.5172	21.3136	20.4275	20.5352	20.5852	20.9714	20.7503	19.9657	18.8107	17.5178	18.1265	15.4942	16.0706	14.5314	13.4678	12.9963	12.1680	11.7177	11.0638	10.8552	10.7071	10.0372	9.3648	8.6681	7.7115	7.3717	8.3327	7.5008	5.4695	5.8786	6.6735	5.3094	4.7100	4.4578	4.7942	3.9413	3.0546	2.7944	2.4922	2.1742	1.8961	1.6388	1.3890	1.3667	0.7621	0.8351	0.7684	0.4559	0.2856	0.2500	0.3162	0.5514	0.8436	0.7033	0.9601	1.3590	1.4376	1.8233	1.9491	2.0665	2.4932	3.2430	3.3713	3.7194	4.1031	4.5009	4.5818	5.2138	5.5137	5.2833	6.0656	6.8585	6.9566	7.1015	8.0041	9.0135	8.3448	8.7775	9.6154	9.6286	9.6111	10.2291	10.5329	10.8699	11.3201	11.0846	11.8160	13.1596	12.2327	12.4157	13.8768	14.3145	13.6737	14.3336	15.6958	15.6099	16.0270	16.2166	17.0067	16.8968	18.1473	17.9831	19.7071	20.2072	21.2668	21.8582	21.5486	23.2771
31.3105	31.3133	31.2387	31.3625	31.2244	31.2318	31.4812	31.2724	31.3358	31.3565	31.2491	31.1934	31.2320	31.1931	31.0958	31.0634	31.1447	30.9655	30.9011	30.9389	30.8736	30.7540	30.5264	30.6385	30.8501	30.5918	30.5859	30.5701	30.3680	30.2944	30.4420	30.5416	30.6056	30.2514	30.1851	30.3228	30.0308	30.1955	30.1144	29.8583	29.9657	30.0875	29.8550	29.8810	30.0134	29.8743	29.9344	29.8858	29.8122	29.9858	29.9540	29.8127	29.9938	29.5083	29.8532	29.7534	30.1196	30.1105	30.0642	29.9282	30.2739	30.3234	30.2040	30.2398	30.4059	30.3180	30.4516	30.4666	30.3555	30.2736	30.5568	30.4190	30.4751	30.5615	30.5233	30.6311	30.6449	30.6650	30.8319	30.8369	29.7346	29.2283	28.5820	28.6316	28.6154	28.4471	27.9869	28.0546	27.6529	27.5108	27.3826	27.2370	27.5675	27.1083	27.4991	26.5694	26.7194	26.5022	26.4748	26.7346	26.2563	26.7937	26.1654	26.4006	26.8155	24.7598	25.7068	24.8466	25.6519	26.6338	25.7866	24.1330	23.7864	25.0332	25.6495	24.0494	23.1906	23.5252	21.9652	21.6871	20.0068	19.9761	20.9743	21.4658	19.8195	19.4549	19.6520	20.8506	20.9887	20.4315	19.2581	17.9891	16.9380	16.9005	14.7688	14.3242	14.4783	13.3555	12.1386	11.0802	11.5688	10.6919	9.5802	9.3043	9.8947	9.0236	7.8726	7.8761	8.4661	7.5115	6.7791	6.9332	6.0026	5.5102	5.7484	5.2328	4.1343	4.2920	4.3205	3.6425	2.7517	2.4336	2.2159	2.0137	1.5740	1.5190	1.5220	1.1635	0.8384	0.7307	0.5687	0.4601	0.2771	0.2500	0.2962	0.5345	0.7900	0.6868	0.9253	1.4849	1.6118	1.7764	1.7131	2.0608	2.7134	2.5826	3.1012	3.5091	3.8148	4.1697	4.4716	4.9337	5.1332	5.4733	5.6926	5.9035	6.1104	6.8995	7.2087	7.5124	7.7933	7.8423	8.3635	8.7064	9.0396	8.7699	9.7208	10.6005	10.0583	9.9725	11.4846	10.8940	11.5782	10.6697	13.0178	12.4913	11.8351	12.6244	13.9481	14.2257	13.7171	14.0464	15.3608	15.5691	17.1922	16.7125	18.0539	19.0480	20.2585	20.3955	22.0649
31.4039	31.3957	31.3427	31.3680	31.3042	31.3793	31.5152	31.3515	31.4555	31.4128	31.4107	31.2970	31.3667	31.3151	31.2797	31.3645	31.3399	31.2121	31.2353	31.2042	31.0728	31.0262	30.9927	30.9337	30.9945	30.8861	30.8943	30.7769	30.5356	30.5333	30.6298	30.7550	30.6444	30.6470	30.6090	30.8168	30.2290	30.6048	30.5888	30.1918	30.3377	30.2912	30.2156	29.8511	30.2304	30.0820	30.1387	30.1072	29.9981	30.1183	30.1020	30.1814	30.1287	30.0370	30.1455	30.0632	30.3935	30.4307	30.3133	30.2206	30.4338	30.6657	30.3103	30.5251	30.5536	30.6425	30.5962	30.7467	30.5486	30.4517	30.6997	30.6675	30.6086	30.6689	30.7246	30.7292	30.9939	30.7856	30.9388	30.8133	29.4926	29.0842	29.0982	29.0108	29.0684	28.9376	28.7482	28.6811	27.9899	28.2798	27.8938	27.4110	27.5889	27.5418	28.0257	27.4398	27.3827	26.8423	26.7530	27.1421	26.7142	25.8364	26.2044	25.9659	26.9402	26.1112	24.7607	25.3131	25.8985	26.4592	25.7302	24.8739	24.3345	26.0069	26.5381	24.4290	22.9837	24.2239	22.1818	22.2902	19.9824	20.2985	21.4842	21.1872	19.8046	20.4081	19.8709	21.1856	20.5136	21.1823	19.3383	18.8857	17.0807	16.8807	15.7993	15.1860	14.0340	13.5156	12.5441	11.6632	11.6585	11.6975	11.0304	9.9857	10.0550	9.4148	8.9746	7.9108	8.6398	8.0968	7.0249	7.3910	6.8307	6.1520	5.5894	5.7460	4.8565	4.6219	4.0567	3.6644	3.3478	2.8279	2.4712	2.4186	2.2625	1.6476	1.6490	1.5024	1.2106	0.8636	0.7772	0.6021	0.4561	0.2800	0.2500	0.3348	0.6094	0.7416	0.6689	0.9810	1.4286	1.6302	1.7313	2.0067	2.4483	2.6781	3.2085	3.3328	3.6783	3.9478	4.5489	4.8632	4.9233	5.5088	5.8735	6.0425	6.4959	7.1608	7.4049	7.4707	8.0483	8.5473	8.3777	8.8913	9.1759	9.6241	9.5390	10.5661	10.0135	10.7512	11.0712	11.6225	11.2432	11.5112	11.8327	12.4029	12.7142	12.1010	13.2069	13.4861	13.6331	13.8678	14.9888	14.4690	15.8126	15.9094	17.1665	19.2617	19.3198	19.5984	21.2381
31.3818	31.4112	31.3443	31.4011	31.3076	31.3925	31.4690	31.3238	31.4025	31.4431	31.2915	31.2179	31.2707	31.2440	31.1321	31.1895	31.2404	31.0844	31.0801	31.1401	31.0131	30.7810	30.9329	30.9109	30.8485	30.7382	30.7867	30.7779	30.5375	30.6430	30.6255	30.5379	30.4938	30.5078	30.4102	30.6317	30.3987	30.3812	30.5036	30.3534	30.4163	30.3911	30.3136	30.2341	30.3002	30.2741	30.2795	30.1240	30.1320	30.3537	30.0746	30.1533	30.1877	30.1692	30.1221	30.1909	30.4290	30.4598	30.3070	30.2392	30.4717	30.5004	30.3343	30.3580	30.5522	30.4437	30.3770	30.5127	30.3512	30.1352	30.5572	30.3448	30.2972	30.3796	30.5500	30.4852	30.5792	30.4938	30.8296	30.8860	29.9625	29.7373	29.1728	28.9899	29.1364	28.9495	28.6317	28.7337	28.1012	28.4078	28.0460	27.9915	27.8249	27.2956	27.6659	27.7630	27.4646	26.4315	26.4682	27.0403	26.8228	26.2991	26.1726	26.4901	26.6156	25.8389	25.4622	24.6817	26.9692	26.9631	26.3195	23.9212	23.5447	26.1398	25.8335	24.7771	23.6285	25.5033	23.2620	23.4193	20.7983	21.9445	22.7049	23.1456	21.2289	21.6891	21.3908	21.8672	21.2076	22.0537	20.1274	20.0407	18.4037	18.4328	17.2161	16.1245	14.3485	15.0174	13.8610	12.6405	11.9411	12.0603	11.3016	10.4525	10.3325	9.9675	9.6733	8.6665	8.1489	8.6304	7.6040	6.9984	7.2119	6.5808	5.5380	5.1337	5.2430	5.2189	4.3766	3.5921	3.7276	3.4621	2.7239	2.4526	2.3551	2.1904	1.5410	1.6755	1.4384	1.3284	0.8732	0.6196	0.6607	0.5180	0.2879	0.2500	0.3143	0.6200	0.7223	0.8031	1.1525	1.5776	1.8058	1.8244	2.3532	2.5588	3.0004	3.2770	3.6062	4.1585	4.1702	4.7649	4.8468	5.5933	6.3140	6.1064	6.3147	7.7556	7.8725	7.2549	8.5788	9.3293	8.9987	8.8288	9.8733	10.7729	10.2461	10.4871	10.8130	11.5441	12.3398	11.1967	12.0245	12.6747	12.4703	12.6603	13.1925	13.9208	13.8064	14.5149	15.4729	15.0089	15.3819	16.4544	17.1668	17.3018	19.5161	19.3065	21.2266	21.2271	22.1468
31.2136	31.2894	31.1484	31.2444	31.1366	31.2017	31.4329	31.2867	31.2704	31.3196	31.2782	31.1613	31.1742	31.1823	31.0275	31.1746	31.1783	31.0527	31.0426	31.0589	30.9053	30.7350	30.7154	30.7909	30.8062	30.6871	30.7923	30.6118	30.4555	30.4699	30.5277	30.3188	30.2753	30.4202	30.3432	30.4209	30.0930	30.2737	29.9802	29.9191	30.1122	30.0968	29.9984	29.8220	29.9798	29.9003	29.8886	29.8505	29.9112	29.8452	29.7442	29.6900	29.6302	29.6583	29.5415	29.4695	29.8919	29.9510	29.8398	29.5976	30.1613	30.1921	30.1686	30.2359	30.2824	30.3068	30.2837	30.4781	30.4265	30.0711	30.3813	30.3483	30.3376	30.2626	30.5392	30.6363	30.4562	30.5173	30.8565	30.7946	29.4338	29.0318	28.8013	28.4745	28.6659	28.5914	28.2538	28.1823	27.6882	27.6679	27.5908	27.1279	27.4471	26.9538	27.8995	27.0903	26.7359	26.6377	26.6783	26.8560	26.4849	26.6794	26.3139	26.9494	27.0092	25.7900	26.2845	25.5584	26.3777	26.6973	25.7085	25.3600	23.8912	25.4454	25.2469	24.6212	23.5151	24.3051	23.2512	21.8601	21.3342	20.3992	21.4393	22.1626	22.0542	20.5201	21.0883	21.2627	20.8391	20.4310	19.9827	19.1980	18.0873	17.8253	16.5310	15.8957	15.3780	14.7221	13.6666	12.8806	12.7104	11.5587	11.4685	11.2345	11.1635	9.4360	9.6502	9.6259	9.4010	8.6060	8.4045	7.7178	7.2075	7.4169	6.7361	5.6203	5.8165	6.3599	5.6750	4.6508	4.1350	4.2949	3.5174	3.1318	2.8138	2.4601	2.2306	1.7497	1.7402	1.6714	1.5914	0.9042	0.9510	0.7481	0.5390	0.2921	0.2500	0.3536	0.6017	1.0075	1.0157	1.3781	1.3552	1.8374	2.0853	2.3214	2.7078	3.2568	3.3952	3.7151	4.2384	4.6595	4.9126	5.2086	5.5658	5.7967	6.5457	6.8167	7.2293	7.6185	7.5907	8.1322	8.8808	8.8644	9.2918	9.0222	9.8824	10.1634	9.9972	10.9274	12.0504	11.5674	11.3389	12.1113	12.8829	12.3496	13.0743	13.8412	14.5779	14.2537	14.8243	15.5216	16.3357	16.5988	17.4967	17.8147	19.0368	20.7338	21.0605	20.6030	22.7537
31.3356	31.3359	31.2911	31.3134	31.2643	31.2322	31.4668	31.2183	31.3653	31.3629	31.3038	31.1853	31.1681	31.2333	31.0056	31.1415	31.1851	31.0491	31.0139	31.0672	30.9979	30.7648	30.7167	30.4440	30.8128	30.6141	30.3673	30.5167	30.4100	30.2752	30.2736	30.4024	30.4235	30.2466	30.0945	30.2803	30.1160	30.1916	30.1273	29.7623	30.0516	30.1140	29.8256	29.6370	29.8572	29.8085	29.8348	29.8351	29.7908	29.7682	29.7739	29.8652	29.8428	29.7313	29.8353	29.7575	30.0642	30.1431	29.9590	29.8603	30.0560	30.2845	30.1432	30.0849	30.1811	30.3826	30.3886	30.3702	30.1661	30.3794	30.4366	30.2818	30.3796	30.5555	30.2515	30.5021	30.6569	30.4547	30.5863	30.7939	29.7232	29.5220	28.9087	28.8295	29.1061	28.9873	28.7213	28.7789	28.1100	28.2669	28.1002	27.7334	28.0452	27.7274	27.7704	27.7791	27.6115	27.0963	26.6255	26.9585	26.9361	26.9706	26.6213	26.8633	27.3009	26.7485	25.7153	25.6522	26.0968	26.2226	26.4018	25.1148	24.2568	25.5849	26.1649	25.0030	24.0713	24.5796	23.1526	22.6982	20.7104	21.4540	22.7349	22.4826	21.3892	21.6963	21.3660	22.3335	22.2726	22.4184	21.0472	20.2382	18.4566	19.0986	17.7872	16.4852	15.4022	15.7634	14.2644	12.7878	13.4742	12.4444	11.8136	11.5096	11.3177	10.2716	9.5674	9.1261	9.7822	8.9301	7.8932	8.2773	7.5971	7.3429	6.7631	6.7911	5.8614	5.6485	5.5798	5.1671	4.2771	3.7447	3.7853	3.5575	2.8656	2.7022	2.5232	2.4497	1.7645	1.7645	1.7374	1.4820	0.9833	0.8559	0.7351	0.5410	0.2999	0.2500	0.3446	0.7034	1.4192	1.3201	1.1352	1.2520	1.8514	2.1256	2.3710	2.3525	2.8102	2.9818	3.3069	3.7133	4.0760	4.6053	4.9110	5.0528	5.3065	6.0639	6.2282	6.6024	7.2561	7.3218	7.7268	8.1495	9.0182	8.7597	9.7754	10.5194	10.1723	9.9326	11.3764	11.0316	11.4774	11.6421	12.1424	11.9763	12.3640	12.2803	13.4580	13.9691	13.6765	13.9069	15.3251	15.1361	16.7491	16.7420	18.7507	19.0354	19.6838	20.5286	21.7290
31.4291	31.3125	31.2861	31.2824	31.1777	31.3164	31.4226	31.2482	31.3435	31.3112	31.2057	31.1607	31.2008	31.1974	31.0639	31.1469	31.2336	30.8960	31.0218	31.1248	30.9051	30.6846	30.9917	30.8167	30.8061	30.6156	30.7161	30.6683	30.2154	30.2138	30.4093	30.5895	30.3478	30.3844	30.3666	30.4970	30.2428	30.2910	30.2062	29.9347	30.1697	30.1150	29.8324	29.8291	30.1249	29.8396	29.9660	29.8630	29.8356	29.7666	29.9037	29.7850	29.7301	29.7606	29.8627	29.8032	30.0296	29.9410	29.8934	29.7855	30.0975	30.2240	30.0320	30.0705	30.3294	30.3034	30.0988	30.3964	30.0965	30.2187	30.3813	30.2506	29.9903	30.2340	30.3482	30.3946	30.5136	30.3832	30.6917	30.6228	30.0352	29.4295	28.8311	28.8931	28.8291	29.1694	28.7590	28.4746	28.2243	28.3317	27.8292	27.7846	27.7518	27.4073	27.8956	27.5322	27.5822	27.0414	26.0520	27.3009	27.1592	25.6634	26.6421	25.2090	26.9618	26.1195	24.6310	24.6044	26.6785	27.0419	26.5663	24.5974	24.3277	26.0815	26.4370	25.1522	23.8209	25.0931	23.2912	23.1129	21.1989	22.1088	23.0518	22.5536	20.9158	21.8637	21.6500	21.7893	22.2487	22.4659	21.1280	20.1984	19.1224	18.1142	18.1473	17.1800	15.9345	16.1982	14.1722	12.7891	13.5070	12.7981	11.9880	10.5940	11.2954	10.5328	9.4446	8.5858	9.9718	9.2149	7.8400	7.7725	7.6215	7.8414	6.6040	6.1531	6.4297	6.0860	5.1904	4.8875	4.9147	4.2220	3.4554	3.9704	3.6723	3.0336	2.7195	2.6796	2.5507	2.0601	1.8303	1.6920	1.4041	0.9637	0.8752	0.7278	0.5433	0.2912	0.2500	0.3161	0.8911	1.5721	1.1826	0.9980	1.5522	2.1211	2.3423	2.8167	3.0250	3.1659	3.6577	3.6252	4.2476	4.5021	5.1533	5.4111	5.8433	6.5682	6.6138	6.9683	7.4402	8.1031	8.0182	8.3107	9.1383	9.2861	9.2688	10.0779	9.9055	10.4459	11.1155	10.7698	11.3947	11.2896	12.2008	11.6406	12.7910	12.5549	13.1085	13.5098	13.5821	13.6549	14.5875	14.7611	15.4157	15.9842	17.2818	19.3849	19.2728	20.3291	21.1509
31.4054	31.4896	31.3038	31.4406	31.2963	31.4316	31.5011	31.3791	31.4489	31.4727	31.3639	31.3379	31.3356	31.2799	31.3028	31.3337	31.2822	31.1746	31.2391	31.2649	31.1342	31.0414	30.9279	30.9504	30.9769	30.8869	30.9351	30.8330	30.7075	30.6966	30.6349	30.6252	30.5858	30.6467	30.6311	30.8061	30.5186	30.5587	30.3250	30.3989	30.4004	30.3862	30.2434	30.3454	30.4262	30.3733	30.3692	30.1757	30.1821	30.2372	30.2324	30.1377	30.2486	30.1948	30.1252	30.1957	30.4268	30.4527	30.2895	30.2177	30.4158	30.5522	30.2586	30.3799	30.4791	30.4040	30.5070	30.6281	30.5945	30.5099	30.6060	30.4758	30.5849	30.4728	30.6171	30.6547	30.7290	30.6116	30.9313	30.9735	30.2755	30.0761	29.6396	29.4102	29.6559	29.5861	29.1401	29.1455	28.9180	28.7916	28.5765	28.5950	28.3850	27.8444	28.4431	27.7128	27.2162	26.9347	26.9340	28.0991	26.8617	26.2252	26.5988	26.1037	26.9736	26.3895	25.4322	26.0623	26.7038	27.6266	26.9641	24.4083	25.0982	26.6610	27.0442	25.8221	24.5622	25.1847	24.0738	24.7556	23.2555	22.9326	23.4695	23.8515	22.9818	22.2640	22.3094	22.6887	22.6003	22.0601	21.0310	22.3155	19.7462	20.1666	18.7864	17.7743	17.1742	16.7732	16.2321	15.5134	14.1405	14.5321	13.7371	12.9470	13.1586	12.3244	12.0742	11.3357	10.6480	10.8460	10.1379	9.7558	8.6623	9.0822	8.4327	7.4907	7.6469	7.6017	7.0591	5.8510	5.9692	5.5999	4.7749	4.2818	4.1052	4.2854	3.4123	3.1274	2.9684	2.9699	2.1381	2.1807	2.0494	1.6960	1.1142	0.9325	1.1037	0.6912	0.3004	0.2500	0.4739	1.1598	1.2729	1.4835	1.7547	2.2903	2.7505	3.0535	2.9222	3.7796	4.0838	4.5267	4.4773	5.1815	5.5405	5.7129	6.1163	6.9027	7.5499	7.5765	7.8893	9.1156	9.0820	8.9191	9.8580	10.3414	10.8198	10.9829	11.0306	11.3864	12.8830	11.9886	13.1691	12.9315	13.6979	13.0050	14.6591	14.7231	14.7245	16.1370	15.9132	16.5442	16.1725	17.9799	18.4766	17.9173	19.3644	19.9729	21.4968	22.2925	23.4157
31.2177	31.1657	31.1405	31.0919	31.1798	31.0965	31.3197	31.1289	31.2187	31.1859	31.1948	31.1025	31.0090	31.0855	30.9914	30.9694	30.9675	30.8747	30.8698	30.9073	30.8290	30.6517	30.6148	30.6158	30.6649	30.4500	30.3773	30.2771	30.1853	30.0757	30.2738	30.0663	30.1892	29.9799	30.1769	30.1730	30.0084	30.2413	29.7813	29.7318	29.7905	29.8761	29.6241	29.5546	29.7346	29.6286	29.5873	29.3952	29.6146	29.4021	29.4984	29.4301	29.5112	29.4945	29.4028	29.4070	29.7692	29.6000	29.7316	29.4310	29.8981	30.1806	29.6796	29.9883	30.1139	30.1261	30.1545	30.2948	30.0586	29.9122	30.1354	30.1111	30.0224	30.0579	30.0844	30.3614	30.1749	29.9900	30.4665	30.5063	29.3943	28.9967	28.9066	28.5112	28.8244	28.7788	28.4892	28.2111	28.0536	27.9322	27.4985	27.5888	27.6186	27.1934	27.7809	27.0924	27.4735	27.5541	27.5701	27.5064	27.3137	27.6851	26.7434	27.5062	27.3502	26.6676	26.5787	26.5337	27.0215	27.8084	26.6290	25.9743	25.7233	26.6352	27.1371	26.4006	24.8735	25.3113	24.3468	24.6898	22.9011	23.2504	23.6000	24.1243	23.1006	22.9841	22.0725	22.1288	23.3329	22.6958	21.8255	20.2932	20.3618	18.9908	18.2343	17.3579	16.8385	17.2364	15.5859	14.8355	15.2217	14.0406	13.0806	13.1147	12.4601	11.8572	11.6847	10.8945	10.8515	9.8766	10.0408	9.6831	8.8690	8.6094	8.7608	7.9240	7.2797	7.4185	7.1504	6.3119	5.6662	6.3574	5.7997	5.2200	4.8547	4.4554	4.2346	3.8583	3.2056	3.1471	2.8510	2.3522	2.3423	2.0222	2.0731	1.3605	0.9394	1.0181	0.7378	0.3822	0.2500	0.6532	1.1310	1.7516	1.6724	1.8946	2.3953	2.6136	2.9469	2.8814	3.6896	4.0775	4.5434	4.6881	5.0785	5.5137	5.8391	6.1728	6.6047	7.1989	7.2005	7.5351	7.9748	8.6581	8.8480	9.1063	9.4985	10.1047	9.9287	10.4795	11.7180	11.2383	11.4879	11.6686	12.7366	12.4859	12.9301	13.7172	14.1040	13.9810	14.7462	15.6095	15.9877	16.6231	17.9007	18.1688	19.4020	20.9961	20.7563	21.5001	22.9378
31.3084	31.2907	31.2454	31.2463	31.2253	31.2140	31.4058	31.2700	31.3134	31.2833	31.2197	31.1936	31.1618	31.0953	30.9886	31.0766	31.1515	30.9515	30.9598	31.0455	30.8890	30.6940	30.6369	30.5977	30.7225	30.4563	30.5413	30.3649	30.1514	30.2115	30.3658	30.2903	30.0736	30.1442	30.1135	29.9726	30.0293	29.9682	29.9331	29.6207	29.7445	29.8437	29.7522	29.6323	29.5837	29.7142	29.6333	29.6270	29.6519	29.6389	29.6478	29.6330	29.6984	29.5688	29.5798	29.4969	29.8178	29.9274	29.9064	29.6230	30.0280	30.2026	29.9709	30.0518	30.1787	30.2286	30.0493	30.1043	30.3324	30.3142	30.2452	30.1897	30.2826	30.2533	30.3724	30.5167	30.4244	30.2215	30.6418	30.6230	29.7302	29.6239	29.1097	29.2666	29.4796	29.1602	29.0432	29.1397	28.8024	28.6123	28.5421	28.6477	28.4701	28.2577	28.6001	28.2878	28.4164	28.1500	27.5231	28.1735	28.3012	28.1414	27.6784	28.1165	27.9791	27.2048	27.3607	26.9955	27.7484	27.8880	27.3816	26.5768	25.5267	26.8064	26.8723	26.3806	25.4483	25.7722	24.7305	25.0266	23.1366	23.5946	23.8994	24.3752	23.5739	22.6720	22.9214	23.9553	23.9198	23.3486	21.9733	22.1948	20.2994	20.6752	20.5975	18.9763	18.2851	18.0047	17.2731	16.1171	16.2049	15.5510	15.0877	14.6284	14.5161	13.2959	12.7889	12.7145	12.7658	11.5458	11.0143	11.4831	10.7129	10.5835	10.0673	9.7496	8.9919	8.9840	8.7540	8.0991	7.3521	6.9874	6.9652	6.3284	5.3754	5.3810	4.9183	4.2905	3.8922	3.6050	3.7302	3.3175	2.4473	2.3987	2.3001	2.0139	1.6037	1.1000	1.3081	0.8920	0.4139	0.2500	0.4907	0.9252	1.5894	1.2302	1.5190	2.2963	2.3431	2.3035	2.6470	3.5887	3.3833	3.6177	4.6475	4.9216	4.8067	5.4939	5.9860	6.0967	6.3877	6.5718	7.2432	7.4535	7.8846	8.0919	8.5489	9.2599	8.9950	9.3755	10.7118	10.3703	10.2743	10.2940	11.5969	11.4219	11.5043	11.8422	12.6376	12.8793	12.4498	13.8311	15.0772	14.6950	15.9751	16.7507	18.0710	18.6623	19.8147	21.2339	21.9706
31.3633	31.4143	31.3047	31.3319	31.2601	31.2624	31.4266	31.3539	31.4158	31.3852	31.3257	31.3133	31.3034	31.1971	31.1226	31.3246	31.2385	31.1811	31.1982	31.2201	31.0698	30.9113	31.0239	30.9456	30.9296	30.8870	31.0008	30.6790	30.5034	30.5609	30.7232	30.6296	30.4918	30.6672	30.4393	30.6368	30.3190	30.6122	30.3545	30.0898	30.2239	30.3604	30.0838	29.9563	30.2516	30.0770	29.9589	30.0084	29.9318	29.9995	29.8051	29.7987	29.9436	29.7455	29.7986	29.8404	30.1369	30.1837	30.1324	30.0039	30.2184	30.3684	30.2607	30.2585	30.3389	30.6115	30.4042	30.6023	30.4091	30.4363	30.5681	30.5634	30.7330	30.6780	30.4790	30.5166	30.7451	30.6065	30.7364	30.8938	30.1590	29.6752	29.3303	29.2481	29.5719	29.2026	29.1860	29.1844	28.8705	28.6896	28.8838	28.5556	28.9288	28.5901	28.7061	28.7541	28.5372	27.9800	27.8957	28.3301	28.3125	28.1557	27.4156	27.7087	28.1290	27.3812	26.7338	26.5580	27.2423	27.6689	27.0845	26.4508	25.2337	26.4787	27.1689	25.5681	24.7679	25.6788	24.5342	24.6285	23.1947	23.3810	23.9738	23.8283	23.5321	23.9494	22.1831	23.4605	23.0221	23.4904	22.7219	21.8324	20.7534	20.6336	19.4005	18.4568	17.9057	18.4628	16.3026	15.5183	16.5227	14.7668	14.1068	13.8739	14.0162	12.9774	12.1049	11.6009	12.2428	11.1832	10.7651	10.4627	10.1991	10.1558	9.2250	9.2402	8.5991	8.4865	7.9248	7.3606	7.0798	6.5934	5.9250	6.4429	5.6416	4.9619	4.9046	4.6569	4.1459	3.8483	3.2908	3.4292	2.6772	2.5121	2.3132	2.1988	1.7146	1.4160	1.0978	1.2060	0.8931	0.3453	0.2500	0.4395	1.0543	1.1294	1.0139	1.3455	1.9201	1.8013	2.1721	2.3040	3.0270	3.0123	3.3620	4.0137	4.3413	4.6997	4.9256	5.4066	5.4681	5.9721	6.2217	6.7234	7.1496	7.1621	7.7785	8.3479	8.0790	8.6817	9.5468	9.5387	10.0930	10.0730	10.2925	10.6026	11.3311	11.2738	11.6114	12.4802	12.1847	12.3433	13.7939	13.2566	15.3878	15.4423	16.9351	17.6559	18.9687	19.4087	20.3415
31.3599	31.3811	31.2739	31.3518	31.2352	31.2293	31.3921	31.1913	31.3130	31.2504	31.2845	31.1942	31.1978	31.2041	31.0476	31.1203	31.2182	31.0405	30.9704	31.0531	31.0236	30.7744	30.7768	30.7873	30.7788	30.6076	30.6836	30.6010	30.2730	30.4674	30.6065	30.5338	30.4198	30.4782	30.4240	30.5441	30.4677	30.5052	30.3751	30.2208	30.2675	30.1911	30.1791	30.0631	30.4780	30.0670	30.2277	29.9506	30.1063	30.0982	29.9722	29.9546	29.7659	29.9215	30.0310	30.0264	30.1020	30.2015	29.9874	30.1842	30.1069	30.3473	30.0532	30.1539	30.2742	30.3813	30.2964	30.4893	30.3131	30.0731	30.4586	30.2349	30.2828	30.2403	30.3084	30.3962	30.3478	30.4308	30.7334	30.5039	30.3278	29.9524	29.4632	29.2586	29.2170	29.3420	29.3468	28.9265	28.7617	28.8190	28.2948	28.1365	28.2108	27.9880	28.4999	27.9645	27.9409	27.5867	26.7924	27.9032	27.7507	26.4012	27.3091	26.3998	27.6158	27.2537	25.6304	25.9951	27.1810	27.4943	26.9098	24.5237	25.3000	26.4342	26.7321	25.8120	25.6434	26.1631	24.8747	25.3631	22.0652	23.8374	24.4662	24.1039	22.7624	23.5376	23.2743	22.9751	23.9152	23.4218	22.8723	22.8608	20.3988	20.2951	19.8632	18.5565	18.0547	17.8022	16.8768	15.4034	15.4845	15.5812	14.1216	13.6111	13.9312	12.9893	12.7789	11.6147	11.7302	11.2423	10.2737	9.8808	9.7839	9.4329	8.9502	8.6687	7.8452	7.8315	7.3015	6.2038	6.8997	6.3721	5.3741	5.2865	5.9058	4.9684	4.1630	4.5700	4.1666	3.6369	3.4566	3.0493	3.1728	2.5070	2.2590	2.1001	1.9285	1.3893	1.1389	1.2952	1.3311	0.8314	0.2876	0.2500	0.3361	0.6690	0.8596	0.8131	1.0818	1.5074	1.8709	2.0091	1.8747	2.5894	2.8519	2.9649	3.5664	3.8275	4.3928	4.2416	5.0637	5.2706	5.5585	5.5941	6.4908	6.9334	7.0138	7.4009	7.9185	8.0281	8.9666	8.3991	9.1483	9.8476	10.0619	9.9539	10.7783	11.1046	10.9913	11.6747	12.1106	12.3819	13.0161	13.6607	14.6314	15.3171	16.0803	17.0625	18.8793	18.9702	20.0099
31.2904	31.2485	31.2051	31.2642	31.1362	31.1705	31.3790	31.1334	31.3106	31.3290	31.1714	31.1291	31.0352	31.0247	30.9935	30.9461	31.0880	30.9825	30.8532	30.8664	30.8454	30.6108	30.5553	30.6560	30.7681	30.4518	30.5480	30.3863	30.1628	30.2155	30.3281	30.1563	30.2185	30.0864	30.2543	30.4290	30.1337	30.1786	29.9283	29.7913	29.9053	30.0338	29.7401	29.6897	29.8378	29.7915	29.6888	29.5813	29.6142	29.7440	29.5940	29.5630	29.4243	29.4863	29.5941	29.6671	29.9148	29.9561	29.9025	29.6632	29.9214	30.0702	30.0421	30.0456	30.1219	30.1283	30.0337	30.1144	30.1044	29.9925	30.1083	30.0728	30.0719	29.9389	30.3224	30.4237	30.4090	30.3725	30.6781	30.6197	29.7908	29.5331	29.2377	29.0819	29.1411	29.0400	28.8459	29.0667	28.3502	28.3764	28.0523	28.2863	28.1698	27.7845	28.4156	28.1083	28.2350	27.9081	27.5743	27.6742	27.8178	27.8423	27.3803	27.4089	27.6519	26.9055	26.8428	27.1412	27.2551	28.2203	26.7186	26.4084	26.1508	26.9537	27.1523	26.6042	26.2655	26.0335	25.9798	25.6122	23.9565	24.7650	25.0148	25.3765	24.8766	25.0352	23.2454	24.0363	24.9557	24.9786	24.1779	23.1419	22.5205	21.3688	20.2105	19.8220	18.4014	18.7038	17.7118	17.5026	16.8480	15.4982	15.2667	15.0040	14.2084	13.7112	13.3783	12.3764	12.2382	11.7173	11.3822	11.3881	10.5762	9.8878	9.9113	9.6127	8.7994	8.7209	8.7342	7.9442	7.0147	7.0706	6.2956	5.9820	5.7817	6.1711	5.1810	4.7203	4.6386	4.6718	4.1035	3.7619	3.3036	3.2029	2.9645	2.6489	2.2687	2.1201	1.6077	1.6706	1.3566	1.2683	0.6667	0.3013	0.2500	0.4208	0.7178	1.0218	0.9597	1.0611	1.8404	2.0258	1.9757	2.0859	2.8898	3.1364	3.2649	4.2694	4.3470	4.3795	4.7607	5.4155	5.5250	5.6035	6.1826	6.7956	6.9501	7.1863	7.1720	7.8534	8.3121	8.4234	8.8874	9.5636	9.8613	9.5557	10.6252	11.3329	11.0451	11.3584	12.2845	13.1850	12.5760	14.4059	14.6639	15.8819	16.8938	19.1239	19.3496	20.2707	22.2820
31.3254	31.3129	31.2378	31.2568	31.1534	31.2236	31.3187	31.1988	31.3134	31.3020	31.2192	31.1564	31.0920	31.1576	31.0407	31.0845	31.0934	30.9247	30.8316	31.0258	30.9210	30.7447	30.7424	30.6815	30.7467	30.4169	30.5858	30.3257	30.2127	30.2931	30.3112	30.1686	30.0765	30.2617	30.0146	30.3397	30.0493	30.1648	29.9560	29.6454	29.8439	29.9324	29.6721	29.6127	29.8619	29.6814	29.5946	29.6463	29.6634	29.6782	29.6405	29.6853	29.5777	29.4236	29.5729	29.5505	29.8525	29.9085	29.9049	29.5109	29.9695	30.2704	29.9963	30.1160	30.1038	30.2577	30.2102	30.3088	30.2261	30.2357	30.2497	30.3039	30.3173	30.3272	30.4117	30.5072	30.5572	30.4174	30.6804	30.7056	29.8929	29.6035	29.1753	29.0947	29.3217	29.1715	28.9819	28.9779	28.5812	28.4900	28.3250	28.0805	28.3001	28.0378	28.5179	28.2865	28.4770	27.9923	27.7436	28.1575	27.9320	27.8456	27.3017	27.5997	27.7856	27.0039	26.4941	26.3929	27.0129	27.8290	27.0115	26.2932	25.2271	26.7941	26.8911	25.9742	25.0456	25.4294	24.6690	24.9024	23.6052	24.0610	23.7954	24.1957	24.1346	23.1928	22.9072	23.9359	24.3978	23.7619	22.9815	22.5298	20.8049	21.3159	20.3548	19.0931	18.4367	18.5662	17.5921	16.4244	16.6162	16.1845	15.4044	14.8862	14.8858	13.7954	13.2698	13.0469	13.1509	12.3985	11.5117	11.6233	11.2260	10.9957	10.6039	10.2711	9.3511	9.8251	9.3116	8.3998	7.7682	7.7940	7.1430	6.7279	5.9268	6.3200	5.9897	5.1616	4.6109	4.9025	4.3379	3.8373	3.5330	3.3156	3.1317	2.6791	2.6632	2.1267	1.9730	1.8709	1.4482	1.3760	0.8795	0.5792	0.2820	0.2500	0.3362	0.6909	0.8478	0.7391	1.1133	1.5977	1.7005	1.9541	2.0239	2.7200	2.5731	3.1414	3.4812	3.8699	4.0590	4.2909	4.5430	4.7653	5.2929	5.3606	5.9135	6.1861	6.3003	6.4551	7.4481	7.4962	7.8525	7.9390	8.2226	8.8033	8.9228	8.8880	9.5491	10.1394	10.1824	11.2658	11.9652	11.9820	13.7950	13.9336	15.6330	16.7712	17.8263	18.9771	20.0260
31.3209	31.3286	31.2158	31.2773	31.2170	31.2323	31.3574	31.2700	31.3388	31.3386	31.2777	31.2759	31.2080	31.1769	31.1536	31.1731	31.2011	31.0917	31.0813	31.1813	30.9845	30.8019	30.8365	30.8134	30.8317	30.6219	30.8019	30.6326	30.3944	30.5277	30.5398	30.6066	30.2951	30.6312	30.4298	30.7539	30.4685	30.6268	30.3200	30.2695	30.3910	30.4151	30.2079	30.0504	30.3590	30.0797	30.0463	30.0365	30.0524	30.0860	30.0951	30.1031	30.1642	29.9701	30.1172	30.0224	30.3796	30.2722	30.2856	30.1771	30.2882	30.5931	30.4204	30.4977	30.5243	30.4525	30.5471	30.6340	30.3729	30.3049	30.6065	30.5365	30.4472	30.5330	30.6334	30.5522	30.6027	30.7250	30.8106	30.7887	30.0234	29.7921	29.4971	29.3487	29.5260	29.3386	29.0952	29.1279	28.8246	29.0940	28.7081	28.6574	28.6036	28.5758	28.6961	28.5156	28.3789	27.6907	27.8930	28.1620	28.2644	27.3002	27.2876	26.9354	27.6387	26.9467	26.3445	26.4966	27.2525	27.7844	27.2250	25.8403	25.5281	26.5761	26.7600	25.6785	25.1858	25.8171	23.9519	24.9541	23.4902	23.5811	23.4061	24.1237	23.4492	23.5453	23.3646	24.0489	23.9732	23.3529	22.9513	21.9841	21.2383	21.1668	19.7908	19.3223	18.8195	19.2484	17.5995	17.1418	17.8120	16.4547	15.7932	15.9897	15.6324	14.4756	13.9941	13.8927	13.5099	12.6614	12.9407	12.3153	11.1544	11.4221	11.1895	10.2713	9.7501	9.7421	9.4853	8.2046	7.8922	7.4656	6.8082	6.6869	6.3656	5.5365	5.8773	6.1273	4.7001	4.3366	4.4458	4.0120	3.4445	3.4995	2.9368	2.8670	2.6131	2.2659	1.9515	2.0485	1.8127	1.2002	0.9113	0.6896	0.5783	0.2938	0.2500	0.3306	0.5885	0.7318	0.7771	0.9532	1.4915	1.4888	1.7880	1.9504	2.4106	2.7568	2.8967	3.4455	3.6731	4.1530	4.1990	4.8196	4.8284	5.1777	5.1528	6.0555	5.9184	6.5139	6.7420	7.1452	7.7620	7.9105	7.9352	8.6925	9.2812	8.7757	9.7744	10.5097	10.4405	10.2988	11.1905	11.3412	12.9765	12.7547	14.4759	15.5706	16.0537	17.0179	18.6085
31.3080	31.3281	31.3072	31.3538	31.1901	31.2854	31.3883	31.2216	31.3548	31.2592	31.2240	31.1371	31.1848	31.1863	31.0990	31.1156	31.1599	31.0075	30.8391	31.0280	30.9927	30.6094	30.7768	30.7917	30.6861	30.5647	30.5837	30.5365	30.4312	30.5138	30.4830	30.4354	30.5556	30.4541	30.6143	30.6484	30.1765	30.5146	30.6638	30.1984	30.6954	30.2720	30.1659	30.2487	30.6087	30.3943	30.5118	30.4701	30.4064	30.4397	30.3341	30.1478	30.0129	30.0754	30.2284	30.1699	30.2402	30.4059	30.1834	30.3756	30.4698	30.3918	30.3361	30.3618	30.3435	30.3282	30.4177	30.4010	30.2529	30.2510	30.5722	30.1727	30.2205	30.3752	30.3927	30.3339	30.2880	30.5437	30.7755	30.7218	30.1787	29.9360	29.7597	29.3881	29.6895	29.7239	29.3758	29.2838	28.9312	29.0946	28.6937	28.7793	28.8726	28.6288	28.8883	28.6163	28.4559	28.1801	27.9529	28.3011	28.0266	27.3074	27.6657	27.1265	27.8274	27.5782	26.8967	27.0514	27.7966	28.1347	27.9497	26.4524	25.8456	26.7936	27.1889	26.4278	26.1418	26.5763	25.6530	25.5189	23.5476	23.5086	25.0925	25.3030	24.0697	24.8455	23.7886	23.8999	23.9401	24.7943	23.3165	23.0144	21.7305	21.3585	20.4397	19.9670	19.1928	19.3231	18.4553	16.5385	17.0080	16.8146	16.1189	14.8934	15.5000	14.6658	13.9923	12.4503	12.9085	12.6246	12.0274	11.2952	11.4077	10.4083	9.7714	9.3610	9.3152	9.1548	8.6522	7.8912	7.3926	7.4402	6.9342	6.3195	6.5459	6.0498	5.2635	5.4640	5.7742	4.8399	4.2410	4.1051	3.9579	3.6868	3.0600	2.7756	2.9680	2.2150	2.1235	2.0599	2.0075	1.8548	1.0088	0.7529	0.7221	0.5425	0.2870	0.2500	0.3427	0.5793	0.7120	0.7265	1.0829	1.6402	1.6935	1.8836	1.8937	2.7650	2.9508	3.0333	3.6353	3.9528	4.2708	4.5424	4.9793	5.0825	5.4588	5.5479	6.1878	6.7207	7.3753	7.2167	7.9701	8.4443	8.6226	8.6393	9.9513	9.9117	9.9614	10.3902	11.1074	11.3967	11.9942	12.6243	13.9545	14.6632	15.4349	16.9026	17.8094	17.3533	18.8515
31.2273	31.3138	31.1726	31.2408	31.1103	31.2070	31.3411	31.1714	31.2592	31.2659	31.1646	31.0187	31.0281	31.0970	30.8959	30.9804	31.0474	30.8181	30.8677	30.9504	30.9009	30.5691	30.5595	30.6196	30.6752	30.3851	30.5242	30.3804	30.1549	30.2360	30.2954	30.0744	30.1093	30.1764	30.1675	30.1907	30.0651	30.1686	30.1351	29.7494	29.9803	29.9958	29.7815	29.6235	29.8358	29.7326	29.5903	29.6218	29.6003	29.6314	29.5004	29.4796	29.4901	29.3460	29.4105	29.2900	29.7227	29.6521	29.8172	29.7369	30.0525	29.9562	29.9358	29.9677	29.9794	30.1015	30.0475	30.1737	30.2560	30.0486	30.0468	30.1074	30.1785	30.0800	30.2257	30.5476	30.4921	30.3451	30.6880	30.8062	30.0690	29.6724	29.4853	29.1954	29.1769	29.2356	29.0731	29.1126	28.7102	28.8002	28.4560	28.6145	28.7329	28.3737	28.6556	28.8968	28.8355	28.4840	28.4424	28.6742	28.5286	28.4478	27.9992	28.0783	28.4038	27.5561	27.1592	27.6902	27.6740	28.2283	27.2533	26.8874	26.6573	26.7364	27.3203	26.8396	26.4805	26.2234	25.5328	25.4314	24.8605	24.9616	24.7505	25.4907	24.9721	24.2249	24.2524	25.1387	23.8479	24.3767	24.1452	23.0413	22.3598	21.8201	20.9417	20.5134	19.2336	20.2526	18.6574	17.9408	18.2409	17.0908	16.1323	15.9789	15.6226	14.6558	14.5485	13.9723	14.1937	13.3556	12.8943	12.4167	11.8336	11.3896	11.3390	10.6528	9.8380	9.5515	9.8350	8.9545	8.0353	7.7654	7.4190	7.0749	6.5099	6.4778	6.2437	5.4617	5.2529	5.9116	5.1953	4.4633	4.4751	4.3648	3.4967	3.0614	3.1681	2.8431	2.1653	2.2803	2.2346	1.9657	1.7355	0.9694	1.0179	0.8250	0.5481	0.2914	0.2500	0.3644	0.6320	0.9095	0.7822	1.0986	1.6260	1.8267	1.8871	2.0437	2.8167	2.8368	3.2753	3.5880	3.9856	4.3039	4.5873	4.8082	5.2745	5.6566	5.6659	5.8130	6.5895	6.7692	6.9000	7.2346	7.8323	8.0395	8.5268	8.7181	9.3125	9.6182	9.6816	10.2741	11.1372	11.7420	12.8527	13.5679	14.7521	16.3117	16.8408	18.0266	18.8861
31.2770	31.2904	31.1813	31.2256	31.1597	31.2226	31.3843	31.1931	31.3321	31.3106	31.2078	31.1504	31.1988	31.0926	30.9900	31.1158	31.0971	30.8836	30.8697	31.0208	30.8437	30.6844	30.7013	30.6337	30.6822	30.4317	30.6956	30.4948	30.2036	30.3008	30.4504	30.3522	30.2459	30.3961	30.1823	30.3461	29.8626	30.2496	30.0226	29.7516	29.9091	30.0387	29.8308	29.7275	29.8512	29.6967	29.6045	29.6311	29.6328	29.6873	29.6238	29.5849	29.6100	29.4997	29.5231	29.3961	29.7471	29.8731	29.7582	29.6206	29.9700	30.1044	29.6767	29.9983	29.8819	30.1194	30.1825	30.2415	30.1625	30.0783	30.1745	30.4113	30.3944	30.4359	30.3631	30.5707	30.5863	30.4404	30.6309	30.5673	29.8504	29.5912	29.2821	29.0187	29.2135	29.3292	29.0807	28.8598	28.7880	28.7686	28.4145	28.5466	28.5369	28.3769	28.5817	28.5305	28.7046	28.4810	28.0303	28.5602	28.2443	28.3742	27.9088	28.0493	28.3279	27.5521	26.9285	27.0192	27.7398	27.9505	27.5060	26.4568	26.4947	26.5972	26.5276	26.4445	25.6947	26.2121	25.4183	25.2865	24.3973	24.5078	24.4014	24.9430	25.5257	24.7546	24.9388	25.0896	24.2359	25.0882	24.9153	23.6876	22.2101	23.0978	21.6971	22.0005	20.8515	20.6338	19.3118	19.8352	19.3353	18.0887	17.6761	18.2746	17.2472	15.9301	16.1024	15.7721	15.6053	14.3700	14.1458	13.8528	12.7958	12.6384	12.5022	11.4007	10.8997	11.1238	10.9390	9.8026	9.1786	8.9799	8.7436	7.6962	7.1468	7.0435	6.7565	6.5971	5.8908	5.8660	5.8520	5.1390	4.1975	4.6120	3.9257	3.6308	3.4308	2.8734	2.8733	2.6503	2.3323	2.0918	1.8707	1.4735	1.0879	0.9188	0.6984	0.6424	0.3121	0.2500	0.3437	0.6497	0.9528	0.8694	1.2483	1.6294	1.7179	2.0385	2.2098	2.6590	2.6161	3.0995	3.5271	3.7296	4.1674	4.4197	4.7262	4.9809	5.1591	5.3340	5.9532	6.1827	6.6935	6.6910	7.0588	7.2908	8.2856	8.3836	8.3881	9.3266	9.3104	9.9056	11.2061	11.1467	12.9064	12.6783	14.3397	14.9437	16.0711	17.0626	18.4736
31.3374	31.2974	31.1982	31.2620	31.1802	31.2098	31.3096	31.1534	31.3281	31.2952	31.2016	31.1486	31.1294	31.0024	30.9767	31.1123	31.1668	30.9344	30.8784	30.9492	30.7002	30.5550	30.6185	30.6845	30.5656	30.3225	30.4905	30.5201	30.1948	30.2169	30.4600	30.4452	30.0557	30.2663	30.3360	30.4518	30.2629	30.3947	30.3395	30.0917	30.2906	30.4372	30.3175	30.0701	30.3213	30.3296	30.2002	30.0883	30.1991	30.2557	30.0787	30.1209	30.2106	30.1269	30.0426	29.9437	30.2763	30.2339	30.3659	30.1295	30.4097	30.4553	30.3016	30.3784	30.4431	30.3184	30.3817	30.4015	30.1495	30.0804	30.3871	30.2550	29.9619	30.2332	30.2086	30.3194	30.3896	30.3610	30.5875	30.5279	30.1752	30.0226	29.6489	29.5073	29.7770	29.6376	29.4171	29.2300	29.2407	29.2236	28.8811	28.6068	28.8593	28.7809	29.0354	28.8292	28.8473	28.1826	27.8969	28.3585	28.4993	27.6973	27.5367	27.0992	28.3009	27.4842	26.3337	26.7634	27.8090	27.9377	27.6474	26.6688	25.9121	27.2380	27.5623	26.3658	25.7775	26.5396	25.4282	25.6722	24.2445	24.1011	25.0294	24.9296	24.0677	23.9655	24.1322	24.8443	23.7988	24.5067	23.3501	22.8195	21.7502	21.7586	21.4688	20.5549	20.5357	19.9906	19.1307	18.8296	18.7082	17.9033	17.7642	17.1013	16.3840	15.7981	15.9390	14.7964	14.8060	14.1263	13.7332	13.3658	12.9341	12.6850	12.0079	11.2370	11.2521	10.4536	10.2363	9.3055	9.2775	8.7062	8.5317	7.7121	7.7412	6.8670	6.4064	6.8288	6.5666	5.3042	5.3594	5.6334	4.7797	3.9074	4.0518	3.6418	3.2681	2.8999	2.6507	2.7442	2.6144	2.0953	1.7152	1.6496	1.4614	0.8591	0.7737	0.6772	0.5476	0.2989	0.2500	0.3003	0.6006	0.8734	0.8105	1.0892	1.5766	1.7977	2.0154	1.9930	2.4806	2.7819	2.9954	3.3514	3.5680	3.9500	4.3473	4.7130	4.9210	5.0153	5.6416	5.8884	6.1982	6.3715	6.6248	7.3000	8.7111	7.9217	8.3226	9.0305	9.3146	9.3987	10.7604	10.7002	12.3007	12.6741	13.7331	15.1629	15.2433	16.0872	17.7227
31.3234	31.3477	31.2192	31.3196	31.2504	31.2341	31.3788	31.2137	31.3565	31.3671	31.2957	31.1434	31.1224	31.1592	31.1091	31.1329	31.1490	31.0408	30.9883	31.1113	31.0227	30.8910	30.7533	30.7975	30.7483	30.7339	30.7669	30.6126	30.2319	30.3671	30.4203	30.4844	30.0804	30.4929	30.1386	30.5247	30.2314	30.4114	30.0657	30.1236	30.2399	30.3575	30.2365	30.1179	30.3317	30.1783	30.2963	30.0177	30.0308	30.0395	29.9406	29.8945	30.0040	30.0613	30.0406	29.9823	30.1463	30.2319	30.0332	30.0093	30.2179	30.2768	30.1789	30.2751	30.3623	30.4262	30.2391	30.4662	30.3159	30.2282	30.3659	30.2276	30.3954	30.3569	30.3897	30.5450	30.6107	30.2752	30.7431	30.7372	30.0773	30.0133	29.6297	29.4534	29.6652	29.5155	29.3185	29.3222	28.9568	29.0410	28.8261	28.7422	28.9510	28.7085	28.8494	28.7623	28.6404	27.8897	28.0728	28.5715	28.0957	27.9338	27.3971	27.5747	27.9632	27.3005	27.2216	27.2234	27.1926	28.2495	27.1239	26.7856	26.3657	26.7793	27.2246	26.2047	26.2241	26.4047	25.4935	25.4247	25.0898	24.4662	24.2420	24.8534	24.3016	23.6207	23.9199	24.9586	23.4013	24.2146	23.9944	22.7896	22.1616	21.8710	21.3570	20.1789	19.6873	20.0621	18.1369	17.3158	18.6618	17.3893	16.6394	17.3183	16.0629	15.0597	15.2161	14.6272	14.7486	13.8224	14.2627	13.2421	12.7861	12.3239	12.0288	11.1342	11.3510	10.9818	10.5355	9.7826	9.2136	9.2788	8.9173	7.5783	7.6877	7.5627	6.7752	6.3827	6.6032	5.6953	5.5106	5.4460	5.3510	4.6506	4.0891	3.8830	3.9705	3.2353	2.6766	2.7639	2.9928	2.5821	1.6990	1.8440	1.7050	1.4559	0.9677	0.8304	0.7050	0.5852	0.2926	0.2500	0.3515	0.6551	0.9799	1.0461	1.1712	1.9783	1.9301	1.9745	2.1361	2.9212	2.9572	3.3662	3.9302	3.8348	4.1637	4.8692	4.9066	4.9336	5.9469	6.0054	6.1065	6.7417	7.1438	7.3455	8.3973	8.7287	9.1368	9.1958	10.1760	10.3781	10.8290	11.5092	12.6342	13.7343	14.9131	15.8073	17.1413	17.6290	18.7058
31.1677	31.2105	31.0687	31.0832	31.0287	31.1276	31.3137	31.1031	31.1951	31.1532	31.0616	31.0055	30.9953	30.9416	30.7906	30.8902	30.8785	30.7012	30.6308	30.7616	30.6000	30.4416	30.3983	30.4350	30.6471	30.1804	30.3058	30.1288	30.0685	30.0082	30.1956	29.8983	29.9082	30.0703	29.8190	29.9557	29.8466	29.9787	29.8628	29.4586	29.6509	29.7059	29.6567	29.4415	29.4753	29.4545	29.4785	29.3507	29.2807	29.3186	29.2624	29.3944	29.3826	29.1759	29.2848	29.1813	29.3373	29.5477	29.4969	29.3985	29.7531	29.8096	29.6393	29.7709	29.6227	29.8316	29.8813	29.8280	29.7956	29.8539	30.0309	29.8015	29.9118	30.0360	29.9293	30.3103	30.1631	29.9458	30.3162	30.5279	29.8951	29.5406	29.2382	29.2858	29.2944	29.2257	29.1931	28.9473	28.5724	28.8165	28.6900	28.6747	28.2554	28.1830	28.6750	28.8656	28.7984	28.3593	28.3407	27.9034	28.3114	27.7955	28.3266	27.8205	28.2631	27.5829	26.8992	27.3925	27.5171	28.1831	27.5107	26.8977	26.0165	26.9758	27.3937	27.0677	26.0474	26.1676	25.3205	26.2044	24.9466	25.4259	25.0632	25.9522	25.0727	25.1910	25.2033	25.5131	25.4364	25.2231	25.1796	23.9059	23.8247	23.5926	22.5404	22.6722	21.3896	21.4772	20.7243	20.6882	19.6942	19.4242	19.1631	18.1275	17.7415	17.5873	16.5201	17.0320	16.5196	15.4013	15.8128	14.8032	14.0255	14.4327	14.1713	12.8253	12.3940	12.3167	12.1079	10.9187	10.2201	9.5361	9.6070	9.1277	8.1054	8.1712	7.7228	7.6667	6.8486	6.9811	6.6879	5.7213	5.5772	5.8660	5.3435	4.2343	4.7930	3.9493	3.3959	3.2925	3.1766	3.0003	2.4594	2.1073	1.8473	1.6909	1.6722	1.0334	0.9653	0.8172	0.6489	0.3076	0.2500	0.3521	0.7220	1.0658	0.9624	1.1736	1.8673	1.8639	1.9875	2.1364	2.7716	2.8141	3.0761	3.6669	4.0738	4.1778	4.4735	4.7125	5.3138	5.5345	5.5723	5.7490	6.5114	6.4354	7.1275	7.5828	8.0367	8.7052	8.7446	9.4864	10.3084	10.8773	11.6098	11.9249	13.2367	14.3899	15.5072	16.2053	17.9974
31.2788	31.2990	31.1798	31.2193	31.1416	31.2186	31.3669	31.1117	31.2963	31.2601	31.2142	31.2402	31.1934	31.0843	30.9761	31.1657	31.1023	30.8873	30.9256	31.0724	30.7975	30.8197	30.6883	30.6012	30.6527	30.5858	30.8080	30.5605	30.3583	30.3277	30.4804	30.4030	30.2975	30.4985	30.2874	30.6281	29.9861	30.4361	30.3368	29.8046	30.2008	30.2452	30.0093	29.8405	30.0519	29.9742	29.9876	29.8263	29.8959	29.8722	29.8522	29.6597	29.7558	29.7536	29.6952	29.6489	30.0298	30.0484	29.9243	29.8499	30.1016	30.2772	30.0533	30.1357	30.1515	30.2729	30.3370	30.2322	30.2705	30.1368	30.3288	30.3495	30.3569	30.4076	30.1817	30.4381	30.6244	30.4509	30.7337	30.6741	30.0150	29.7830	29.6528	29.2519	29.6090	29.3536	29.4519	29.2117	29.0023	29.0744	29.1066	28.8609	29.0824	28.8906	29.0657	28.9311	28.9143	28.1457	28.8983	28.7530	28.2773	28.6644	27.8972	27.9847	28.4663	27.8032	27.0786	27.2383	27.6843	28.0402	27.5480	27.1017	26.2415	27.0538	27.3481	26.9978	26.2155	26.1006	26.3416	26.2460	25.3673	25.0653	25.1803	25.6357	25.7240	24.9334	24.8933	25.5271	24.5664	24.9438	24.1931	23.5266	22.2791	23.0679	21.8523	21.5248	22.0121	21.2439	19.7733	19.9001	21.1067	19.3072	18.7293	19.6275	19.2918	17.6712	17.4203	18.1944	17.6598	16.1587	16.5715	16.9068	15.1598	14.8962	15.4485	14.7515	13.2723	13.6134	13.8491	12.3728	11.8055	10.7028	10.9395	10.1242	9.6298	9.2413	8.8955	8.2602	7.8216	7.2704	7.3886	7.3394	6.2517	5.9577	5.9869	5.5615	4.7474	4.4784	4.1616	3.8376	3.5244	3.3103	2.9337	2.7044	2.2212	2.0673	2.0686	1.7474	1.1615	0.9497	1.0355	0.7202	0.3011	0.2500	0.4285	0.7412	0.9487	0.9502	1.3233	1.7801	1.7820	2.0478	2.1890	2.6875	2.7866	3.0015	3.5655	4.0509	3.8518	4.4714	4.7301	5.2574	5.1788	5.4487	5.7580	6.2081	6.9250	6.7453	7.0726	7.9815	8.3703	8.9183	9.2609	9.9449	11.2458	11.9275	13.4043	14.0238	15.0055	15.7299	16.8703
31.2764	31.3123	31.1851	31.3011	31.1583	31.2107	31.3680	31.0066	31.2709	31.3105	31.1879	31.0794	31.1639	31.1153	30.9262	31.0471	31.1384	30.9311	30.8897	30.9989	30.8749	30.6572	30.6468	30.5755	30.6201	30.4091	30.4748	30.4919	30.2028	30.3693	30.4505	30.5185	30.2862	30.3615	30.1845	30.3314	30.1317	30.2553	30.2841	29.9163	30.1224	30.2795	30.0426	30.0619	30.3494	30.1956	30.3089	30.2021	30.2343	30.2300	30.1038	29.9092	29.9445	30.0090	29.8190	29.8024	29.9335	30.1501	30.0057	29.9545	30.2297	30.2190	30.1014	30.2792	30.1109	30.2407	30.2142	30.1411	30.2140	29.9909	30.2667	30.0399	30.0590	30.2636	30.2613	30.3903	30.2644	30.4447	30.6519	30.3427	30.1043	30.0442	29.8011	29.6269	29.7147	29.7729	29.7026	29.4712	29.1782	29.1713	28.9611	28.8934	29.1541	29.1197	28.8338	29.1826	29.0836	28.6944	28.7996	28.6785	28.7689	28.6136	28.4368	28.0399	28.7177	28.2618	27.4086	27.7349	28.2486	28.5724	28.5382	27.4998	27.2910	27.8932	27.6904	27.3388	26.9208	27.0831	26.1704	26.6536	25.5302	25.6138	26.3513	25.9034	25.0548	25.5066	25.3119	26.0700	25.4353	25.9531	25.3222	24.7560	24.2760	23.3109	22.9103	21.9099	22.1511	22.2496	20.8009	20.4616	21.2458	20.1248	19.3026	18.8865	18.0652	18.1347	17.6881	16.7237	17.1571	16.7557	16.2663	15.2948	14.6763	14.9625	13.3602	13.3573	13.3130	12.9897	12.0676	11.1764	11.5608	10.7862	10.2583	9.5659	9.7349	9.0771	8.4786	8.1262	8.0930	7.6816	7.0146	6.9760	6.6085	5.8207	5.7157	5.6679	5.1692	4.2293	4.3017	4.2005	4.2427	3.6625	2.8713	2.8471	2.7891	1.9883	1.9464	2.0012	1.6856	1.1426	0.8670	0.9870	0.6466	0.3022	0.2500	0.3543	0.6717	0.9015	0.8161	1.1371	1.6926	1.7021	2.0473	1.8961	2.6014	2.6421	3.0727	3.5273	3.8680	3.9015	4.8449	4.8688	5.2679	5.3926	5.9626	6.2561	7.3483	7.3531	7.2480	8.2873	8.9437	9.6012	9.4253	10.3842	12.2183	12.7217	14.2188	15.4456	15.7199	16.9528	18.0788
31.1950	31.3103	31.1873	31.2569	31.1015	31.2154	31.3870	31.2201	31.2521	31.2524	31.1881	31.1441	31.0751	31.0814	30.9593	31.0395	31.0809	30.8141	30.8140	30.9593	30.7776	30.6114	30.6135	30.6346	30.7182	30.5363	30.5901	30.5225	30.2754	30.3379	30.4316	30.3964	30.2283	30.3411	30.1232	30.3399	30.0295	30.3205	30.1530	29.9237	30.0054	30.0241	29.9117	29.6992	29.9419	29.8097	29.8480	29.6835	29.6160	29.6501	29.6588	29.5055	29.5620	29.5012	29.4916	29.4487	29.7342	29.8340	29.7742	29.6545	30.0724	30.0995	30.0465	30.1942	30.2052	30.2264	30.0970	30.2491	30.1260	30.2650	30.2083	30.0976	30.3312	30.3629	30.3500	30.6255	30.5806	30.3851	30.7510	30.7279	29.8016	29.6797	29.4051	29.1848	29.2275	29.4019	29.3069	29.1629	28.8703	29.0219	28.9485	28.8241	28.8704	28.8288	28.8414	29.0147	28.9090	28.5627	28.8000	28.6687	28.4304	28.8318	28.1501	28.3048	28.2209	27.7235	28.0359	28.1365	28.1249	28.4568	27.1148	27.5024	27.5197	27.2557	27.5832	27.4521	26.9420	26.4242	26.3872	26.1607	25.8349	24.2947	25.1660	25.8102	25.3638	24.5549	24.9738	25.3018	25.0785	25.5282	25.0821	24.5477	23.9052	22.5943	22.2372	21.5633	21.4332	22.4041	20.4604	19.2956	19.8254	18.3646	18.2530	17.9962	17.6403	17.1063	16.2380	16.9204	16.9390	15.1940	14.8947	14.9146	14.1448	14.3762	13.9618	12.9314	12.5519	12.4180	12.7238	11.6245	11.0600	10.3344	10.4455	9.8546	9.2942	9.1930	8.7748	7.7889	7.7283	7.8160	7.2076	7.0236	6.7023	6.5027	5.7939	5.3021	5.6782	4.9756	4.2105	4.3582	4.6672	4.3392	3.4184	2.9505	2.8635	2.7113	2.0542	2.2088	1.9531	1.7657	1.2826	1.0959	0.8053	0.6684	0.2911	0.2500	0.3778	0.6961	1.0533	0.8436	1.2001	1.7455	1.7555	1.9036	2.0984	2.7874	2.7359	3.0687	3.4205	3.9882	4.4506	4.7819	4.9120	5.2121	5.4692	5.8559	6.3066	6.8212	7.3296	7.6306	7.9411	8.9247	9.2588	10.0850	11.0724	11.9081	12.9426	14.3314	15.4159	16.3067	17.9731
31.2270	31.2490	31.1627	31.0898	31.1136	31.1581	31.3145	31.0668	31.2988	31.2109	31.1595	31.0389	31.0565	31.1142	30.8039	31.0431	31.0237	30.7971	30.7027	30.9104	30.7206	30.5643	30.5212	30.5477	30.6375	30.4182	30.4718	30.5299	30.2716	30.3107	30.4266	30.3766	30.0691	30.2530	30.0531	30.2947	29.9954	30.1692	30.1843	29.7778	30.0419	30.1307	29.8663	29.5548	29.9954	29.6794	29.7178	29.5627	29.4970	29.5328	29.5074	29.5527	29.5307	29.4745	29.4982	29.1394	29.7739	29.7066	29.6431	29.4343	29.7368	29.9175	29.6522	29.6710	29.8986	29.9076	29.8805	29.8769	29.9368	30.0710	30.0259	29.9445	30.0781	30.2990	30.0874	30.2703	30.4339	30.3610	30.3943	30.5264	29.6568	29.3213	29.1078	29.0611	29.2209	29.1238	28.9340	29.0954	28.6996	28.5469	28.7218	28.3405	28.7721	28.4853	28.5374	28.6673	28.4770	28.0819	28.4020	28.0403	28.1660	28.5340	27.9916	27.9309	28.7264	27.6955	27.0693	26.9862	27.8107	27.7401	27.3293	26.9811	26.5416	27.2265	27.2508	26.8082	26.3147	26.2537	26.0183	26.3525	25.8435	25.4838	24.8638	25.8177	25.6514	25.0097	24.7613	25.3899	25.5267	25.8584	24.6335	24.6294	23.5156	24.0349	22.6383	22.9148	22.4394	23.0367	20.7524	21.0460	21.6123	20.4547	20.1256	20.3326	19.9332	18.8729	18.3710	19.4381	18.1856	16.8472	17.1949	17.5604	15.6145	15.1222	15.6512	14.8707	13.5305	13.8797	14.1286	12.6649	11.9420	10.9614	11.1494	10.6283	9.7271	9.6421	8.8998	9.4015	8.5462	8.1721	7.3613	7.2012	6.7602	6.8568	6.4393	5.3666	5.6266	5.6229	4.8739	4.5887	4.5498	4.4029	4.0731	3.3968	2.8660	2.7058	2.6818	2.0518	2.0156	1.8942	1.6389	1.2475	0.9724	0.6662	0.6711	0.2960	0.2500	0.3523	0.6660	0.8077	0.7701	1.0173	1.4908	1.6141	1.7634	1.8630	2.4988	2.5505	2.6534	3.1013	3.6748	3.7316	4.1203	4.3240	4.5373	4.7949	5.2997	5.5048	5.7284	6.6619	6.6761	7.5335	8.1144	8.9021	9.8084	10.8130	12.0294	12.3986	13.7512	14.6221	16.1246
31.2567	31.1821	31.0885	31.1885	31.0686	31.0248	31.2653	31.0223	31.2621	31.1927	31.0237	30.8999	31.0676	30.9950	30.8182	30.9012	31.0729	30.7860	30.7517	30.8577	30.6950	30.3998	30.5725	30.4871	30.4902	30.3078	30.4783	30.2446	30.1998	30.2182	30.3503	30.3937	30.2666	30.1724	30.1347	30.4047	29.9864	30.2644	30.2335	29.8623	30.1403	30.1726	30.0227	29.7438	30.2601	29.9843	30.0698	30.0879	30.0094	30.1267	30.1741	29.9570	29.7867	29.8249	29.7916	29.8281	29.9994	30.0330	29.9699	30.0041	30.1220	30.1665	30.0538	29.9683	30.1313	30.0315	29.9875	30.2204	30.0377	29.8483	30.1187	30.1668	29.9700	30.1715	30.2526	30.4100	30.3409	30.3490	30.6639	30.5301	30.3668	29.9443	29.9685	29.5926	29.6487	29.7287	29.5255	29.3944	28.9973	29.1586	29.3502	28.8685	28.9594	28.9261	28.8550	29.3501	29.1326	28.6210	28.7734	29.1462	28.7405	28.5004	28.2261	28.4427	28.5699	27.6894	27.6200	28.0262	28.4979	28.3744	28.2516	27.5796	27.6158	27.6566	27.8207	27.2511	27.0065	26.6094	26.6995	25.9162	24.7460	25.6941	25.3465	26.5363	25.7004	25.5775	25.6823	26.1412	25.9896	25.8971	25.7208	25.1127	24.6333	23.9113	23.1774	22.8956	22.3124	23.0279	22.1371	21.9639	21.5564	21.3763	20.0239	20.1072	20.2189	19.8508	19.5012	18.2360	19.2707	17.5916	17.6240	17.3339	16.9395	17.0148	15.9231	15.2435	15.2097	15.0296	13.6680	13.6532	13.7525	12.7297	12.1815	12.2534	11.4460	10.3824	9.8863	9.9262	9.7290	8.8160	8.1887	8.5860	7.8446	7.0858	7.1745	7.1426	6.1219	5.8754	6.1147	5.3738	4.7172	4.4050	4.4040	3.9232	3.5308	3.0889	2.8949	2.9687	2.2153	2.1158	2.0706	1.9460	1.1556	0.9844	0.9290	0.6713	0.2967	0.2500	0.3783	0.6534	0.9520	0.7696	1.1334	1.5937	1.7098	1.8135	1.7990	2.5891	2.6476	3.0877	3.4252	3.8067	3.8474	4.3002	4.8532	5.0825	5.6769	5.5761	5.8619	6.7605	7.1978	7.7794	8.0873	9.1733	10.3040	11.4394	12.5070	13.2193	14.1694	15.8106	16.9450
31.2048	31.3187	31.1975	31.2594	31.1668	31.2449	31.3518	31.2241	31.2487	31.2693	31.2132	31.1654	31.1430	31.1482	31.0298	31.1096	31.2567	30.9573	30.9318	31.0267	30.8671	30.6734	30.7435	30.7754	30.7531	30.5859	30.5751	30.5796	30.3593	30.4587	30.6131	30.5212	30.2952	30.2887	30.3068	30.3171	30.0845	30.3560	30.3876	30.0348	30.3429	30.2718	30.1979	30.0969	30.3434	30.1676	30.2973	30.2247	30.0900	30.2343	30.1317	29.9472	29.9671	29.8952	29.9732	29.9281	30.1642	30.1537	30.0767	30.2508	30.4445	30.3560	30.2967	30.3865	30.3316	30.3761	30.2019	30.3208	30.1887	30.1113	30.2909	30.2225	30.1844	30.3519	30.4187	30.4650	30.3508	30.4686	30.7070	30.6655	30.3276	29.8479	29.7759	29.5714	29.4709	29.5929	29.5834	29.3398	29.0138	29.1295	28.9341	29.0806	28.7888	29.0072	29.0271	29.2612	29.1479	29.0151	28.8802	28.8441	29.0113	28.7553	28.4364	28.4450	28.5969	28.4433	27.7539	27.8733	28.4498	28.9748	28.3776	27.8372	27.5410	27.4720	27.9931	27.6630	26.8615	26.9015	25.6760	26.3754	25.5325	25.3102	25.6823	26.2235	25.2224	24.9140	25.6019	26.0771	25.1602	25.9497	25.3941	24.8488	24.0039	23.4176	23.0247	22.0179	21.7754	21.5390	20.5565	20.6929	19.6944	19.7788	19.2707	18.4634	18.0567	17.7472	18.2381	17.0078	17.5279	16.4959	16.3267	14.9937	14.6332	15.0457	14.4997	13.2851	13.8144	13.7928	13.2014	11.7807	12.2882	11.6723	11.2402	10.4035	10.4231	9.9399	9.2988	8.4314	9.2017	8.2654	7.6772	7.5091	7.5979	6.9565	6.5090	6.5498	6.2921	5.3329	5.0270	5.6721	5.3932	4.6704	3.8943	3.9695	3.8386	3.3477	2.7677	2.7787	2.5825	1.8771	1.9599	1.9295	1.6243	0.9951	0.8545	0.7629	0.6595	0.2985	0.2500	0.3332	0.6300	0.8856	0.8015	1.1349	1.5854	1.5243	1.6562	1.9321	2.4994	2.6651	3.3192	3.5610	3.8469	4.0394	4.5899	4.9860	5.5195	5.7089	5.6802	6.3504	6.8926	7.7918	7.7276	8.6277	10.4157	11.2508	12.8444	13.7713	14.5342	15.7484	16.6815
31.0457	31.1981	30.9890	31.1137	31.0272	31.1433	31.2317	31.0861	31.2476	31.1782	31.0867	31.1213	30.9698	30.9773	30.8823	30.9878	31.0363	30.8047	30.7975	30.8726	30.6562	30.6556	30.4537	30.5994	30.6738	30.5597	30.5681	30.4549	30.4032	30.3726	30.4747	30.3156	30.3384	30.2000	30.1170	30.2789	30.0427	30.2360	30.1942	29.7164	30.0103	30.0814	29.7948	29.6088	29.9778	29.6354	29.6226	29.4525	29.3605	29.3906	29.4525	29.2823	29.3971	29.2785	29.2079	29.0722	29.5362	29.6335	29.6464	29.5844	29.9172	30.0248	29.7493	29.9508	30.0793	30.0972	30.0022	30.2226	30.1653	29.9217	30.1682	30.0937	30.3083	30.2814	30.2885	30.3750	30.6659	30.4634	30.5254	30.6467	29.4854	29.3882	29.1892	28.8123	28.8305	29.2150	28.6815	29.0402	28.3662	28.3031	28.6507	28.5182	28.6727	28.4992	28.6347	28.7278	28.5312	28.1469	28.2919	28.3517	27.5464	28.5349	27.9917	27.4449	28.1717	27.5030	27.5068	27.7601	27.7815	28.3642	26.9299	27.4451	26.8816	26.9259	27.2069	26.6356	26.4649	26.0917	26.2208	25.1129	24.8284	24.2979	24.8280	25.8571	25.3983	24.9226	24.8522	25.4018	24.8400	24.6478	25.5766	24.1488	23.4153	22.8416	21.8451	22.4037	22.2287	23.1157	20.6132	20.2922	21.0590	20.0090	18.8656	20.4670	19.6737	17.8597	18.4087	18.2498	17.4448	16.3256	17.2099	17.0617	15.4849	15.1833	15.1293	14.9025	13.5907	13.4135	14.6540	13.0069	12.1486	11.5860	11.6912	11.2146	10.4241	10.2796	9.8269	8.8884	9.2255	8.9634	7.8202	7.7670	7.8061	7.3933	6.6570	6.3139	6.4162	6.0387	5.1266	4.8695	5.6738	5.1597	4.4582	3.6580	3.8392	3.6613	3.2517	2.7390	2.6122	2.3274	1.8776	1.9772	1.7546	1.4671	0.9650	0.8855	0.7312	0.6041	0.3060	0.2500	0.3254	0.6714	0.9203	0.7980	0.9758	1.5559	1.5281	1.6813	1.8927	2.3160	2.9100	2.8803	3.3896	3.8665	4.0502	4.4228	4.6970	5.0174	5.2512	5.8087	5.8762	6.9385	7.6221	7.8883	9.2016	9.8459	11.6757	12.3356	13.5212	14.3575	15.1798
31.2567	31.2270	31.2339	31.1562	31.1831	31.1092	31.3482	31.1148	31.2976	31.1654	31.0695	31.0389	31.0820	31.0494	30.9000	30.9040	30.9861	30.7925	30.7598	30.8989	30.6380	30.5862	30.7092	30.5625	30.5088	30.3832	30.6217	30.3886	30.1401	30.3697	30.4350	30.2747	30.2097	30.2213	30.2635	30.2402	30.2634	30.2815	30.2325	29.7055	30.0059	30.1283	29.8322	29.7563	30.0862	29.7374	29.7963	29.6595	29.4522	29.6145	29.6131	29.5071	29.5197	29.4829	29.3922	29.2072	29.6249	29.5744	29.6421	29.2930	29.6734	29.8697	29.6407	29.7642	29.9857	29.8813	29.8003	30.0283	29.8174	29.7402	30.0376	30.1227	30.1286	30.2010	30.2039	30.2888	30.4715	30.2371	30.4206	30.6483	29.7653	29.4943	29.2212	28.7160	29.1598	29.2166	28.9839	28.7294	28.4099	28.7907	28.3086	28.3928	28.6505	28.3769	28.5038	28.6275	28.9029	28.4265	28.6325	28.4296	28.1788	28.7139	28.1695	28.2802	28.8544	28.1120	27.5989	27.7984	28.1142	28.2535	28.0263	27.5055	27.2559	27.4276	27.5595	27.2167	26.1926	26.8636	26.4834	26.1952	25.1305	25.0086	25.6040	26.0351	25.2038	25.4870	25.5473	25.4609	25.1058	25.9094	25.0545	24.6452	24.0215	23.5102	23.4232	22.3936	22.4534	22.5388	21.1975	21.0918	21.5131	20.8111	20.0850	20.7867	20.0878	18.9945	19.0996	18.7176	18.4681	17.3060	17.0643	17.5749	16.1618	15.6873	16.6683	16.0008	14.6311	14.0713	14.8763	13.7903	12.8200	11.9139	11.4433	11.1884	10.6306	10.9574	10.1835	10.0979	9.3265	9.2770	8.4476	8.2967	7.6753	7.7232	7.0035	6.6368	6.6425	6.1106	5.9164	5.4848	5.3027	5.5750	4.8144	4.4167	3.9317	3.8708	3.5820	3.2450	2.9236	2.4375	2.4381	1.9552	1.9083	1.6454	1.4180	1.0438	0.7646	0.6699	0.5615	0.2914	0.2500	0.2999	0.5482	0.8108	0.7515	1.0235	1.3913	1.6621	1.8080	2.0278	2.2831	2.4854	2.7908	2.9499	3.5686	3.5249	4.4243	4.3066	4.6589	5.2689	5.3429	5.8626	6.4802	7.3603	8.5883	9.4061	10.8205	11.7346	12.7733	13.7321	15.1996
31.2656	31.2968	31.1267	31.2524	31.1701	31.2163	31.3907	31.1829	31.2630	31.2813	31.1423	31.1726	31.1554	31.0702	31.0205	30.9899	31.1528	30.9396	30.9003	30.9633	30.7628	30.5924	30.6309	30.7267	30.6875	30.4730	30.4787	30.4547	30.2874	30.2970	30.5524	30.4260	30.1691	30.1525	30.3074	30.2449	30.1574	30.3171	30.2867	30.1267	30.3300	30.2908	30.2220	30.1115	30.3366	30.2242	30.2172	30.0857	30.1334	30.2576	30.0523	30.0732	29.9802	30.1129	30.1139	29.9719	30.2796	30.1831	30.0833	30.0918	30.2426	30.2951	30.1527	30.1227	30.2169	30.2212	30.0285	30.2381	30.0986	29.9771	30.1257	30.0108	29.9998	30.1880	30.2262	30.3291	30.2384	30.4746	30.8560	30.7467	30.3044	30.2222	29.9433	29.7561	29.9324	29.7639	29.6468	29.5587	29.3107	29.3401	29.2564	29.1041	29.1368	29.2804	29.1824	29.3875	29.2068	28.8559	28.9906	29.0723	28.9563	28.6802	28.6320	28.4838	28.8188	28.3043	27.4418	27.9968	28.2901	28.4195	28.0934	27.0881	27.2759	27.8315	27.7517	27.1231	27.1214	27.0524	26.6116	26.6896	26.1844	24.9670	25.7551	25.7107	25.2330	25.9394	25.5786	26.2442	25.5535	26.1900	25.8759	25.1463	24.2554	23.6550	23.4381	23.5511	22.8223	23.1577	22.1581	21.3302	21.9627	21.0594	20.8655	19.7255	20.4118	20.1013	19.1175	18.7692	19.1632	18.2894	18.2479	17.3794	17.0052	17.3993	15.9706	15.6287	15.6759	15.3007	14.9149	13.8591	14.4300	13.0826	12.9455	12.9215	12.6434	11.0267	11.2796	10.9492	10.6636	9.7719	9.1331	9.6692	9.3178	8.4428	7.9821	8.0839	7.6445	6.4714	6.7792	6.7812	6.4547	5.3562	5.3233	5.1405	4.7783	4.0110	3.8935	3.8041	3.3425	2.7533	2.7670	2.6699	1.9399	1.7597	1.8088	1.5134	0.9037	0.8061	0.9143	0.5577	0.3074	0.2500	0.3539	0.6665	0.8488	0.7972	1.0966	1.5187	1.7390	2.0951	2.2755	2.5680	2.8216	3.1082	3.2981	3.7581	3.9158	4.7991	4.5682	5.5575	5.7374	6.3319	6.6455	7.8475	9.1215	10.3931	11.3869	13.2029	13.4854	15.3164	15.8633
31.1581	31.3398	31.1862	31.1741	31.1740	31.1677	31.2823	31.1492	31.2716	31.1658	31.1687	31.1112	31.0151	31.0512	31.0351	31.0054	31.0289	30.9989	30.8611	30.9650	30.7876	30.6695	30.5858	30.7058	30.6798	30.5846	30.6160	30.5466	30.0946	30.2713	30.5393	30.3257	30.2541	30.3806	30.2383	30.4657	30.0456	30.2339	30.1562	29.9863	30.1536	30.1186	29.9236	29.8841	30.0846	29.9424	30.1228	29.8222	29.8387	29.8862	29.8508	29.6650	29.8129	29.8016	29.7525	29.7434	30.0053	30.0609	30.0225	30.0263	30.3979	30.2932	30.1794	30.3512	30.4093	30.4456	30.1765	30.3827	30.3546	29.9809	30.2500	30.2400	30.2900	30.2348	30.3886	30.5477	30.5603	30.4471	30.7606	30.7205	29.6120	29.6705	29.6577	29.3205	29.5544	29.6250	29.5461	29.2343	29.0557	29.0798	28.6368	28.8434	29.1699	28.9327	28.6564	28.6065	28.8881	28.4466	28.2559	28.8529	28.6756	28.5831	28.1878	28.3087	28.3751	27.7781	28.1119	27.8141	28.0811	28.4619	27.8348	27.4520	27.1746	26.9104	27.5757	27.2026	26.4995	26.4850	26.0249	25.7774	24.1258	24.7563	25.0827	25.2264	24.8918	24.8657	25.3322	25.9264	25.2264	25.4037	24.6460	24.2350	23.9743	23.3196	22.4273	22.7564	21.8888	22.2511	20.4945	20.8792	20.0457	19.3380	19.7779	19.4664	18.3529	18.4144	18.4206	17.9564	18.5467	17.1048	17.0757	16.4114	15.4904	16.1775	15.7735	14.5907	14.9936	14.5430	14.1900	13.1224	13.2873	12.6367	12.8717	11.6369	12.1842	11.5041	11.1479	9.7712	10.8495	9.7334	8.7125	8.9595	9.2160	8.5800	7.6966	7.8747	7.5363	6.6704	6.2358	6.3094	6.6693	5.7841	4.9133	4.8474	5.0052	4.3185	3.7564	3.7888	3.6866	3.1576	2.6897	2.5987	2.4796	1.7572	1.8028	1.6259	1.4550	0.9396	0.8393	0.6501	0.6057	0.2942	0.2500	0.4074	0.6273	0.8402	0.9296	1.4100	1.6250	2.0710	2.2644	2.2613	3.0273	3.1456	3.6170	3.8117	4.5251	4.3567	4.8553	5.3998	5.4645	6.4681	6.8582	7.5928	9.2219	10.2055	11.9286	12.8633	14.4412	15.8355	16.2556
31.1249	31.2306	31.1830	31.1476	31.0390	31.1978	31.3075	31.0919	31.2321	31.1878	31.1214	31.0316	31.0496	31.0217	30.8861	30.9788	31.0601	30.7539	30.7520	30.8657	30.6867	30.5619	30.5559	30.4964	30.5669	30.3236	30.5176	30.3827	30.1353	30.2623	30.3819	30.1596	30.2470	30.3215	30.1182	30.2916	30.2125	30.3989	30.2469	29.8216	30.0274	30.0936	29.8852	29.7212	29.8915	29.6553	29.4821	29.5662	29.4918	29.6302	29.3688	29.3669	29.5491	29.2009	29.2939	29.1040	29.5016	29.5336	29.6762	29.3428	29.8811	29.8756	29.8333	29.8124	30.0607	29.9502	29.9855	30.0216	30.0461	29.8044	30.0201	30.1166	30.2845	30.1960	30.2772	30.3922	30.5512	30.4444	30.4559	30.6242	29.6193	29.4018	29.1714	28.8279	29.2246	29.1551	29.0870	29.0740	28.6907	28.9035	28.8929	28.7316	28.7266	28.5495	28.7259	28.6085	28.7109	28.3300	28.2543	28.2801	28.2500	28.0811	28.2167	27.8971	28.7070	28.5007	27.7233	27.7290	27.8167	28.2524	27.4366	27.0447	26.2838	27.1055	27.5407	26.8726	25.9522	27.0363	26.5019	26.4967	25.9118	25.2151	26.2323	25.9864	25.8717	25.7074	26.0741	26.1212	25.9296	26.8327	25.9681	25.8860	24.9517	24.9234	24.5367	23.4448	24.1180	24.3550	22.5410	22.0971	22.6465	21.9048	20.6085	21.0166	20.8725	19.6519	19.1225	19.9923	19.1223	18.2085	18.3596	18.8263	17.3188	16.8953	17.6612	16.8335	15.1983	15.3085	15.2323	14.8283	14.0041	13.1403	13.2537	13.2922	11.9610	12.1971	11.7675	11.8687	10.8320	10.5375	10.1618	9.6235	9.0495	8.9653	8.7157	8.2041	8.0868	7.3115	6.5321	6.6306	6.7353	6.4099	5.6717	4.7720	5.2108	4.9503	4.4979	4.0691	4.0202	3.6174	2.9472	2.7589	2.5184	2.3573	1.7232	1.8387	1.5866	1.4402	1.0189	0.8477	0.7179	0.6119	0.2986	0.2500	0.3616	0.7409	1.1818	1.1312	1.3838	1.6234	2.0590	2.0062	2.3816	2.7939	3.0487	3.0988	3.6224	4.1898	4.4098	5.0189	4.8465	5.6063	6.1478	7.1708	7.9129	8.8870	10.3522	10.9852	12.3046	12.9744	14.7984
31.3227	31.3537	31.1796	31.2459	31.1493	31.2090	31.3411	31.1949	31.3306	31.2497	31.1818	31.0959	31.1155	31.0514	30.9355	31.0496	31.0955	30.8923	30.8702	30.9419	30.8335	30.5814	30.6360	30.6336	30.5867	30.5050	30.7183	30.6016	30.2576	30.3077	30.5486	30.5649	30.1070	30.3076	30.3401	30.5579	30.0922	30.4707	30.2973	30.0865	30.1978	30.3046	29.9873	29.7155	30.2063	30.0892	30.0160	29.8579	29.9593	29.7982	29.7907	29.8265	29.8187	29.7837	29.8480	29.6252	29.9971	30.0071	29.9889	29.8507	30.1042	30.1827	30.0866	30.0656	30.3115	30.2353	30.2578	30.3732	30.1569	30.1299	30.3849	30.3175	30.2557	30.2923	30.3637	30.4431	30.6121	30.4259	30.7184	30.8419	30.1339	29.7790	29.5963	29.4283	29.4407	29.5242	29.4018	29.3839	29.2530	29.1347	28.9530	28.7325	29.0572	28.8875	28.7498	28.9088	28.9419	28.2754	28.7769	28.9324	28.4282	28.8278	28.3358	28.0574	28.9587	28.0372	27.2831	27.5093	27.7691	27.9594	27.1831	27.2190	27.1286	26.8728	27.3288	26.9301	26.5123	26.3581	25.7960	25.7700	24.7968	24.4630	25.1025	25.4108	24.3104	24.7561	24.6329	26.0290	24.9031	25.0297	24.2950	24.9188	23.7775	23.2818	23.1217	22.8492	22.4070	22.9949	21.7228	21.3296	21.6497	21.0569	20.8170	21.3318	20.6103	19.7317	18.7711	20.0270	19.5238	19.2931	19.3796	18.9727	18.1833	18.1525	17.7785	17.0670	16.4075	16.2327	16.2477	15.2524	15.3257	13.9252	14.2615	12.7883	13.2604	12.5357	11.6437	11.6418	11.8893	10.8302	10.0709	10.4072	10.2314	9.1585	8.7972	8.8541	8.6432	7.5388	7.7838	7.1934	7.0048	6.4968	6.1886	5.7358	5.2129	5.0362	5.0096	4.6438	3.8758	3.8068	3.7656	3.2687	2.7972	2.4207	2.2945	1.9418	1.8392	1.8177	1.5011	1.0082	0.9073	0.7661	0.6415	0.3185	0.2500	0.3930	0.7391	1.3629	1.2630	1.3705	1.7323	1.8930	2.2636	2.6789	2.5037	2.9150	3.3843	3.4487	4.0040	4.0991	4.9568	5.3412	5.7248	6.7551	7.7929	8.6902	10.2899	11.9742	12.6860	14.1931	15.1599
31.2862	31.3408	31.1899	31.2958	31.1889	31.2668	31.3570	31.1631	31.2836	31.3348	31.1542	31.1161	31.2076	31.0810	31.0212	30.9954	31.1462	30.9103	30.8940	30.8554	30.8330	30.5581	30.6069	30.5862	30.6430	30.3720	30.4066	30.5179	30.1236	30.3826	30.3896	30.5114	30.3095	30.2478	30.2411	30.4154	30.1229	30.1522	30.3027	29.9509	30.1814	30.1746	30.0551	29.9818	30.3012	30.1659	30.2213	30.1348	30.0960	30.2136	30.0283	29.8419	30.0252	30.0132	30.0646	29.8298	30.1131	30.1795	29.9885	29.9087	30.3940	30.1349	30.0220	30.2401	30.1081	30.0768	30.2870	30.2543	30.0850	30.1146	30.3502	30.0430	30.0139	30.2333	30.0494	30.3504	30.4004	30.2972	30.6943	30.6167	30.2478	30.1430	29.8622	29.5261	29.6780	29.8160	29.6962	29.4482	29.2176	29.0005	29.0431	29.1469	29.0386	28.9240	29.0753	28.9206	29.3123	28.7258	28.8509	29.0107	29.0905	28.4308	28.6436	28.0251	28.6452	28.2267	27.6558	27.8944	28.3333	28.3421	28.3324	26.6220	27.3132	27.5097	27.2629	27.4433	26.2238	26.9379	26.6455	27.0463	25.6113	25.8662	26.1128	25.8967	25.9002	25.9989	25.9962	26.7369	26.6520	27.2127	26.1759	25.3137	24.8846	24.6485	24.2383	24.4483	23.2945	22.8266	22.6593	22.4865	22.7531	21.8390	21.7682	21.0980	21.1363	20.8465	20.4153	20.3599	20.0304	19.4917	19.1739	18.5490	18.0699	18.8521	17.7086	17.2390	16.8771	16.4455	16.0830	15.5591	15.5633	14.7905	14.9439	14.2645	14.2347	12.7930	12.8454	12.7313	12.3708	11.3305	10.8422	11.0984	10.7177	9.6495	8.9023	9.5901	9.1106	7.8448	8.2332	8.1722	7.8586	6.9479	5.9511	6.3925	6.1535	5.0636	5.0999	5.2229	4.5804	3.7477	4.0347	3.9477	3.6650	2.8548	2.6829	2.5018	1.8518	1.8934	1.8376	1.5500	1.0019	0.8816	0.8670	0.6407	0.2922	0.2500	0.4331	0.9138	1.4034	1.5034	1.4355	1.9373	2.5672	2.6143	2.5374	2.9128	3.4318	3.7281	3.9887	4.5833	4.7766	5.7055	5.9057	7.2247	8.3410	9.1265	10.6815	12.3689	13.2281	14.9232	16.4377
31.2560	31.3538	31.2073	31.2157	31.0483	31.2489	31.3496	31.1339	31.2320	31.2592	31.1842	31.0545	30.9588	31.0116	31.0760	30.9332	31.1194	30.9125	30.9289	30.9623	30.8720	30.6460	30.6255	30.7155	30.7998	30.4699	30.5865	30.6109	30.1915	30.3008	30.4707	30.3899	30.3688	30.3713	30.3074	30.5772	30.1313	30.3674	30.2375	29.9873	30.0909	30.0819	29.9437	29.8099	30.0609	29.8669	29.9395	29.9042	29.7604	29.8654	29.6819	29.6017	29.7991	29.7433	29.8198	29.7041	30.0427	29.9995	30.0527	29.8729	30.1484	30.2770	30.1429	30.1796	30.2599	30.3285	30.2263	30.3751	30.3351	30.1425	30.2793	30.3849	30.3938	30.2979	30.3710	30.6481	30.4988	30.5253	30.8298	30.9030	30.2601	30.1430	29.8918	29.7917	29.7597	29.7971	29.7881	29.5903	29.1205	29.3941	29.2572	29.2987	29.2250	29.3736	29.2800	29.4289	29.0948	28.7966	28.8616	28.7717	29.3147	28.8731	28.5511	28.7072	28.8370	28.1515	28.2048	28.3643	28.7225	28.9792	26.7247	28.1693	28.1208	27.5507	28.1983	27.9876	27.0224	27.5224	27.1743	27.0075	25.5936	26.1879	26.4816	26.6785	25.6236	26.4556	26.1904	26.8210	26.4707	26.0787	26.4710	25.7257	25.2393	24.3276	24.0823	24.3236	24.5076	23.4883	22.9458	22.4786	22.7714	21.8059	21.8223	21.7253	21.0130	20.8783	20.6642	20.4720	20.0434	19.6244	20.1641	19.0157	18.2560	18.7543	18.2861	16.5004	16.5505	16.6101	17.1056	15.5028	14.9497	15.3439	15.3010	14.0653	13.4408	13.8954	13.2331	11.9636	12.4433	12.3997	11.4604	10.9034	11.3364	10.6162	10.1892	9.3841	9.8849	8.7994	8.3791	8.3641	8.5697	7.7685	7.2332	6.5039	6.8791	5.8678	5.3962	5.5619	5.4328	4.8363	4.1567	4.3583	4.3046	3.5101	3.0860	3.1171	2.8063	2.1114	2.3274	2.1465	1.9729	1.1906	1.2282	1.4141	0.7564	0.3305	0.2500	0.5815	1.1556	1.7992	2.0231	1.8788	2.6101	3.2339	2.8994	3.0493	4.0530	4.2422	4.6489	5.1151	5.2817	5.9595	6.7876	6.9954	8.8731	9.4612	11.4794	12.1047	13.4861	14.8460	15.6441
31.0641	31.1593	31.1404	31.0886	31.0348	31.0977	31.3236	31.0951	31.2006	31.1559	31.0831	31.0876	30.9481	30.9675	30.8826	30.8593	30.9056	30.7619	30.7119	30.6543	30.6379	30.5497	30.5981	30.4993	30.6833	30.4041	30.5359	30.4414	29.8576	30.1044	30.4711	30.1367	30.0020	30.1141	30.0526	30.1688	30.1475	30.3338	29.9874	29.7555	30.0906	30.0857	29.6164	29.7102	29.8650	29.5837	29.8077	29.6584	29.5291	29.6745	29.5735	29.6134	29.4944	29.5750	29.4924	29.2554	29.7769	29.6518	29.7714	29.3943	29.8714	29.9295	29.9188	29.8209	30.0138	30.0754	30.0041	30.0921	30.0534	29.9434	30.1221	30.1391	30.0900	30.1183	30.2299	30.2303	30.2975	30.2372	30.4108	30.5737	29.8130	29.6983	29.4697	29.3645	29.4460	29.5374	29.4426	29.2552	28.9594	29.1509	29.1243	28.9929	29.1568	29.2803	29.1203	29.3880	28.9020	28.8390	29.2001	28.7058	29.0193	28.9086	28.3308	28.1612	28.7690	28.6025	28.3673	28.1650	28.5888	28.9329	28.1907	28.1008	27.8968	27.7930	27.7202	27.9375	27.3700	27.3979	27.0579	27.3784	26.9079	26.7392	27.1503	27.2562	26.8980	26.9118	27.1410	27.1925	27.0185	27.5013	27.7633	26.5820	26.3903	25.9183	25.0040	25.1482	24.6424	25.4084	24.4614	23.5363	24.4555	23.0496	22.8616	23.1909	22.4240	22.0566	22.4066	21.8295	21.5776	21.1236	21.1513	21.0269	19.7293	19.3226	20.2485	19.5314	17.8750	17.9570	18.3569	17.9806	16.9712	16.1230	17.2287	16.4237	14.7640	15.1930	14.9998	14.3937	13.8372	14.3335	13.5932	12.8150	12.8046	12.8365	12.6222	11.0824	11.5260	10.8329	10.0430	9.8112	10.2017	9.7014	8.7631	7.3519	7.9259	7.2507	6.7085	6.2531	6.2805	5.8036	5.0370	4.9727	4.7375	4.3064	3.5293	3.2906	3.1037	2.8032	2.4077	2.5232	2.3195	1.8638	1.4547	1.3294	1.1714	0.8945	0.3690	0.2500	0.6324	0.9708	1.8551	1.5920	1.4105	2.5698	2.5794	2.3764	2.7394	3.7735	3.6393	3.8232	4.6864	5.5352	5.8068	7.1395	7.7418	8.6378	10.2806	11.4374	12.7508	13.8209	16.0204
31.2525	31.0997	31.0809	31.1886	31.1529	31.1218	31.3203	31.1026	31.2688	31.1850	31.1426	31.0787	31.0820	31.0391	30.9488	31.0044	31.0095	30.7926	30.8571	30.8977	30.7036	30.5351	30.7164	30.6654	30.6159	30.5409	30.5668	30.5948	30.2294	30.4268	30.5173	30.4816	30.3637	30.3444	30.3261	30.5678	30.1948	30.3690	30.3893	30.0273	30.3323	30.3843	30.1419	29.8654	30.1439	29.9971	29.7967	29.9503	29.8694	29.8734	29.8050	29.9815	29.8999	29.8851	29.8516	29.7215	30.0317	30.0934	30.0287	29.8515	30.2913	30.2390	30.2105	30.1983	30.4414	30.3171	30.3557	30.4041	30.1999	30.2883	30.5048	30.3960	30.2934	30.4110	30.5447	30.2785	30.6144	30.6502	30.7147	30.8217	30.2411	29.8278	29.8734	29.5701	29.7981	29.6676	29.3669	29.5781	29.2368	29.5180	29.1066	29.3409	29.1910	29.0676	29.2798	29.4158	29.2691	28.9406	29.3458	29.1753	29.0180	29.1343	28.7512	28.6314	29.0647	28.1553	28.4687	28.4165	28.3450	28.8697	28.4816	28.1826	27.3019	28.1163	28.1155	28.0106	27.6244	27.3984	27.4326	27.5649	26.7473	26.3647	26.8914	27.6762	26.5593	26.7695	26.9687	26.8441	26.4672	27.2154	26.5191	26.5045	25.8167	25.5087	25.1766	24.9168	24.7008	24.4027	23.2878	23.6419	24.0371	23.3274	22.9257	23.5466	23.2815	21.8749	21.9350	22.4261	22.2079	20.7046	21.6151	21.8982	20.7884	20.2188	20.7169	20.1155	18.5100	18.3290	19.0689	18.1798	17.8818	16.9240	17.0102	16.4355	16.0509	15.6534	14.7446	15.0679	14.7978	14.7473	13.4569	13.7559	13.0621	12.9727	12.0422	11.8433	11.9332	10.6419	10.7537	10.3965	10.6670	9.8410	9.0219	8.7039	8.7455	8.0136	7.5928	7.4113	6.8116	6.7396	6.3704	5.5415	5.4790	4.5764	4.0859	3.6913	3.3872	3.5049	3.0210	2.5873	2.4032	2.2812	1.9566	1.5434	1.0159	1.2679	0.8267	0.3926	0.2500	0.4820	1.0343	1.3481	1.0144	1.2629	2.1313	2.0436	2.2614	2.5016	3.3169	3.2971	3.7222	4.5316	4.7986	5.8303	6.7061	7.4928	9.6064	10.8773	12.5913	13.6383	15.4618
31.2143	31.3101	31.2412	31.2307	31.1704	31.2263	31.3474	31.0596	31.2605	31.2730	31.0493	31.0375	31.0856	31.0317	30.9220	30.9624	31.0967	30.7742	30.7450	30.9201	30.8275	30.5498	30.5883	30.4826	30.5919	30.3362	30.4046	30.4345	30.0582	30.2936	30.3782	30.3566	30.0207	30.1775	30.1816	30.4059	30.0338	30.2400	30.3070	29.9381	30.1389	30.1426	29.9518	29.8504	30.1416	30.0484	30.0444	29.8116	30.0181	30.0947	29.9141	29.8487	29.9777	29.9759	29.9375	29.8379	30.0273	30.0483	29.8930	29.9813	30.1135	29.9884	29.9841	30.2961	30.0486	29.9337	30.1539	30.3200	29.9431	30.0353	30.3291	29.9253	29.8748	30.0914	30.2969	30.1587	30.3083	30.2284	30.7201	30.5679	30.4123	30.1747	30.0849	29.9248	29.9316	29.9314	29.7826	29.9213	29.3974	29.5399	29.3294	29.1051	29.2374	29.0300	29.2466	29.6313	29.4113	29.0418	29.0563	29.2120	29.1657	28.7665	28.7204	28.8381	29.2235	28.8773	28.5157	28.5606	28.7139	28.7783	28.3579	28.1836	28.0789	28.1927	27.9981	28.1640	27.4869	27.6121	27.2772	27.7175	26.7682	26.8620	27.2923	27.0581	25.8652	27.1139	27.1083	27.3610	26.7081	27.5863	27.4523	26.6184	26.0643	25.3618	25.3377	25.6418	24.1417	24.3034	23.8166	23.0305	23.9265	22.9493	23.4328	22.9703	23.2259	22.1626	22.3810	21.5622	21.9594	21.6808	21.0448	20.6916	20.3112	20.6823	20.0969	18.5011	19.7211	18.8140	18.5950	17.8495	18.4743	17.0647	17.4881	16.5294	16.1762	15.9786	15.3436	15.2591	15.5663	14.7619	13.7549	14.4286	13.9149	12.5512	12.1721	12.4965	12.2449	10.4878	11.4983	10.7970	11.3853	9.9496	9.1390	9.1541	9.1789	7.7900	7.5494	7.9104	6.8272	6.2126	6.5497	6.4372	5.4185	4.8573	4.5124	4.2603	3.9678	3.5293	3.6611	2.8156	2.7574	2.5183	2.5890	2.0820	1.5191	1.3657	1.4748	0.8825	0.3260	0.2500	0.3867	0.8205	1.0392	0.9181	1.2532	1.8716	1.8791	2.3716	2.2123	3.1017	3.1248	3.8211	4.7604	5.6332	6.9239	7.3824	9.4412	10.9745	12.0983	14.5315	15.6369
31.1305	31.2646	31.0995	31.1483	31.0206	31.1282	31.3014	31.0336	31.1467	31.2065	31.0884	30.9359	30.9540	30.8520	30.8574	30.8091	31.0041	30.7536	30.7425	30.7027	30.6721	30.4201	30.4222	30.5357	30.5993	30.2032	30.3348	30.3663	29.8160	29.9652	30.1142	30.1320	30.0627	30.1109	30.1810	30.4883	30.0516	30.1677	30.1369	29.7801	30.0114	30.0986	29.8544	29.6830	29.9502	29.8764	29.8252	29.7054	29.6246	29.8711	29.7702	29.5364	29.5816	29.7073	29.6695	29.6149	29.9333	29.8949	29.9797	29.7947	30.0309	30.1541	30.0696	30.0015	30.0297	30.2112	30.0922	30.2768	30.1886	30.0877	30.1016	30.0436	30.1133	29.9077	30.1575	30.2904	30.2081	30.3166	30.6883	30.6627	29.9914	29.7340	29.3656	29.1735	29.3723	29.3879	29.2158	29.2915	28.6796	29.1115	28.8607	28.9578	28.7646	28.7936	29.1584	29.0578	29.0047	28.5225	28.5857	28.8428	28.6655	28.5579	28.7417	28.5892	29.1279	28.1843	28.4363	28.8135	28.1495	28.8918	28.1743	28.0562	27.7933	27.8975	28.3006	28.0811	27.5017	27.6221	27.7162	27.7864	26.8768	26.6434	27.3070	27.3093	26.2885	26.9991	26.9367	26.9968	26.8823	27.4211	27.1584	26.3845	26.9743	25.9671	24.9134	25.4408	25.6041	25.5942	23.9768	24.1398	24.5484	23.0813	23.4126	23.7637	22.6583	22.6835	22.8436	22.2081	21.4454	20.7129	21.6417	21.3386	20.0418	20.2413	20.5279	20.3907	19.1245	19.1260	19.5101	18.2508	17.7634	17.5314	18.0822	16.8155	16.3941	16.4329	15.7056	15.0031	15.8298	15.0682	13.5109	14.0061	13.9876	12.9803	12.6062	12.0692	12.2754	10.6551	10.2288	10.1938	10.6889	9.8672	9.1672	8.2621	8.4212	8.0657	7.1105	6.8980	6.9755	6.0994	5.7661	6.0968	5.2860	4.7106	4.5975	4.6816	4.2175	3.6607	3.6310	3.3837	2.8758	2.7972	2.5395	2.2559	1.8664	1.6309	1.4936	1.2399	0.8047	0.3196	0.2500	0.4742	0.6896	1.2188	0.9731	1.1380	1.9595	2.0213	2.1761	2.1301	3.1124	3.5314	4.4828	5.4915	6.4180	7.4786	9.1446	10.7058	12.1249	14.0695	15.6520
31.1362	31.1676	31.1164	31.0360	31.0423	31.0525	31.3294	31.0997	31.2454	31.1522	31.0722	30.9984	31.0363	31.0137	30.8891	30.9037	30.9344	30.6788	30.8009	30.8995	30.8873	30.5844	30.6359	30.5990	30.6428	30.5472	30.4883	30.3724	30.0154	30.4246	30.4576	30.2483	30.2005	30.4419	30.1653	30.2856	30.1861	30.4183	30.1832	29.9818	30.0068	30.2359	29.8933	29.8077	30.0296	29.7835	29.7290	29.7930	29.6949	29.7825	29.6013	29.7044	29.7570	29.7308	29.4664	29.4421	29.9946	29.8617	29.7667	29.6591	30.0046	29.9747	29.9624	30.0007	30.2131	30.1661	30.1929	30.1585	30.2064	30.0443	30.2758	30.2105	30.0941	30.2651	30.3333	30.3458	30.3930	30.3911	30.5224	30.6188	29.7910	29.4213	29.2501	29.0045	29.4843	29.6021	29.3958	29.1056	29.1184	29.3267	29.0651	28.9258	29.1816	29.0353	28.9964	29.1341	28.9590	28.8723	29.0844	28.8692	28.8542	28.6073	28.5358	28.5940	28.9617	28.5767	28.0911	28.3837	28.2782	28.6568	28.3629	28.0757	27.5151	28.0734	27.6495	27.7216	26.8463	27.1142	27.3738	27.4725	26.8153	26.9559	26.7508	26.9567	26.7580	26.8825	26.8354	27.1764	26.8697	26.9670	27.0119	26.3991	25.7165	26.1189	24.7941	24.4805	24.5244	24.8816	23.6910	23.7839	23.3988	23.5474	23.4597	23.0745	22.8859	22.1475	22.0388	20.9481	21.0628	21.3978	20.7621	21.6772	19.8130	19.6350	20.1420	19.5047	18.5317	18.8984	19.5477	18.5308	17.4106	16.7050	17.0967	16.9667	15.8231	15.7308	15.3365	15.1432	14.7778	14.6782	14.9302	14.5821	13.4226	13.4131	13.5589	12.1794	12.9129	11.7140	11.5268	10.9193	11.6369	10.3930	10.1269	8.7853	9.6491	8.7021	8.3396	7.4612	7.4128	7.2566	5.9603	5.8854	6.5586	5.7964	4.7590	4.8490	4.6692	4.1823	3.4530	3.5041	3.3346	2.8095	2.5592	2.3390	2.0649	1.8896	1.7827	1.4372	1.0665	0.7455	0.3055	0.2500	0.3796	0.7540	1.0603	0.8497	1.1417	2.0339	2.0249	2.1562	2.3777	3.6209	3.5168	4.8006	5.9753	6.7274	8.0888	9.4926	10.9745	12.5935	14.2529
31.1492	31.1537	31.0237	31.0998	31.0499	31.1082	31.2262	31.0093	31.1963	31.0673	31.0740	30.9868	31.0345	30.9504	30.8678	31.0402	30.9871	30.8353	30.8124	30.8807	30.7339	30.6456	30.6005	30.6427	30.4482	30.4462	30.6385	30.5138	30.0785	30.1081	30.4157	30.1805	30.1720	30.4384	30.2780	30.4246	30.1154	30.3856	30.2739	29.6637	30.1752	30.3126	30.0654	30.0480	30.2515	29.9931	29.9456	29.9932	29.9732	29.8710	29.9262	29.8771	29.9722	29.8988	29.7457	29.7396	30.1975	30.1229	30.0541	29.9396	30.2887	30.3589	30.3563	30.4275	30.3421	30.3531	30.4893	30.4364	30.3187	30.2430	30.5039	30.4524	30.3329	30.5870	30.3874	30.4939	30.5953	30.5301	30.5887	30.7466	30.0425	29.8927	29.7572	29.0847	29.6260	29.6244	29.5637	29.4175	29.3175	29.2634	29.1716	29.2353	29.4260	29.1172	28.9433	29.2291	29.4068	28.8146	29.3079	28.9957	29.1745	28.9394	28.3159	28.8213	29.0132	28.5394	28.1588	28.1513	28.6236	28.6916	28.5004	28.5043	27.8017	28.0654	28.6152	27.7700	27.7632	27.3172	27.5887	27.0938	26.4852	26.2323	26.8263	27.3923	27.2400	26.9677	26.9280	26.6550	26.2710	27.0613	27.0814	26.3048	25.0911	25.2857	25.0903	24.6202	24.5576	24.1455	24.1170	24.0699	24.1631	22.8217	23.1898	23.1341	22.9813	22.3374	21.6825	21.7023	21.5095	21.3130	20.9647	21.5005	20.3619	20.8071	20.6990	20.4552	18.6931	19.2279	19.8812	18.7047	18.2896	17.7480	17.9798	16.7415	16.9626	16.7847	15.9385	15.0838	15.2237	15.7624	13.6589	13.9976	13.4216	12.8067	12.5935	12.1840	12.6902	11.2726	11.1160	10.8553	11.2305	10.5552	9.5247	9.0730	9.6150	8.6443	8.1513	8.2696	7.3514	7.0119	6.7235	6.4988	5.9763	5.7659	5.3306	4.7947	4.6082	4.6165	3.8426	3.7408	3.2082	3.1187	2.7785	2.6272	2.1284	1.9099	1.8913	1.4417	1.0175	0.9805	0.6268	0.3320	0.2500	0.3893	0.7077	1.0669	0.8962	1.2553	1.8895	1.7949	2.2466	2.9115	3.4876	4.5857	5.9737	6.4398	8.6238	8.9563	10.6055	12.0578	14.5747
31.1758	31.2534	31.1162	31.1490	31.0290	31.1693	31.2601	31.0671	31.0963	31.2158	30.9458	30.9690	30.9779	31.0105	30.8274	30.8862	31.0058	30.7959	30.7445	30.8279	30.7902	30.3846	30.4306	30.5066	30.5915	30.2517	30.1664	30.4868	30.1105	30.1376	30.1582	30.1985	30.2154	30.1422	30.2258	30.5158	30.0447	30.2722	30.3384	29.9976	30.1846	30.1198	29.9909	29.8490	30.0381	30.0153	29.9855	29.8394	29.7995	29.9934	29.7381	29.8698	29.8747	29.8960	30.0022	29.7962	30.1081	29.9495	30.0611	29.8969	29.9963	30.1573	30.0056	30.0431	29.9838	30.1435	30.0416	30.2411	29.9845	30.0434	30.2256	30.0293	30.0404	30.0695	30.3069	30.4591	30.1395	30.3408	30.8153	30.6617	30.2587	30.0817	29.8412	29.5371	29.6838	29.7691	29.5976	29.5102	29.2124	29.3141	29.3991	29.1469	29.0660	29.2411	29.0867	29.3024	29.1511	29.0853	28.7674	29.0339	29.0291	29.0494	28.8737	28.9292	29.2173	28.9186	28.1201	28.3078	28.4484	28.9398	28.7514	28.0080	27.8601	28.0122	27.7086	27.8683	27.4267	28.1108	27.4813	27.3053	26.6629	26.9924	26.6173	26.7902	26.6274	26.8368	26.3609	27.3071	26.8428	27.7971	27.0828	26.6136	25.1046	24.7989	25.7361	24.6220	23.7242	24.3378	24.0616	23.0777	23.3677	22.5949	22.6608	21.8673	21.9598	22.5750	21.9322	21.0554	21.4897	21.2227	20.2729	19.7178	20.4423	20.6897	19.4800	18.8083	19.7231	19.2632	18.2974	17.8253	18.0876	17.3480	17.7308	16.8489	17.6840	15.8739	15.7645	15.7762	16.3405	15.1401	13.7248	15.2195	14.1757	13.3813	12.8509	13.6969	13.0884	11.6418	11.9185	11.8601	11.8353	10.6206	10.4092	10.0561	10.1677	8.9860	8.7513	8.5415	8.2624	7.1874	7.2028	7.4036	6.4023	5.8294	5.8969	5.4892	4.6982	4.6580	4.4281	4.1223	3.7173	3.0781	3.3896	2.6581	2.4880	2.3266	2.3729	2.0303	1.2305	0.9561	0.9054	0.6440	0.3068	0.2500	0.4034	0.6986	1.1335	0.9601	1.3361	2.4611	1.9082	2.6398	3.1678	4.5199	6.0343	7.0530	8.7634	9.7565	11.0740	12.8816	14.0611
31.2395	31.3348	31.1702	31.2261	31.1748	31.2185	31.3471	31.1996	31.2724	31.1937	31.1912	31.1620	31.0757	31.0419	31.1155	31.0281	31.1253	30.9036	30.9458	30.9835	30.8481	30.6378	30.6642	30.7094	30.7980	30.6504	30.6493	30.4807	30.1920	30.3370	30.4185	30.3722	30.1644	30.4013	30.3227	30.5166	30.2535	30.3434	30.3088	30.0672	30.3014	30.2539	30.0620	29.9811	30.2809	30.1063	30.0462	30.0358	30.0401	30.0097	30.0803	29.9276	30.0151	29.9781	29.9399	29.9462	30.1622	30.2597	30.1715	30.1797	30.2916	30.3499	30.3431	30.2632	30.3486	30.4968	30.3004	30.4535	30.5372	30.3582	30.3488	30.4406	30.4649	30.3127	30.5250	30.6647	30.5489	30.6529	30.8993	30.8434	30.2201	29.9753	29.9257	29.8234	29.7873	29.5846	29.7302	29.3547	29.6594	29.3580	29.5334	29.3858	29.3576	29.2714	29.2866	29.6494	29.1154	29.0850	29.1173	29.4232	29.4555	29.1996	29.3763	29.1706	29.2879	28.6175	28.9927	29.1698	29.1760	29.0179	28.4635	28.6069	28.6715	28.8658	28.8169	28.8954	28.2226	28.1244	28.0500	27.2249	27.3287	27.6426	27.2591	27.6866	27.6315	27.2940	27.7228	27.1633	26.7639	27.5102	27.9654	26.9907	26.4480	26.6147	25.5661	25.4162	25.4455	25.3857	24.8658	24.5436	25.3168	24.1183	24.2623	24.0125	23.4213	23.3733	22.6252	22.5093	22.7810	22.0908	22.2092	22.0775	21.5823	21.1467	21.4666	20.2678	20.2268	19.1702	20.5287	19.4269	18.0374	18.5363	18.4562	17.3296	16.6096	16.9715	16.2525	15.3621	16.5013	15.8593	14.4605	14.9986	14.9732	14.5487	13.6101	12.2452	13.6893	13.0788	11.4080	11.1237	11.6190	11.4840	10.4321	9.3006	10.0987	9.8056	8.3294	8.6342	7.9019	7.7544	7.0387	6.9197	6.7929	5.9847	5.4293	5.6284	5.3212	4.6025	4.5462	4.6466	3.9825	3.3476	3.2703	3.1278	2.4053	2.1868	2.3269	2.1435	1.8917	1.1276	1.3025	1.1404	0.5910	0.3307	0.2500	0.4661	0.8782	1.1148	1.0778	1.4804	2.3709	2.6669	3.0759	4.3207	5.4345	6.2304	7.6491	8.7917	10.6033	12.5295	13.8909
31.0516	31.0113	31.0004	30.9977	30.8683	30.9765	31.1397	30.9028	31.1243	31.0252	30.8748	30.9539	30.9521	30.9935	30.7935	30.9024	30.8826	30.4886	30.5668	30.8060	30.6029	30.4766	30.3798	30.3950	30.4521	30.2369	30.5070	30.4260	30.1891	30.2084	30.4288	30.2245	30.1170	30.2591	30.1880	30.1364	30.0596	30.1096	30.2904	29.8465	30.0943	30.1698	29.7768	29.8268	30.0438	29.7973	29.6827	29.7371	29.6786	29.7392	29.5595	29.7047	29.7500	29.5840	29.6861	29.5565	29.9650	29.8906	29.8916	29.8359	30.1098	30.0729	30.0756	30.1341	30.1896	30.1495	30.1381	30.2964	29.9188	29.9376	30.3049	30.1735	29.9160	30.1606	30.2920	30.2617	30.3066	30.5865	30.5393	30.5429	30.0610	29.9652	29.5462	29.5364	29.6663	29.5588	29.5305	29.4799	29.4698	29.5924	29.4687	29.2981	29.4583	29.1419	29.5433	29.4596	29.3276	29.2631	29.1911	29.3351	29.3201	29.6195	29.1226	29.0047	29.2889	29.3275	28.4020	28.7863	28.9440	29.2153	28.1965	28.4199	28.0576	28.4413	28.9122	28.6749	27.6122	27.9679	28.1227	28.3696	27.6623	28.2549	28.0893	28.0295	27.9154	27.7260	27.5186	27.3606	28.0231	27.7856	27.7035	26.7585	26.2368	26.9847	26.1147	25.2279	25.5990	25.8778	24.5187	24.6920	24.7361	23.9676	24.9626	24.6724	24.0340	22.7126	23.3825	23.1755	22.7575	22.8061	23.1687	22.5881	20.9543	21.3796	21.8264	21.3745	19.9837	20.2932	21.0264	19.9502	19.6281	18.3130	18.8562	18.8311	17.2752	18.4869	18.0475	17.6386	16.5823	17.3822	16.8862	16.7486	15.3055	15.2611	15.1420	14.1828	14.8345	13.6939	13.0479	13.0653	13.5330	12.3554	11.8458	11.0302	11.6714	10.6445	10.5366	9.6859	9.4886	8.7119	8.0283	8.6254	7.5066	7.1467	6.1267	6.2129	6.2466	5.8666	4.8173	4.9351	4.3665	3.9969	3.4246	3.3612	2.9813	2.5541	2.5561	2.2981	2.0959	1.6619	1.2272	0.9578	0.7948	0.7349	0.3275	0.2500	0.4054	0.7882	1.1271	1.1040	1.4823	2.6743	2.8279	3.6452	4.8510	5.7795	7.8404	8.2233	9.9014	11.0671	12.6398
31.1907	31.2327	31.1424	31.1495	31.0847	31.1197	31.2631	31.0019	31.0964	31.1628	31.0836	31.0033	30.9311	30.9949	30.9400	30.8979	30.9632	30.8119	30.8264	30.9374	30.8206	30.4683	30.4989	30.6508	30.6318	30.2938	30.5745	30.3894	30.1136	30.3422	30.4729	30.3018	30.2223	30.2983	30.2119	30.5372	30.2436	30.3249	30.2081	29.9769	30.1944	30.1526	29.8083	29.7139	30.0343	30.1205	30.0113	29.9259	29.9601	29.9480	29.9571	29.7965	29.9422	30.0246	29.8976	29.8781	30.1459	30.0502	30.1961	29.9970	30.1191	30.3114	30.1500	30.1603	30.3333	30.2033	30.2438	30.2775	30.2499	30.1026	30.2876	30.2453	30.1197	30.3821	30.4006	30.1884	30.4152	30.6314	30.6599	30.6846	30.3906	30.1259	30.1304	29.9472	30.0040	29.7707	29.7169	29.7071	29.5544	29.2979	29.4567	29.4923	29.6779	29.4615	29.6161	29.3942	29.3989	29.1289	29.5085	29.5947	29.4590	29.1945	29.2093	29.2232	29.4975	29.1818	28.7169	29.0798	29.2418	29.3508	28.9630	28.4929	28.5932	28.6949	28.7319	28.8230	28.2309	28.7158	28.2784	28.0959	27.7887	27.5874	27.8339	28.1939	28.0989	28.0364	28.0767	28.4065	27.2588	28.2605	28.1444	27.6026	27.5309	27.1245	26.2685	25.7584	26.1277	25.9098	25.3564	25.2547	25.4590	24.1542	24.9629	24.5987	24.4306	23.8600	23.1471	23.8639	23.3726	22.5746	23.5702	22.7050	22.3208	23.1788	22.4736	22.0255	21.8905	21.9042	21.6903	20.7380	21.1977	20.7725	20.2112	19.8243	19.8314	19.7195	19.1198	18.1674	18.6345	18.2758	16.8716	17.0223	16.6522	16.1226	15.8880	15.1824	16.0468	13.4436	14.5973	13.6931	13.5241	12.9449	12.3196	12.0543	12.4576	10.8733	11.2523	10.5606	10.4121	9.2768	9.8400	9.1059	8.1915	8.0799	8.0226	7.5181	6.7941	7.1381	6.7725	5.4564	5.2694	5.1079	4.3107	3.9474	3.4445	3.4520	3.2711	2.4391	2.6226	2.5645	2.1819	1.2354	1.1561	1.3225	0.7337	0.3659	0.2500	0.6058	0.8587	1.4605	1.3665	2.1863	3.1440	3.9802	4.9868	6.0339	8.0827	8.9099	10.6672	11.9064	14.8136
31.1672	31.2954	31.1693	31.2347	31.0401	31.1686	31.2852	31.0112	31.1323	31.1358	31.0774	31.0230	30.9206	30.9976	30.9195	30.8561	31.0532	30.7741	30.7157	30.8486	30.8045	30.3399	30.3728	30.5895	30.6039	30.1742	30.4642	30.4116	30.0321	30.0821	30.3029	30.3535	30.0894	30.2031	30.2250	30.4850	30.0378	30.3216	30.2644	30.0528	30.2761	30.2200	30.0634	29.8688	30.2112	30.0472	30.1913	30.0651	29.8956	30.0642	29.9254	29.9359	29.9741	30.0561	29.9742	30.0365	30.2077	30.2137	30.2051	30.1056	30.2590	30.2541	30.1750	30.1359	30.1613	30.1993	30.1164	30.3607	30.2050	30.0840	30.2309	30.1920	30.1957	30.0440	30.3811	30.4938	30.2439	30.3618	30.7126	30.6793	30.1831	30.0310	29.9430	29.7374	29.9098	29.9670	29.6524	29.7525	29.5247	29.5657	29.4893	29.5311	29.3436	29.4785	29.4229	29.7275	29.5246	29.4176	29.3731	29.3202	29.3934	29.3362	29.2449	28.9040	29.2518	29.2811	28.4819	28.9166	29.2634	29.6141	28.9184	28.4179	28.5945	28.0233	28.7397	28.4718	28.0960	28.1158	28.0934	28.0420	27.2739	28.1095	27.6236	27.9652	27.3939	27.6992	27.3460	28.1209	27.1169	28.5618	28.3761	27.6710	26.4937	26.4968	26.0765	25.8460	25.3048	25.2600	25.0430	24.2690	24.8306	24.0062	24.0420	23.6745	23.8954	23.4207	23.1059	22.2646	22.5714	21.9951	22.4987	21.4222	21.5277	21.8036	20.8921	20.3514	20.0714	20.4436	20.2286	19.3117	19.2548	19.9136	19.3227	18.5439	18.6264	18.5665	16.6389	16.9041	18.1869	16.5029	15.3388	16.1185	16.4919	14.7693	14.7614	14.6895	14.1883	13.2186	13.8184	12.9458	13.0183	12.1384	11.3842	11.4548	11.9800	10.2197	9.5976	10.1572	9.7793	8.5913	8.9949	8.7573	8.6528	7.3532	7.2937	7.3255	6.3370	6.2775	6.5613	5.8413	5.0460	4.6446	5.0143	4.4295	3.7424	3.2322	3.6236	3.1402	2.3980	2.5049	2.2803	2.0128	1.2878	1.1077	1.1700	0.8257	0.3278	0.2500	0.5708	1.1423	1.4242	1.9780	2.5096	3.6907	4.8288	6.1087	7.3826	9.8277	10.2894	12.6569	13.2497
31.0817	31.1359	31.0245	30.9833	30.9676	30.9956	31.1882	31.0035	31.0166	31.0340	31.0006	30.9943	30.8643	30.8703	30.8713	30.8337	30.8624	30.7118	30.6157	30.7813	30.5386	30.5190	30.3398	30.5074	30.5905	30.3727	30.4995	30.3761	30.0525	30.1369	30.3796	30.2549	30.0061	30.1374	30.1444	30.3552	30.1023	30.3949	30.2190	29.8647	30.1191	30.0839	29.8980	29.8136	30.0091	29.7875	29.7067	29.7991	29.6719	29.7219	29.6863	29.7318	29.7303	29.8156	29.7874	29.6463	29.9789	29.9837	29.9339	29.8905	30.1577	30.3686	30.0271	30.1441	30.2593	30.2390	30.1626	30.3697	30.3008	30.0999	30.3580	30.2718	30.2600	30.1284	30.5207	30.5592	30.3206	30.4651	30.6890	30.7076	30.2310	30.0812	30.0167	29.9114	29.9386	29.8634	29.8466	29.8294	29.6611	29.5534	29.5281	29.6969	29.5654	29.4406	29.6157	29.8429	29.5386	29.7298	29.5982	29.6331	29.5475	29.8159	29.5117	29.4092	29.6134	29.3957	29.3650	29.4616	28.9945	29.6509	29.0323	29.0169	29.1108	28.9988	29.0986	29.3612	28.6816	29.0484	28.4930	28.6666	28.4574	28.4924	28.4230	28.8123	28.2021	28.0901	28.2339	28.3909	28.3114	28.1718	28.8403	28.0980	27.5202	27.5393	26.8418	27.1396	27.2233	27.0682	26.1982	26.5289	26.3304	26.0140	26.3671	25.5313	25.4557	25.0014	24.8384	24.6331	23.9571	24.6074	25.0187	24.0396	23.6641	22.7177	23.6294	23.1206	21.9502	22.6281	23.2251	21.7919	20.5896	21.5640	22.0360	20.7453	19.5724	20.9515	20.4105	19.4821	17.8102	19.9290	18.8124	17.3134	17.9201	18.1214	16.6131	15.0428	16.4065	16.0401	14.9049	13.7457	15.4896	14.5539	13.6853	12.1626	13.6990	12.3430	11.1763	10.7706	11.2556	10.6352	9.0961	9.6953	9.2960	8.6112	7.5941	8.1298	7.4686	6.6426	6.2136	6.6175	5.9570	5.0058	5.0274	5.2374	4.0342	3.8856	3.8396	3.6556	3.0256	2.3899	2.5761	2.5665	2.0404	1.2542	1.4058	1.3120	0.8180	0.3640	0.2500	0.5614	1.0009	2.2371	2.4765	3.6638	4.1569	5.1432	6.5920	7.9396	10.0334	12.2094	12.8589
31.1513	31.1049	30.9810	30.9874	30.9933	30.9754	31.1233	31.0548	30.9448	31.0757	30.9775	31.0685	30.9256	30.9425	30.8489	31.0697	30.9830	30.7255	30.8157	30.8289	30.6595	30.5180	30.5733	30.7194	30.4804	30.5591	30.6369	30.5019	30.1296	30.3741	30.6023	30.2523	30.1357	30.3472	30.2698	30.2011	29.9741	30.4443	30.2800	29.7420	30.0955	30.3016	29.9899	29.8631	30.1173	29.8585	29.9139	30.0093	29.8883	29.8936	29.8582	30.0208	30.0105	29.9213	29.9839	29.7614	30.2776	30.2548	30.1887	30.1788	30.4714	30.3809	30.4279	30.4319	30.5188	30.4410	30.5379	30.6211	30.4102	30.4728	30.5607	30.6376	30.4593	30.4794	30.6185	30.6476	30.6377	30.6950	30.7761	30.8131	30.2113	29.9315	29.9294	29.7572	29.9064	30.1078	29.8370	29.6827	29.8240	29.7369	29.6011	29.5467	29.5656	29.8779	29.5767	29.6430	29.7269	29.4907	29.8476	29.6757	29.0101	29.5891	29.5674	29.7377	29.4984	29.5549	29.7608	29.4765	29.0757	29.7850	29.5124	29.2855	29.2768	29.1105	29.6518	29.2730	29.0521	29.1787	29.4644	29.0628	28.6217	28.5562	28.5253	28.4540	28.5316	28.7577	29.0408	28.9538	28.5167	28.9101	28.5333	29.0187	27.6009	27.5587	27.4516	26.5573	26.7908	26.8410	26.5857	26.6152	27.3212	25.9914	26.5071	26.7150	26.1143	25.0091	25.4581	25.2502	24.8941	24.8838	24.3170	24.9679	23.5504	23.6727	24.4650	23.6238	23.2875	23.3328	24.1884	23.4217	23.2325	21.8734	22.0205	22.3245	21.6230	21.0582	20.4830	20.4628	19.9170	19.5244	19.7691	19.9052	18.7614	18.3638	18.3866	17.3745	17.1545	16.5155	17.0671	15.6149	16.0561	15.0723	14.6445	13.9941	14.5629	13.5446	13.3019	12.6872	12.0793	12.0280	11.1264	11.3746	10.1290	9.9846	8.9357	9.1494	8.5545	8.6179	7.8367	7.5035	7.5657	6.7904	5.8374	5.7271	5.0153	4.3795	4.4255	4.0831	3.6471	3.3028	2.6987	2.8722	2.8489	2.4091	1.4179	1.4596	1.6441	0.9009	0.4224	0.2500	0.6528	1.6678	2.3152	3.4074	4.2820	5.2837	6.8298	8.2064	9.9179	11.4309	12.4315
31.1616	31.1587	30.9381	31.0628	30.9297	31.0235	31.1370	30.9223	30.9558	31.0163	30.9398	30.8620	30.7842	30.7773	30.6940	30.7182	30.7522	30.6738	30.7001	30.6576	30.6036	30.3727	30.4780	30.4261	30.4180	30.2893	30.2898	30.1873	29.7554	30.0366	30.2200	30.0213	29.9570	30.1589	30.0994	30.2219	30.1224	30.2568	30.1004	29.9700	30.1371	29.9908	29.8200	29.8607	29.9748	29.9624	29.9389	29.8229	29.9330	29.9864	29.9168	29.8254	29.9400	29.9546	29.9948	29.9519	30.1381	30.1100	30.0318	30.0735	30.1684	30.1676	30.1559	30.0858	30.1980	30.0616	30.1485	30.3373	30.1001	30.0905	30.3326	30.2195	30.2242	30.2298	30.1806	30.2797	30.3402	30.2141	30.5093	30.6362	30.6335	30.4406	30.3641	30.2633	30.0949	30.2528	30.1988	30.1010	29.8354	30.0513	29.9834	30.0256	30.0706	30.2283	30.1192	30.2224	29.9921	30.0615	30.0348	30.0666	30.1496	29.8796	29.9405	29.7908	29.9684	29.7476	29.8582	29.9924	29.9256	29.8783	30.0555	29.7179	29.6880	29.6121	29.8330	29.8956	29.5253	29.4976	29.3853	29.4032	29.0938	29.1485	29.2754	29.4109	29.0631	29.2189	29.5112	29.4024	29.2626	29.6718	29.4540	28.6486	28.6109	28.9707	28.4412	28.3281	28.2811	27.3645	27.7625	27.7662	27.9714	27.1810	27.1570	27.2233	26.8856	26.4735	26.7728	26.2656	25.7961	26.4315	25.3796	25.8989	25.3617	26.2878	25.6632	25.1847	25.2714	25.2452	24.6257	24.2143	24.4966	24.4677	24.1807	23.0550	24.0409	23.2573	22.6669	22.1759	23.8769	22.2620	21.6818	21.7438	21.5941	21.2241	20.4464	20.7579	19.5090	18.8633	18.9170	18.5439	18.5205	16.9325	17.5343	17.3730	17.8171	15.3043	15.8262	15.6046	14.6716	13.6725	14.1760	13.9547	13.0808	12.0297	11.8192	11.6205	10.5265	10.5474	11.2612	9.6072	8.6370	9.4445	9.2587	7.2803	6.5851	6.4587	6.8486	5.3201	5.1073	5.1939	5.0745	3.3922	3.8104	4.2399	3.3196	2.1046	2.0804	2.3460	1.0887	0.4542	0.2500	0.8644	1.5418	3.1986	4.4700	5.4465	7.2276	8.5382	9.9042	11.3172	12.7177
30.9685	31.1360	31.0121	30.9879	30.8096	30.9591	31.0601	30.8723	30.9243	30.9390	30.7835	30.8197	30.7559	30.7184	30.7101	30.6960	30.7137	30.5515	30.5910	30.5654	30.4617	30.2371	30.1366	30.2206	30.3756	30.1970	30.1553	30.0926	30.0642	30.0597	30.1245	30.1670	29.9650	30.0194	30.1299	30.1502	29.8644	30.3002	30.1420	29.9080	30.2304	30.2230	30.0969	29.9786	30.2510	30.0934	29.9804	30.0934	29.9588	30.0181	29.8915	29.8304	29.8891	29.8870	29.7853	29.9379	30.0541	30.0433	30.0329	30.0283	30.1919	30.1386	30.1338	30.0317	30.1434	30.0855	29.9319	30.1408	30.0925	29.9414	30.1303	30.1568	30.0107	29.9505	30.1987	30.3838	30.1085	30.3417	30.6202	30.6456	30.5522	30.4324	30.2533	30.2239	30.2163	30.2707	30.0832	30.1007	29.9893	29.8708	30.1805	29.8268	29.7618	29.9798	29.9455	30.0395	29.9217	29.7710	29.6519	29.9706	29.9313	29.4352	29.9182	29.6469	29.8583	29.9896	29.8910	29.6061	30.1636	29.9303	29.9413	29.6696	29.5402	30.0472	29.6570	29.7985	29.2715	29.8391	29.5834	29.5656	28.6453	29.2640	29.3392	29.4494	28.8092	29.5372	29.3766	29.4771	29.2838	29.5586	29.1059	29.0461	28.8484	28.6046	28.7612	28.5959	28.2359	28.1777	28.3504	27.2763	28.1781	27.2210	28.2256	27.5604	26.9863	26.6289	27.2111	26.8530	26.9777	26.7037	26.5909	26.2083	25.7927	26.5347	26.7377	25.5727	25.5412	25.6195	26.0279	24.1340	24.8742	25.1745	25.1354	23.5502	24.3444	23.9692	22.0357	22.3517	23.1497	22.5442	22.6321	22.5150	21.8791	21.6268	21.2768	20.8006	20.3353	19.0882	20.3371	19.5676	19.1202	18.4942	18.1181	17.5144	18.7223	17.4936	16.1995	15.8527	16.2646	14.7678	14.5088	14.4450	13.9084	12.9849	12.2947	12.2256	11.9809	10.1232	11.1058	10.9839	9.5040	8.8003	9.8728	8.4852	7.1827	7.1059	8.0215	7.0697	5.6766	5.2828	5.0783	4.6719	3.5038	3.8945	4.1750	3.3633	2.3225	2.7573	2.5056	1.5875	0.5918	0.2500	0.7130	1.8596	3.1255	3.9780	4.8671	6.3875	8.4440	9.8699	10.3094
31.0377	31.0632	30.8542	30.8616	30.8758	30.8617	31.0140	30.8526	30.9107	30.8719	30.9450	31.0543	30.8053	30.6894	30.7596	30.7775	30.8190	30.6233	30.6835	30.6537	30.4629	30.4209	30.4154	30.3965	30.3096	30.1488	30.3749	30.3415	29.6075	29.9936	30.2281	29.9122	29.7431	30.1633	30.0211	30.1300	29.9904	30.3236	30.0321	29.6955	30.1329	30.0943	29.8710	29.8031	30.0845	29.8110	29.9259	29.9252	29.8219	29.8683	29.8540	29.6432	29.6963	29.9376	29.9495	29.8693	30.1181	30.2145	30.0508	30.1278	30.2616	30.3728	30.2144	30.2373	30.3480	30.4199	30.3298	30.4958	30.3444	30.1933	30.3440	30.3294	30.0994	30.1683	30.4297	30.4690	30.3957	30.5545	30.6617	30.7498	30.6715	30.5318	30.4685	30.3742	30.3343	30.1645	30.1471	30.2051	30.1761	29.9924	29.8995	30.2160	30.0502	29.8877	30.0952	30.1871	29.9333	30.1620	30.1694	30.2127	29.8025	29.9764	30.2100	29.9806	30.1354	30.2056	30.1031	29.7899	30.0682	30.1960	29.9533	30.0262	29.9144	30.2235	29.9675	29.7306	29.7841	29.7161	29.8425	29.4133	29.4233	29.0725	29.1346	29.6362	29.1717	29.5440	29.1613	29.5359	29.4188	29.1688	29.1377	29.0519	28.9674	29.0194	28.4651	29.0669	28.6389	29.1933	28.7823	28.4374	28.3070	27.8410	28.6617	28.5260	27.9931	27.2256	28.4455	27.2311	27.0931	27.7687	27.7682	27.5168	26.9080	26.4473	27.4224	26.7749	26.5335	26.9843	27.1900	26.1203	25.6901	26.0805	26.9592	26.1144	25.6448	25.3585	25.5559	25.1998	25.1059	25.1650	24.9357	23.9014	23.3671	23.8634	23.6494	22.7129	22.5228	22.0396	22.3554	21.6235	21.0015	21.0981	20.9877	19.2305	19.6723	19.5641	19.1424	17.8136	16.8689	17.8234	16.0400	16.4485	15.6352	15.7207	14.3043	14.1086	13.3005	13.5806	12.5859	12.1495	11.7803	11.0431	10.6375	9.9209	9.0133	8.7961	8.7414	8.2343	7.0059	6.8835	6.2583	5.7156	5.1298	4.4545	4.5978	4.6014	4.0748	3.5907	3.0980	2.8550	1.7360	0.5410	0.2500	1.0846	1.9918	3.2176	4.2152	5.5031	6.8129	8.9981	10.4800
31.0311	31.1228	30.9567	31.0559	30.8909	30.9838	31.0312	30.8407	30.9210	30.9008	30.8573	30.8204	30.8068	30.7833	30.7165	30.6107	30.8102	30.5573	30.4594	30.4408	30.4425	30.2083	30.2382	30.2210	30.2844	30.2673	30.0506	30.0760	29.9898	30.1347	29.9849	30.2880	30.0456	30.1858	30.0637	30.1270	30.0953	30.1725	30.0456	29.9130	30.1386	30.1223	30.0490	29.9487	30.1529	30.0773	30.0851	30.0105	30.1114	30.0436	30.0668	30.0126	30.1873	30.0519	30.1247	30.1748	30.2318	30.1492	30.2991	30.1609	30.2071	30.4267	30.1841	30.1887	30.1729	30.2425	30.2044	30.2462	29.9155	30.0779	30.2549	30.1795	30.0828	30.1410	30.1359	30.2543	30.3738	30.4602	30.6062	30.6180	30.8718	30.8014	30.6981	30.6085	30.5637	30.5808	30.5796	30.5815	30.4515	30.4258	30.3581	30.4258	30.3157	30.3832	30.3588	30.5374	30.3634	30.3988	30.4916	30.3085	30.4928	30.2525	30.3100	30.2218	30.5461	30.3563	30.0675	30.2854	30.3097	30.3218	30.2771	30.1077	30.0474	30.2669	30.3651	30.2860	30.1446	30.1592	30.1475	30.5163	29.7920	30.1709	30.1564	30.1733	30.0216	30.1408	30.1986	29.8390	30.1000	30.2088	29.9048	29.7332	29.8045	29.9842	29.5001	29.4811	29.8513	29.0143	29.0518	29.2121	29.2894	28.7307	29.3048	28.9042	28.3749	28.2790	28.2593	28.8723	28.3743	28.2111	28.6307	27.6946	27.3508	28.1799	27.2812	27.5771	27.9964	27.6656	27.9949	27.4521	27.7048	27.4077	27.7914	26.3644	27.3413	27.2856	26.5912	26.3763	26.6160	26.0427	25.9521	26.3637	25.2417	24.7869	24.1704	25.8018	23.9492	24.4585	24.6025	24.5739	23.3985	23.4332	22.0281	22.7098	23.2452	21.4404	22.1086	21.3885	21.0065	19.4072	20.3735	20.0116	19.8714	17.9348	18.6859	17.4312	16.7357	16.9192	17.5353	15.3362	13.1624	14.4353	14.4399	11.6518	11.3601	12.0561	11.8098	9.6142	9.3427	9.6150	8.5644	7.4039	6.9728	6.8017	5.7020	5.2842	4.9812	4.7930	3.9021	3.7783	3.4752	1.9112	0.7611	0.2500	0.9003	1.8599	3.0627	4.2051	5.2300	6.8788	9.4913
31.1553	31.1233	30.9293	30.9954	31.0101	30.9560	31.0351	31.0003	31.0087	30.9289	30.9862	30.9443	30.8293	30.8436	30.8865	30.7977	30.8672	30.7727	30.7164	30.7267	30.5887	30.5846	30.5364	30.5983	30.3988	30.3377	30.4980	30.3743	29.7405	30.4551	30.5372	30.3091	30.1075	30.4207	30.4354	30.3609	30.2720	30.5331	30.2286	30.0562	30.3967	30.3041	30.1237	30.0958	30.3264	30.1262	30.1365	30.0825	30.0331	30.2437	30.0861	30.1375	30.1500	30.2565	30.2915	30.3310	30.4057	30.3755	30.4823	30.4220	30.4954	30.5169	30.4580	30.3769	30.5728	30.5549	30.4806	30.3904	30.3723	30.2568	30.2378	30.3711	30.3282	30.3720	30.5462	30.5387	30.4903	30.7439	30.7796	30.7464	30.9077	30.8322	30.7601	30.5913	30.7527	30.5864	30.5829	30.5780	30.5765	30.5346	30.4921	30.5637	30.3361	30.4834	30.6217	30.6754	30.3648	30.5706	30.4231	30.5939	30.3775	30.5164	30.3287	30.4663	30.5725	30.3632	30.5276	30.6813	30.6217	30.4350	30.2429	30.3911	30.3634	30.5174	30.6079	30.2334	30.1458	30.1605	30.0374	30.0212	30.1133	29.9902	30.0969	30.0668	30.0629	30.1304	30.1434	30.2979	29.9844	30.0207	29.8180	29.8068	29.5219	29.8781	29.4862	29.2717	29.5093	29.5278	29.1754	29.2940	29.5095	28.9560	29.3801	29.4348	29.0991	28.9368	29.4449	29.0958	28.4130	28.8174	29.0976	28.1749	28.3575	28.4575	28.7188	28.5102	27.5956	28.5312	28.2848	28.1337	27.9577	27.6217	28.2527	27.5871	27.3631	27.4573	27.7015	26.8382	26.9083	27.2205	27.0615	26.7460	25.2303	25.8446	26.2110	24.6220	24.6236	25.7398	24.8200	24.5856	24.4923	23.5074	24.6949	22.1242	22.7276	22.0830	21.5841	20.1114	20.9901	21.2050	18.6049	18.9143	18.7618	17.5807	16.9610	16.9387	15.9988	15.8496	15.0880	14.0006	14.5145	13.3695	12.9312	12.6094	12.1772	11.5902	10.8632	10.7456	10.3699	9.5271	8.2036	8.0603	7.2166	7.1794	6.3429	6.0364	5.3613	4.9576	4.7591	4.4775	3.9406	2.9602	1.8717	0.8449	0.2500	0.8102	2.0469	3.4812	4.7113	6.3516	8.1436
31.0499	31.2446	31.0314	31.0699	31.1321	31.0696	31.1421	30.9595	31.0898	31.0750	30.9322	30.9666	30.9234	30.9317	30.9025	30.7826	30.9297	30.7303	30.7776	30.5813	30.5940	30.4124	30.5000	30.4444	30.4033	30.3919	30.3360	30.1936	30.1088	30.2867	30.2396	30.4481	30.3249	30.2523	30.1105	30.2518	30.1181	30.2949	30.2061	29.9830	30.1306	30.2765	30.0708	29.8972	30.1180	30.1497	30.0087	30.1538	30.0757	30.0931	30.1816	30.1857	30.1326	30.1438	30.1587	30.2351	30.2753	30.3375	30.2894	30.1682	30.3866	30.3755	30.3113	30.2218	30.3441	30.3727	30.3452	30.3535	30.2414	30.1283	30.2921	30.2279	30.2760	30.1856	30.3761	30.4185	30.4748	30.6335	30.7271	30.7463	30.9672	30.8987	30.8054	30.7735	30.7097	30.6632	30.6701	30.6658	30.5626	30.5753	30.6621	30.4826	30.5044	30.4677	30.5499	30.5852	30.4555	30.5679	30.4784	30.5789	30.5235	30.4091	30.5731	30.5038	30.6699	30.6245	30.5799	30.5382	30.4846	30.5425	30.6051	30.4663	30.3591	30.5155	30.6638	30.4093	30.3830	30.5028	30.4259	30.5681	30.1621	30.2804	30.3451	30.2695	30.1469	30.4812	30.3842	30.2780	30.4357	30.4357	30.3956	30.2651	29.8394	29.8688	29.8102	30.0502	29.8097	29.6238	29.5785	29.4478	29.3563	29.0943	29.4446	29.3767	29.0596	29.2980	29.1262	29.2648	28.7154	28.5835	28.7621	28.7956	27.9635	28.3223	28.5464	27.9986	27.9690	27.5115	27.5051	27.6575	27.6786	27.5353	28.0057	26.7625	27.7884	26.6032	26.5663	26.3839	27.4111	25.9750	25.3543	26.1101	26.7413	25.8649	24.5939	25.4040	24.9563	24.4433	24.6800	24.3820	24.4548	23.5654	21.8436	22.6136	23.6335	22.6146	20.5117	21.7371	22.3179	19.4845	20.1313	21.1507	20.0114	18.1279	19.2366	18.0142	16.6934	17.2509	17.5572	15.7773	14.7193	14.9513	15.3515	13.1065	12.8546	13.3861	13.0377	10.8522	10.5138	10.8048	10.6157	9.2343	8.7355	8.4741	8.0984	7.1604	6.6600	6.4681	5.6653	5.1088	4.8619	4.0594	3.0724	2.2716	0.8291	0.2500	1.2570	2.2492	4.0024	5.2187	6.6484
31.0000	31.0602	30.8751	30.8980	30.9160	30.7930	30.9314	30.8609	30.9237	30.9238	30.8711	30.9182	30.8872	30.7874	30.7984	30.7887	30.8847	30.6715	30.7069	30.7052	30.5754	30.4198	30.5047	30.5170	30.4490	30.1460	30.4530	30.3366	30.1973	30.2679	30.3151	30.2886	30.2737	30.3686	30.2500	30.3316	30.3692	30.3018	30.1730	30.1952	30.2655	30.3010	30.2194	30.1276	30.2795	30.2467	30.1763	30.2035	30.1835	30.2529	30.1581	30.3300	30.2843	30.3146	30.3532	30.3581	30.4570	30.4579	30.5098	30.4456	30.5005	30.6342	30.5037	30.3755	30.4376	30.4652	30.3990	30.3293	30.3691	30.1340	30.3430	30.3677	30.1837	30.2458	30.5000	30.4371	30.3052	30.6551	30.5968	30.7865	30.9822	30.8784	30.8346	30.7902	30.7631	30.8086	30.8492	30.7803	30.8374	30.6989	30.6175	30.6070	30.7674	30.6161	30.6817	30.7882	30.6701	30.6809	30.7159	30.7592	30.7394	30.7816	30.6050	30.6431	30.8112	30.7877	30.6981	30.7692	30.5451	30.7550	30.6970	30.6028	30.8508	30.7458	30.7910	30.4383	30.6833	30.5387	30.5533	30.4006	30.5105	30.4946	30.5330	30.4835	30.5216	30.3941	30.6338	30.5516	30.6011	30.4702	30.5139	30.3762	30.3001	30.3297	30.2237	30.0150	30.1865	30.2753	30.0470	30.1725	30.0516	29.7755	29.8777	30.0852	29.8380	29.7418	29.8822	29.7830	29.3809	29.9295	29.2936	29.3143	29.0083	29.2629	29.1821	28.7059	29.2217	28.8844	28.8922	29.4157	29.0158	28.8464	28.4411	28.9538	28.2171	28.2934	28.4876	28.3648	28.1995	27.8760	28.5900	27.7633	27.5490	27.5878	27.4514	27.3203	26.7881	27.6011	26.7518	26.3147	26.3220	25.7313	25.8762	25.2139	25.3437	24.9989	24.2093	23.5239	23.0119	23.8230	22.5291	22.2565	22.3452	21.3202	20.4713	19.2649	19.6684	19.4668	18.7407	17.2991	17.4181	16.4396	16.3111	14.7243	14.8863	14.8376	14.7447	12.7645	12.2441	12.7132	11.6232	9.7188	10.2179	9.8283	8.2596	8.1738	7.5360	7.2339	6.6954	5.7831	5.9022	4.9175	3.6060	2.9088	2.0910	0.8963	0.2500	1.1790	2.7160	4.6297	5.6603
30.9821	31.0826	30.9408	30.9421	30.9405	30.9715	31.0595	30.9196	31.0225	30.9527	30.8913	30.9164	30.9972	30.7703	30.8098	30.8914	30.7873	30.5876	30.6265	30.6653	30.4355	30.2831	30.4667	30.2886	30.2032	30.2312	30.2188	30.1142	30.1345	30.1699	30.1704	30.2508	30.2175	30.1697	30.0281	30.0972	30.0976	30.1871	30.0094	30.0016	30.1381	30.1400	29.9517	29.9915	30.0872	30.1288	29.9846	30.0796	30.1274	30.1843	30.1091	30.0831	30.0616	30.1229	30.2375	30.1612	30.1308	30.2531	30.2923	30.3199	30.4848	30.6277	30.4248	30.3807	30.4194	30.4781	30.4135	30.2079	30.3668	30.3372	30.3507	30.3307	30.4195	30.3220	30.4399	30.4998	30.6435	30.5502	30.5816	30.8214	30.9288	31.0539	30.9250	30.8894	30.9025	30.8860	30.7997	30.8442	30.8274	30.8741	30.7911	30.7732	30.6975	30.6793	30.8688	30.8259	30.8326	30.9129	30.6765	30.8250	30.9303	30.5959	30.8956	30.6831	30.9142	30.8578	30.8223	30.9115	30.8185	30.8710	30.7926	30.7912	30.7255	30.7302	30.7516	30.5957	30.7774	30.7904	30.8000	30.9135	30.7307	30.7702	30.8011	30.5657	30.8245	30.7684	30.7503	30.6569	30.6887	30.6405	30.7599	30.7190	30.5990	30.6447	30.6237	30.5792	30.6410	30.5275	30.4649	30.4559	30.4192	30.1943	30.4816	30.2228	30.1636	29.9993	30.5014	30.0792	29.8843	30.0083	30.1283	29.9406	29.7672	29.8307	29.8795	29.6943	29.7236	29.8666	29.8791	29.7635	29.7293	29.6311	29.5354	29.2282	29.5044	29.3430	29.1741	28.9205	29.2607	28.7728	28.3260	28.7887	28.6353	28.5628	28.4543	27.9041	28.0162	28.1702	27.7042	27.8459	28.4962	27.1953	27.0609	26.5693	26.7429	26.3047	26.7461	25.4883	26.4452	24.8199	25.2818	25.3680	25.0455	23.6908	22.8046	23.3295	23.0815	21.5944	22.7242	20.9233	19.9254	19.2455	20.1223	19.4707	16.5408	16.5291	17.9091	16.0892	14.2309	14.5905	15.1050	12.9269	12.0353	12.3480	12.1875	10.4766	10.0749	9.8213	8.5494	7.8661	7.5441	7.0783	5.1507	4.6444	2.9015	2.4495	1.0157	0.2500	1.3889	2.7597	4.6268
30.9120	31.0060	30.9027	30.8765	30.9637	30.8144	30.9848	30.8061	30.8885	30.8817	30.7461	30.7940	30.8405	30.6963	30.6867	30.7794	30.7597	30.6318	30.5793	30.5977	30.4124	30.0503	30.3740	30.2185	30.2378	30.0306	30.3360	30.1154	30.1720	30.1788	30.1508	30.2720	30.1802	30.4094	30.2510	30.2857	30.1761	30.3645	30.2520	29.9604	30.3414	30.2867	30.1919	30.2189	30.4195	30.2943	30.2267	30.3170	30.2977	30.3503	30.3305	30.1981	30.2772	30.2806	30.3955	30.4975	30.3200	30.6263	30.5368	30.5843	30.6089	30.5622	30.3968	30.3598	30.4080	30.4871	30.4827	30.3531	30.4317	30.3963	30.5072	30.3923	30.5464	30.4425	30.3995	30.4997	30.5728	30.5880	30.7342	30.7281	31.1567	31.2480	31.0606	31.0870	31.0688	31.0570	31.1025	31.0665	31.0512	31.0874	30.9735	30.9597	30.9579	30.9610	30.9020	31.0904	30.9820	30.9097	30.9539	30.8224	31.0329	31.0133	30.9883	30.9566	30.9439	30.9653	30.8684	31.0550	31.0455	30.9040	30.8088	30.9503	30.8957	30.8305	30.8689	30.8465	31.0100	30.7294	30.9645	30.7985	30.8467	30.8183	30.9309	30.8514	30.8514	30.9398	30.9690	30.8724	30.7443	30.9286	30.9679	30.6632	30.7238	30.6654	30.6790	30.5832	30.5499	30.5057	30.3771	30.3847	30.6250	30.5571	30.5478	30.4776	30.3199	30.2006	30.2129	30.4088	29.9961	30.1878	30.0886	30.1390	29.9577	29.9052	30.1942	29.7581	30.1368	30.0736	30.0238	30.2260	29.8156	30.0614	30.1258	29.8592	29.6861	29.9830	29.6849	29.6273	29.7720	29.5036	29.7223	29.6042	29.2880	29.2326	29.3653	28.9905	29.1823	28.6331	29.2307	28.8197	28.6537	28.4489	28.5538	27.9825	27.7778	27.2529	27.9734	27.0253	27.0445	27.1173	26.4624	26.5644	26.1528	26.7253	24.8170	24.3150	24.7178	24.6604	23.7726	22.3542	22.9407	22.2626	21.7191	21.2071	20.4586	19.7550	19.3582	18.3445	17.9088	17.6054	16.9480	14.7902	14.2567	14.3343	13.6003	12.1156	11.9081	11.6969	10.1738	9.1693	9.2848	8.0786	7.0928	5.5161	4.7035	3.5137	2.7964	1.0987	0.2500	1.2145	2.8506
30.9898	31.1236	31.0611	30.9719	31.0737	31.0208	31.1104	30.9743	31.0723	30.8073	30.8497	31.0257	30.9606	30.7473	30.7172	30.7930	30.6824	30.5456	30.5949	30.6333	30.4963	30.1880	30.3725	30.2131	30.2057	30.0556	30.1458	30.0819	29.8656	29.9618	29.9792	29.8654	30.0469	30.1460	30.0999	30.1640	29.9994	30.1889	30.1835	29.9357	30.2309	30.1035	30.0980	30.0372	30.0906	30.1072	30.0941	30.1188	30.1325	30.3070	30.2451	30.1953	30.1962	30.2878	30.2621	30.3175	30.3634	30.4973	30.3592	30.4822	30.5164	30.6080	30.3989	30.4381	30.3892	30.4903	30.3219	30.2248	30.3995	30.4024	30.4430	30.4439	30.5128	30.2668	30.3433	30.5587	30.6498	30.5657	30.7535	30.6985	31.1629	31.1938	31.1109	31.0508	31.0616	31.0463	31.1227	31.0386	31.0309	30.9774	31.0007	30.9642	30.9585	31.0060	30.9726	31.0160	31.0088	31.0461	31.0028	30.9553	30.8887	31.0244	31.0652	31.0115	30.9491	31.0417	31.0438	31.0291	30.9805	30.9063	30.9064	30.9525	31.0284	30.9506	30.9653	30.9642	31.0708	31.0797	31.1445	30.9973	31.0326	30.9400	31.0340	31.0641	31.0060	30.9654	30.9903	31.1026	30.9429	31.0312	31.1662	30.9199	31.0166	31.0098	30.7883	30.9083	30.8950	30.8739	30.6870	30.7481	30.7623	30.7002	30.8669	30.9826	30.7481	30.5875	30.7369	30.8959	30.7442	30.5852	30.2719	30.7184	30.5776	30.7977	30.6481	30.4177	30.3942	30.6216	30.6888	30.6076	30.4039	30.5739	30.3701	30.4877	30.5447	30.2275	30.2988	30.4456	29.9094	30.3168	30.2713	30.0807	30.0291	30.0544	29.7233	30.0913	29.8604	29.6013	29.8154	29.9476	29.5603	29.7055	29.0512	28.4199	29.1130	28.7517	28.7309	28.9198	28.7725	28.7366	27.7465	28.6397	28.3861	28.0758	27.1346	27.6928	27.7378	27.0272	26.2961	26.6397	26.5476	24.9449	25.0097	25.0010	24.3995	23.0338	23.8115	23.8032	21.4442	20.2479	20.7566	19.8600	18.3970	18.0898	17.9541	15.5879	15.1894	14.5422	14.3028	12.3182	11.4758	11.6727	9.0383	8.5902	5.7536	5.2789	3.5602	2.6166	1.0921	0.2501	1.5160
31.0400	31.1475	31.1688	31.0279	31.1260	31.0334	31.1349	31.0129	30.9768	30.9786	31.0500	31.0507	30.8535	30.9098	30.7205	30.8125	30.7037	30.7446	30.5777	30.6755	30.6174	30.3227	30.5575	30.4784	30.4425	30.1526	30.2603	30.3264	30.0981	30.2447	30.3523	30.0889	30.1721	30.3077	30.1893	30.2230	30.4618	30.4862	30.3460	30.3262	30.2580	30.4642	30.2252	30.2152	30.3153	30.3922	30.2326	30.2440	30.2652	30.2085	30.3101	30.3609	30.5014	30.2643	30.4818	30.4403	30.5256	30.6065	30.5507	30.5110	30.6464	30.5759	30.6078	30.5670	30.6700	30.5796	30.5683	30.5788	30.5018	30.5484	30.6576	30.5246	30.5554	30.4801	30.5120	30.6988	30.7119	30.6622	30.8476	30.6322	31.1057	31.2322	31.1127	31.1161	31.0688	31.0097	31.1730	31.1783	31.1526	31.0798	31.0454	30.9855	31.0193	31.0840	31.0352	31.1010	31.0970	31.0732	31.1384	31.0077	31.0300	31.1176	31.0749	30.9763	31.0589	30.9239	30.9970	31.1320	31.0501	31.0228	30.9615	31.0634	31.0380	30.9665	31.0386	30.9221	30.9601	31.0504	31.1234	31.0503	30.9141	31.0129	31.1577	31.0726	30.9569	31.0088	31.0248	31.0733	30.9513	31.0144	31.1769	31.0498	30.9146	30.9784	30.9187	30.8490	30.9223	30.8288	30.8132	30.7831	30.6322	30.7007	30.8607	30.8396	30.7431	30.6707	30.7037	30.5160	30.2471	30.5783	30.6790	30.4571	30.4074	30.7424	30.6061	30.2303	30.2796	30.6359	30.6745	30.5893	30.5434	30.3622	30.7339	30.3964	30.2725	30.2663	30.3478	29.9113	30.2223	30.1991	30.0788	30.0733	29.9790	29.9641	29.9751	29.7326	30.0199	29.4636	29.8271	29.6634	29.6274	29.7994	29.3144	28.8841	29.5463	29.4890	29.2737	28.9428	28.9827	28.7336	28.5784	29.0526	28.5143	28.0650	28.0118	27.9087	27.6523	27.5520	27.2375	26.7468	26.2784	26.4379	26.3451	25.4663	25.6928	25.0689	25.0118	23.5800	23.7302	22.7167	22.1393	20.9792	20.1986	20.4705	19.3134	17.1603	17.4745	17.0079	15.3451	13.7256	14.4245	13.3502	11.1005	9.6429	8.4081	6.8301	5.7973	4.3864	3.3128	1.5137	0.2899
